"sku","eta"
"alg11631010fr001","2023-12-07 00:00:00"
"sea77265en3710","2023-10-31 00:00:00"
"alg11632010fr001","2023-12-07 00:00:00"
"alg11778010fr001","2023-12-07 00:00:00"
"alg11779010fr001","2023-12-07 00:00:00"
"alg034350010fr001","2023-12-07 00:00:00"
"alg034351010fr001","2023-12-07 00:00:00"
"alg034832046fr001","2023-12-07 00:00:00"
"alg11782010fr001","2023-12-07 00:00:00"
"alg11722010fr001","2023-12-07 00:00:00"
"alg035555010fr001","2023-12-01 00:00:00"
"alg036855010fr001","2023-12-07 00:00:00"
"alg037773038fr001","2023-12-07 00:00:00"
"alg031953010fr001","2023-12-07 00:00:00"
"alg037054014fr001","2023-12-07 00:00:00"
"alg036557010fr001","2023-12-07 00:00:00"
"alg036657010fr001","2023-12-07 00:00:00"
"alg012174010fr001","2023-12-07 00:00:00"
"alg11760010fr105","2023-12-07 00:00:00"
"alg11762010fr105","2023-12-07 00:00:00"
"alg020573010fr001","2023-12-07 00:00:00"
"alg021053010fr001","2023-12-07 00:00:00"
"alg026350010fr000","2023-12-07 00:00:00"
"alg026352010fr000","2023-12-07 00:00:00"
"alg029850038fr001","2023-12-07 00:00:00"
"alg030650010fr001","2023-12-07 00:00:00"
"alg026320010fr000","2023-11-20 00:00:00"
"crystalw6093","2023-12-07 00:00:00"
"alg11196010fr001","2023-12-07 00:00:00"
"crystal6091","2023-12-07 00:00:00"
"sea4418504en305","2023-10-31 00:00:00"
"alg028251010fr001","2023-12-07 00:00:00"
"alg026220010fr001","2023-12-07 00:00:00"
"alg030652010fr001","2023-12-07 00:00:00"
"alg031322010fr001","2023-12-07 00:00:00"
"klc506152vsl","2023-12-07 00:00:00"
"klc513645bwb","2023-11-20 00:00:00"
"klc514555gld","2023-12-07 00:00:00"
"klc514691gld","2023-12-07 00:00:00"
"klc6271psn","2023-12-07 00:00:00"
"klc6272psn","2023-12-07 00:00:00"
"klc7048fg","2023-12-07 00:00:00"
"klc9163pd","2023-11-17 00:00:00"
"alg029851038fr001","2023-11-20 00:00:00"
"alg030257010","2023-11-20 00:00:00"
"crystal6069","2023-11-20 00:00:00"
"alg033651014fr001","2023-11-20 00:00:00"
"alg028254010fr001","2023-12-07 00:00:00"
"alg034860046fr001","2023-12-07 00:00:00"
"klc514891gd","2023-12-07 00:00:00"
"crystal6139","2023-12-07 00:00:00"
"alg012172045fr001","2023-12-01 00:00:00"
"alg033252014fr001","2023-12-07 00:00:00"
"alg033260014fr001","2023-12-07 00:00:00"
"alg028253010fr001","2023-12-27 00:00:00"
"alg030651010fr001","2023-11-20 00:00:00"
"klc504921mi","2023-12-07 00:00:00"
"alg012121010fr001","2023-12-07 00:00:00"
"crystal6110","2023-12-07 00:00:00"
"alg037345052fr001","2023-12-07 00:00:00"
"alg030258010","2023-12-27 00:00:00"
"crystal6071","2023-12-27 00:00:00"
"klc509191osl","2023-12-07 00:00:00"
"klc514921mb","2023-11-20 00:00:00"
"klc514955mb","2023-12-07 00:00:00"
"klc514961mb","2023-12-07 00:00:00"
"klc514962mb","2023-12-07 00:00:00"
"klc515091ol","2023-12-07 00:00:00"
"klc515256mb","2023-12-07 00:00:00"
"klc515261mb","2023-12-07 00:00:00"
"klc515345mb","2023-12-07 00:00:00"
"klc515355mb","2023-12-07 00:00:00"
"klc515361mb","2023-12-07 00:00:00"
"klc515461mb","2023-12-07 00:00:00"
"klc515541mb","2023-12-07 00:00:00"
"klc515556mb","2023-12-07 00:00:00"
"klc515561mb","2023-12-07 00:00:00"
"alg028210010fr001","2023-12-07 00:00:00"
"alg033970044fr001","2023-12-07 00:00:00"
"alg036150052fr001","2023-12-07 00:00:00"
"klc514956mb","2023-12-07 00:00:00"
"klc515021ol","2023-12-07 00:00:00"
"klc9422bb","2023-12-07 00:00:00"
"alg012121045fr001","2023-12-07 00:00:00"
"alg035721010fr001","2023-12-07 00:00:00"
"alg036555010fr001","2023-12-07 00:00:00"
"alg036556010fr001","2023-12-07 00:00:00"
"alg027920038fr001","2023-12-07 00:00:00"
"alg037951010fr001","2023-12-07 00:00:00"
"alg037952010fr001","2023-12-07 00:00:00"
"crystal6142","2023-12-07 00:00:00"
"klc6607ez","2023-11-09 00:00:00"
"crystalw7951","2023-12-07 00:00:00"
"crystalw7970","2023-12-07 00:00:00"
"crystalw7952","2023-12-07 00:00:00"
"crystalw7950","2023-12-07 00:00:00"
"sea3280409en846","2023-10-31 00:00:00"
"sea5240603en12","2023-10-31 00:00:00"
"sea8262en46","2023-10-31 00:00:00"
"sea8459en46","2023-10-31 00:00:00"
"sea44808en3962","2023-10-31 00:00:00"
"sea49119en3962","2023-10-31 00:00:00"
"sea5224503en3710","2023-10-31 00:00:00"
"sea66160en305","2023-10-31 00:00:00"
"sea8236301en371","2023-10-31 00:00:00"
"sea8247901en312","2023-10-31 00:00:00"
"sea8462den344","2023-10-31 00:00:00"
"sea89937en312","2023-11-28 00:00:00"
"sea88243en312","2023-10-31 00:00:00"
"sea88244en3780","2023-10-31 00:00:00"
"sea8436301en312","2023-10-31 00:00:00"
"sea6513703en3962","2023-10-31 00:00:00"
"sea3139012en3962","2023-10-31 00:00:00"
"sea4130701en3710","2023-10-31 00:00:00"
"sea4430702en3710","2023-10-31 00:00:00"
"sea4430704en3710","2023-10-31 00:00:00"
"sea60531en3746","2023-10-31 00:00:00"
"sea5134504en710","2023-10-31 00:00:00"
"sea5234508en710","2023-10-31 00:00:00"
"sea5234508en848","2023-10-31 00:00:00"
"sea5234508en872","2023-10-31 00:00:00"
"sea5234508en962","2023-10-31 00:00:00"
"sea8593001en315","2023-10-31 00:00:00"
"sea3139803en3710","2023-10-31 00:00:00"
"sea3139805en3710","2023-10-31 00:00:00"
"sea3139809en3710","2023-10-31 00:00:00"
"sea3139812en3710","2023-10-31 00:00:00"
"sea3139812en3962","2023-10-31 00:00:00"
"sea3121603en3710","2023-10-31 00:00:00"
"sea3121609en3710","2023-10-31 00:00:00"
"sea3121612en3962","2023-10-31 00:00:00"
"sea5134903en710","2023-10-31 00:00:00"
"sea8238651en312","2023-10-31 00:00:00"
"sea8738751en312","2023-10-31 00:00:00"
"sea8738751en371","2023-10-31 00:00:00"
"sea8838751en371","2023-10-31 00:00:00"
"sea8552701en371","2023-10-31 00:00:00"
"sea8790901d71","2023-10-31 00:00:00"
"sea8890901d12","2024-02-07 00:00:00"
"sea8890901d71","2023-10-31 00:00:00"
"sea8890901den371","2023-10-31 00:00:00"
"sea8890901en371","2023-10-31 00:00:00"
"kic8116oz","2023-10-28 00:00:00"
"alg025740010fr001","2023-12-07 00:00:00"
"kic45392bk","2023-11-17 00:00:00"
"far239746","2023-11-17 00:00:00"
"sea6634507en710","2023-10-31 00:00:00"
"sea83057en312","2023-12-05 00:00:00"
"farw240800","2023-11-09 00:00:00"
"farw240803","2023-12-07 00:00:00"
"sea3113708en3962","2023-10-31 00:00:00"
"sea3187204en965","2023-11-07 00:00:00"
"sea6528803en3710","2023-10-31 00:00:00"
"sea6590501en3112","2023-11-07 00:00:00"
"sea66160en3112","2023-10-31 00:00:00"
"sea7579452en3848","2023-11-07 00:00:00"
"sea7579452en3965","2023-12-05 00:00:00"
"sea77063en315","2023-11-07 00:00:00"
"sea77065en3112","2023-10-31 00:00:00"
"sea8620701en371","2023-12-20 00:00:00"
"sea3102803en3112","2023-11-07 00:00:00"
"sea3102805en3710","2023-11-07 00:00:00"
"sea3102809en3710","2023-11-07 00:00:00"
"sea3102809en3848","2023-11-07 00:00:00"
"sea31162en3112","2023-10-31 00:00:00"
"sea3120209en3710","2023-10-31 00:00:00"
"sea3124303en05","2023-11-07 00:00:00"
"sea3124303en962","2023-11-07 00:00:00"
"sea3128803en3710","2023-10-31 00:00:00"
"sea3128809en3710","2023-10-31 00:00:00"
"sea3128905en3710","2024-01-16 00:00:00"
"sea3128905en3962","2023-10-31 00:00:00"
"sea3137303en3710","2024-06-05 00:00:00"
"sea3139003en3710","2023-10-31 00:00:00"
"sea3139005en3710","2023-10-31 00:00:00"
"sea3139012en3710","2023-10-31 00:00:00"
"sea3190309en05","2023-10-31 00:00:00"
"sea3220205en3962","2023-10-31 00:00:00"
"sea3287204en962","2023-11-07 00:00:00"
"sea4120201en305","2023-10-31 00:00:00"
"sea4128901en3962","2023-10-31 00:00:00"
"sea4415204en3710","2023-10-31 00:00:00"
"sea4428902en305","2023-10-31 00:00:00"
"sea4428902en3112","2023-10-31 00:00:00"
"sea4428902en3710","2023-10-31 00:00:00"
"sea4428904en3112","2023-10-31 00:00:00"
"sea4439002en3710","2023-10-31 00:00:00"
"sea44806en305","2023-10-31 00:00:00"
"sea44806en3710","2023-10-31 00:00:00"
"sea44807en3710","2023-10-31 00:00:00"
"sea44808en3710","2023-10-31 00:00:00"
"sea5134503en848","2023-10-31 00:00:00"
"sea5134504en848","2023-10-31 00:00:00"
"sea5134508en848","2023-10-31 00:00:00"
"sea5134508en962","2023-10-31 00:00:00"
"sea5134903en05","2023-10-31 00:00:00"
"sea5179453en962","2023-11-07 00:00:00"
"sea5191004en962","2023-11-07 00:00:00"
"sea5191004en965","2023-11-07 00:00:00"
"sea5279404en962","2023-11-07 00:00:00"
"sea5279453en962","2023-11-07 00:00:00"
"sea5279454en962","2023-11-07 00:00:00"
"sea5340604en710","2023-10-31 00:00:00"
"sea5692605en112","2024-02-01 00:00:00"
"sea6102801en3710","2023-11-07 00:00:00"
"sea6514401en3848","2023-10-31 00:00:00"
"sea6516501en305","2023-10-31 00:00:00"
"sea6526303en872","2023-10-31 00:00:00"
"sea6590501en3962","2023-12-13 00:00:00"
"sea6615203en3710","2023-10-31 00:00:00"
"sea6628003en3710","2023-10-31 00:00:00"
"sea6651701en305","2023-10-31 00:00:00"
"sea6651801en305","2023-10-31 00:00:00"
"sea6701801en7848","2023-10-31 00:00:00"
"sea7679454en3848","2023-11-07 00:00:00"
"sea7679454en3962","2023-11-07 00:00:00"
"sea77063en3112","2023-10-31 00:00:00"
"sea7716502en3710","2023-10-31 00:00:00"
"sea7716503en3710","2023-10-31 00:00:00"
"sea7716504en3112","2023-10-31 00:00:00"
"sea8238751en371","2023-10-31 00:00:00"
"sea8248401en371","2023-11-07 00:00:00"
"sea831380110t","2023-10-31 00:00:00"
"sea8438751en371","2023-10-31 00:00:00"
"sea8638751en312","2023-10-31 00:00:00"
"sea8638751en371","2023-10-31 00:00:00"
"sea8718301en304","2023-10-31 00:00:00"
"sea8748401en312","2023-11-07 00:00:00"
"sea8748401en371","2023-11-07 00:00:00"
"klc9002bb","2023-12-01 00:00:00"
"alg027620010fr001","2023-12-07 00:00:00"
"alg11272010fr001","2023-12-07 00:00:00"
"alg027620038fr001","2023-12-07 00:00:00"
"kic49926oz","2023-11-01 00:00:00"
"crystalw7965","2023-12-07 00:00:00"
"crystal6109","2023-12-07 00:00:00"
"klc505554bi","2023-12-07 00:00:00"
"klc506141vsl","2023-12-07 00:00:00"
"sea4123en315","2023-10-31 00:00:00"
"sea5134908en710","2023-10-31 00:00:00"
"sea6020en304","2023-10-31 00:00:00"
"sea4411602en3710","2023-10-31 00:00:00"
"sea7546701en371","2023-10-31 00:00:00"
"sea31162en3710","2023-10-31 00:00:00"
"sea3121612en3710","2023-10-31 00:00:00"
"alg028541017fr001","2023-12-27 00:00:00"
"alg033610014fr001","2023-12-07 00:00:00"
"alg026221018fr001","2023-12-01 00:00:00"
"alg028540017fr001","2023-12-27 00:00:00"
"alg020973010fr001","2023-12-07 00:00:00"
"farw242018","2023-12-07 00:00:00"
"sea82240en3780","2023-10-31 00:00:00"
"sea84532en3746","2023-10-31 00:00:00"
"alg020243010fr001","2023-12-07 00:00:00"
"sea3113209en3715","2023-10-31 00:00:00"
"sea7513702en3962","2023-10-31 00:00:00"
"alg11276010fr001","2023-12-07 00:00:00"
"alg030256038","2023-12-07 00:00:00"
"klc513673bwb","2023-12-01 00:00:00"
"crystal6068","2023-12-07 00:00:00"
"sea75446en3710","2023-10-31 00:00:00"
"alg11663010fr001","2023-12-07 00:00:00"
"alg012170010fr001","2023-12-07 00:00:00"
"alg028753017fr001","2023-12-07 00:00:00"
"alg027621010fr001","2023-12-07 00:00:00"
"alg035320010fr001","2023-12-07 00:00:00"
"alg035920003fr001","2023-12-07 00:00:00"
"alg035558010fr001","2023-12-07 00:00:00"
"alg030232010","2023-12-07 00:00:00"
"alg036551010fr001","2023-12-07 00:00:00"
"alg028252010fr001","2023-12-27 00:00:00"
"sea77160en3112","2023-10-31 00:00:00"
"crystal6079","2023-12-07 00:00:00"
"crystal6094","2023-12-07 00:00:00"
"crystal6104","2023-12-07 00:00:00"
"crystal6145","2023-12-07 00:00:00"
"crystal6052","2023-12-07 00:00:00"
"sea4124501en3962","2023-10-31 00:00:00"
"alg11715010fr001","2023-12-07 00:00:00"
"klc6311ps","2023-12-07 00:00:00"
"klc6312ps","2023-12-07 00:00:00"
"sea8238651en371","2023-10-31 00:00:00"
"sea3128805en3710","2023-10-31 00:00:00"
"klc7040fg","2023-12-07 00:00:00"
"klc7042fg","2023-12-15 00:00:00"
"farw240801","2023-12-07 00:00:00"
"alg11197010fr001","2023-12-07 00:00:00"
"alg11639010fr001","2023-12-07 00:00:00"
"alg029441010fr001","2023-11-20 00:00:00"
"alg11196038fr001","2023-12-07 00:00:00"
"alg11197038fr001","2023-11-09 00:00:00"
"alg035061010fr001","2023-12-07 00:00:00"
"alg037458014fr001","2023-12-07 00:00:00"
"alg031951010fr001","2023-12-07 00:00:00"
"alg036661010fr001","2023-12-07 00:00:00"
"alg11425010fr001","2023-12-07 00:00:00"
"alg025741018fr001","2023-12-07 00:00:00"
"sea3113704en3962","2023-10-31 00:00:00"
"crystalw7955","2023-12-07 00:00:00"
"crystal6116","2023-12-07 00:00:00"
"klc9017mb","2023-12-27 00:00:00"
"klc9007mb","2023-12-07 00:00:00"
"klc9012bb","2023-12-07 00:00:00"
"klc9417bb","2023-12-07 00:00:00"
"klc9413mb","2023-12-07 00:00:00"
"klc9002mb","2023-12-07 00:00:00"
"klc2893vi","2023-12-01 00:00:00"
"klc2894vi","2023-12-01 00:00:00"
"klc2913ac","2023-12-07 00:00:00"
"klc4651sn","2023-12-07 00:00:00"
"klc6311ac","2023-11-17 00:00:00"
"klc6312ac","2023-12-01 00:00:00"
"klc6314ac","2023-12-01 00:00:00"
"klc7045fg","2023-12-07 00:00:00"
"klc9003bb","2023-12-07 00:00:00"
"klc9007bb","2023-12-07 00:00:00"
"klc9012mb","2023-12-07 00:00:00"
"klc300480ch","2023-12-07 00:00:00"
"klc300481ch","2023-12-07 00:00:00"
"klc300482ch","2023-12-07 00:00:00"
"klc300484ch","2023-12-27 00:00:00"
"klc400601mz","2023-12-07 00:00:00"
"klc400621mz","2023-11-06 00:00:00"
"klc400650bd","2023-11-06 00:00:00"
"klc400650mz","2023-12-07 00:00:00"
"klc500253fg","2023-12-07 00:00:00"
"klc500522ch","2023-12-07 00:00:00"
"klc501140sm","2023-12-07 00:00:00"
"klc312132vbz","2023-12-07 00:00:00"
"klc313533brb","2023-12-07 00:00:00"
"klc504152bzg","2023-12-07 00:00:00"
"klc504160bzg","2023-12-07 00:00:00"
"klc6313ps","2023-12-07 00:00:00"
"klc6314ps","2023-12-07 00:00:00"
"klc310472wvb","2023-12-07 00:00:00"
"klc315410bpn","2023-12-07 00:00:00"
"klc315531sn","2023-12-07 00:00:00"
"klc315532ch","2023-11-20 00:00:00"
"klc315534ch","2023-11-20 00:00:00"
"klc504821bs","2023-12-07 00:00:00"
"klc504841bs","2023-12-07 00:00:00"
"klc505553bi","2023-12-07 00:00:00"
"klc505420ol","2023-11-04 00:00:00"
"klc507771bi","2023-12-07 00:00:00"
"klc507720bi","2023-12-01 00:00:00"
"klc507760bi","2023-12-07 00:00:00"
"klc505271rm","2023-11-04 00:00:00"
"klc506451mg","2023-12-07 00:00:00"
"klc506452mg","2023-12-07 00:00:00"
"klc305034pn","2023-12-27 00:00:00"
"klc507621ol","2023-12-15 00:00:00"
"klc507651ol","2023-12-07 00:00:00"
"klc311731wb","2023-11-20 00:00:00"
"klc311750wb","2023-12-07 00:00:00"
"klc311751wb","2023-12-27 00:00:00"
"klc316333gn","2023-12-07 00:00:00"
"klc316334gn","2023-12-07 00:00:00"
"klc404451fg","2023-12-07 00:00:00"
"klc404850cm","2023-12-07 00:00:00"
"klc404851cm","2023-12-07 00:00:00"
"klc506220mgm","2023-12-07 00:00:00"
"klc507541bi","2023-12-07 00:00:00"
"klc507920bmg","2024-01-23 00:00:00"
"klc508220hb","2023-12-07 00:00:00"
"klc508532bpn","2023-12-07 00:00:00"
"klc508533bpn","2023-12-07 00:00:00"
"klc508534bpn","2023-12-07 00:00:00"
"klc508535bpn","2023-12-07 00:00:00"
"klc409352bm","2023-12-07 00:00:00"
"klc508620pn","2023-12-07 00:00:00"
"klc508640pn","2023-12-07 00:00:00"
"klc508650pn","2023-12-07 00:00:00"
"klc508660pn","2023-12-07 00:00:00"
"klc508670pn","2023-12-07 00:00:00"
"klc508920sz","2023-12-07 00:00:00"
"klc508932sz","2023-12-07 00:00:00"
"klc508961sz","2023-12-07 00:00:00"
"klc508970sz","2023-12-07 00:00:00"
"klc509232bi","2023-12-07 00:00:00"
"klc509234bi","2023-12-07 00:00:00"
"klc511550wb","2023-12-07 00:00:00"
"klc511560wb","2023-12-07 00:00:00"
"klc511622ch","2023-12-07 00:00:00"
"klc511660ch","2023-12-07 00:00:00"
"klc511671ch","2023-12-07 00:00:00"
"klc511672ch","2023-12-07 00:00:00"
"klc511675ch","2023-12-07 00:00:00"
"klc511721mg","2023-12-07 00:00:00"
"klc511771mg","2023-12-07 00:00:00"
"klc405122mb","2023-12-07 00:00:00"
"klc405221mb","2023-12-07 00:00:00"
"klc405222mb","2023-12-07 00:00:00"
"klc405321mbw","2023-12-07 00:00:00"
"klc405322mbw","2023-12-07 00:00:00"
"klc512555wb","2023-12-07 00:00:00"
"klc513021wb","2023-11-20 00:00:00"
"klc513022wb","2023-11-30 00:00:00"
"klc513061wb","2023-12-07 00:00:00"
"klc513071wb","2023-12-07 00:00:00"
"klc513072wb","2023-12-07 00:00:00"
"klc513073wb","2023-12-07 00:00:00"
"klc513131bnb","2023-12-07 00:00:00"
"klc513132bnb","2023-12-07 00:00:00"
"klc513141bnb","2023-12-07 00:00:00"
"klc513172bnb","2023-12-07 00:00:00"
"klc513241pn","2023-12-07 00:00:00"
"klc513252pn","2023-12-07 00:00:00"
"klc513255pn","2023-11-30 00:00:00"
"klc513311pn","2023-12-07 00:00:00"
"klc512112pn","2023-12-07 00:00:00"
"klc512141pn","2023-12-07 00:00:00"
"klc512141wb","2023-12-07 00:00:00"
"klc512142pn","2023-11-09 00:00:00"
"klc512142wb","2023-12-07 00:00:00"
"klc512155pn","2023-12-07 00:00:00"
"klc512156pn","2023-12-07 00:00:00"
"klc512156wb","2023-12-07 00:00:00"
"klc302831vbz","2023-12-07 00:00:00"
"klc302832sn","2023-12-07 00:00:00"
"klc302832vbz","2023-12-07 00:00:00"
"klc308432wb","2023-11-09 00:00:00"
"klc308434wb","2023-12-27 00:00:00"
"klc308435wb","2023-12-07 00:00:00"
"klc308470wb","2023-12-07 00:00:00"
"klc308471wb","2023-12-07 00:00:00"
"klc309510chaqua","2023-12-07 00:00:00"
"klc309510chclear","2023-12-07 00:00:00"
"klc309510chsapph","2023-12-07 00:00:00"
"klc309520chamber","2023-12-07 00:00:00"
"klc309520chaqua","2023-12-07 00:00:00"
"klc309520chclear","2023-12-07 00:00:00"
"klc309540chamber","2023-12-07 00:00:00"
"klc309540chaqua","2023-12-07 00:00:00"
"klc309540chclear","2023-12-07 00:00:00"
"klc309540chsapph","2023-12-07 00:00:00"
"klc309541chamber","2023-12-07 00:00:00"
"klc309541chaqua","2023-12-07 00:00:00"
"klc309541chclear","2023-12-07 00:00:00"
"klc309541chsapph","2023-12-07 00:00:00"
"klc310470sn","2023-12-07 00:00:00"
"klc310470wvb","2023-12-01 00:00:00"
"klc310471sn","2023-12-07 00:00:00"
"klc310472sn","2023-12-07 00:00:00"
"klc316431bm","2023-12-07 00:00:00"
"klc316433bm","2023-12-07 00:00:00"
"klc404422fg","2023-12-07 00:00:00"
"klc404500ai","2023-12-07 00:00:00"
"klc404520ai","2023-11-20 00:00:00"
"klc404522ai","2023-12-07 00:00:00"
"klc404921mb","2023-12-07 00:00:00"
"klc404922mb","2023-12-07 00:00:00"
"klc405021mb","2023-12-07 00:00:00"
"klc405022mb","2023-12-07 00:00:00"
"klc506822fg","2023-12-07 00:00:00"
"klc506840fg","2023-12-07 00:00:00"
"klc506851fg","2023-12-07 00:00:00"
"klc506873fg","2023-10-31 00:00:00"
"klc316531sn","2023-12-07 00:00:00"
"klc316532sn","2023-12-07 00:00:00"
"klc316533sn","2023-12-07 00:00:00"
"klc316534sn","2023-12-07 00:00:00"
"klc316535sn","2023-12-07 00:00:00"
"klc509961wb","2023-12-07 00:00:00"
"klc512922pn","2023-12-07 00:00:00"
"klc512952pn","2023-12-07 00:00:00"
"klc512961pn","2023-12-07 00:00:00"
"klc512971pn","2023-11-20 00:00:00"
"klc512972pn","2023-12-07 00:00:00"
"klc513135bnb","2023-12-07 00:00:00"
"klc513136bnb","2023-12-07 00:00:00"
"klc513421bpn","2023-12-07 00:00:00"
"klc513471bpn","2023-12-07 00:00:00"
"klc513473bpn","2023-12-07 00:00:00"
"klc316732pn","2023-12-07 00:00:00"
"klc316734pn","2023-12-07 00:00:00"
"klc513771bnb","2023-12-07 00:00:00"
"klc513772bnb","2023-12-07 00:00:00"
"klc514022mb","2023-12-07 00:00:00"
"klc514045mb","2023-12-07 00:00:00"
"klc514051mb","2023-12-07 00:00:00"
"klc514071mb","2023-12-07 00:00:00"
"klc514122bpn","2023-11-30 00:00:00"
"klc514161bpn","2023-12-07 00:00:00"
"klc514171bpn","2023-12-07 00:00:00"
"klc514172bpn","2023-12-07 00:00:00"
"klc514173bpn","2023-12-07 00:00:00"
"klc514323nb","2023-12-07 00:00:00"
"klc514323pn","2023-12-07 00:00:00"
"klc514361nb","2023-12-07 00:00:00"
"klc514361pn","2023-12-07 00:00:00"
"klc514371nb","2023-12-07 00:00:00"
"klc514371pn","2023-12-07 00:00:00"
"klc514372nb","2023-12-07 00:00:00"
"klc514372pn","2023-12-07 00:00:00"
"klc514373nb","2023-12-07 00:00:00"
"klc514373pn","2023-12-07 00:00:00"
"klc1821ba1219","2023-12-07 00:00:00"
"klc300485ch","2023-12-07 00:00:00"
"klc304821cg","2023-12-07 00:00:00"
"klc304921cg","2023-12-07 00:00:00"
"klc304950cg","2023-12-07 00:00:00"
"klc306432sn","2023-12-07 00:00:00"
"klc306433sn","2023-12-07 00:00:00"
"klc306434sn","2023-12-07 00:00:00"
"klc307533sn","2023-12-07 00:00:00"
"klc309282vbr","2023-12-07 00:00:00"
"klc309283vbr","2023-12-07 00:00:00"
"klc309284vbr","2023-12-07 00:00:00"
"klc310472bvb","2023-12-07 00:00:00"
"klc311340pn","2023-12-07 00:00:00"
"klc311341pn","2023-12-07 00:00:00"
"klc311342pn","2023-12-07 00:00:00"
"klc311354pn","2023-12-07 00:00:00"
"klc312131vbz","2023-12-07 00:00:00"
"klc312132sn","2023-12-07 00:00:00"
"klc312135sn","2023-12-27 00:00:00"
"klc312135vbz","2023-12-07 00:00:00"
"klc312420rg","2023-12-07 00:00:00"
"klc312421rg","2023-12-07 00:00:00"
"klc312621ch","2023-12-07 00:00:00"
"klc313032eb","2023-12-07 00:00:00"
"klc313032sn","2023-12-07 00:00:00"
"klc313033eb","2023-12-07 00:00:00"
"klc313033sn","2023-12-07 00:00:00"
"klc313034eb","2023-12-07 00:00:00"
"klc313034sn","2023-12-07 00:00:00"
"klc313531brb","2023-12-07 00:00:00"
"klc313532brb","2023-12-07 00:00:00"
"klc313532ch","2023-12-07 00:00:00"
"klc313534ch","2023-12-07 00:00:00"
"klc313731ch","2023-12-07 00:00:00"
"klc313731sn","2023-12-07 00:00:00"
"klc313732ch","2023-12-07 00:00:00"
"klc313732sn","2023-12-07 00:00:00"
"klc313734sn","2023-12-07 00:00:00"
"klc315034ch","2023-12-07 00:00:00"
"klc315035ch","2023-12-07 00:00:00"
"klc315131pn","2023-12-27 00:00:00"
"klc315131sn","2023-12-27 00:00:00"
"klc315134pn","2023-12-07 00:00:00"
"klc315134sn","2023-12-07 00:00:00"
"klc315232ch","2023-12-07 00:00:00"
"klc315234ch","2023-12-07 00:00:00"
"klc315451bpn","2023-12-07 00:00:00"
"klc315531ch","2023-12-07 00:00:00"
"klc390454db","2023-12-07 00:00:00"
"klc390456db","2023-12-27 00:00:00"
"klc390465db","2023-12-01 00:00:00"
"klc403800cp","2023-12-07 00:00:00"
"klc403850cp","2023-12-07 00:00:00"
"klc500570ch","2023-12-07 00:00:00"
"klc500571ch","2023-12-07 00:00:00"
"klc501051bjt","2023-12-07 00:00:00"
"klc501850mc","2023-12-07 00:00:00"
"klc504421gl","2023-12-07 00:00:00"
"klc504422gl","2023-12-27 00:00:00"
"sea3124305en05","2023-11-07 00:00:00"
"farw242019","2023-12-07 00:00:00"
"far118007","2023-12-07 00:00:00"
"farw240795","2023-12-07 00:00:00"
"far118001","2023-12-07 00:00:00"
"farw242045","2023-12-07 00:00:00"
"farw240257","2023-12-07 00:00:00"
"far240267","2023-11-20 00:00:00"
"klc505470ol","2023-12-07 00:00:00"
"klc505471ol","2023-12-07 00:00:00"
"klc505272rm","2023-12-27 00:00:00"
"klc507960bmg","2023-12-07 00:00:00"
"klc501123ps","2023-12-01 00:00:00"
"sea8988en315","2023-10-31 00:00:00"
"expedite","2022-05-13 00:00:00"
"klc315231ch","2023-12-07 00:00:00"
"alg035060010fr001","2023-12-01 00:00:00"
"klc316335gn","2023-12-07 00:00:00"
"alg035554010fr001","2023-12-07 00:00:00"
"alg031950039fr001","2023-11-20 00:00:00"
"alg032152043fr001","2023-12-01 00:00:00"
"klc312134vbz","2023-12-07 00:00:00"
"klc313533ch","2023-12-07 00:00:00"
"klc313733ch","2023-12-07 00:00:00"
"klc315032ch","2023-12-07 00:00:00"
"alg025742010fr001","2023-12-07 00:00:00"
"klc312550pn","2023-12-27 00:00:00"
"alg11716010fr001","2024-01-02 00:00:00"
"alg037321052fr001","2023-12-07 00:00:00"
"sea8790901d12","2023-10-31 00:00:00"
"klc302833vbz","2023-12-07 00:00:00"
"klc302834vbz","2023-12-07 00:00:00"
"alg036521010fr001","2023-12-27 00:00:00"
"klc300440ch","2023-12-07 00:00:00"
"klc315132pn","2023-12-07 00:00:00"
"alg034920038fr001","2023-12-07 00:00:00"
"alg034922010fr001","2023-12-07 00:00:00"
"alg034970010fr001","2023-12-27 00:00:00"
"alg035720010fr001","2023-12-07 00:00:00"
"alg037355052fr001","2023-11-09 00:00:00"
"alg030210010","2023-12-01 00:00:00"
"alg030256010","2023-12-07 00:00:00"
"alg027351010fr001","2023-12-07 00:00:00"
"klc304952cg","2023-12-07 00:00:00"
"klc390465sl","2023-12-07 00:00:00"
"sea7526304en872","2023-10-31 00:00:00"
"crystal6125","2023-12-07 00:00:00"
"crystal6141","2023-12-07 00:00:00"
"crystal6044","2023-12-01 00:00:00"
"crystal6067","2023-12-07 00:00:00"
"murol8600trdt","2023-10-31 00:00:00"
"sea6634506en872","2023-10-31 00:00:00"
"sea4190501en3962","2023-11-07 00:00:00"
"sea6113701en3962","2023-10-31 00:00:00"
"kic16154azt30","2023-10-28 00:00:00"
"far233537","2023-10-28 00:00:00"
"kic16018azt30","2023-11-13 00:00:00"
"alg030254010","2023-12-07 00:00:00"
"klc500252fg","2023-12-07 00:00:00"
"klc309281vbr","2023-12-07 00:00:00"
"klc312552pn","2023-12-27 00:00:00"
"klc504631bi","2023-12-07 00:00:00"
"klc504632bi","2023-12-07 00:00:00"
"klc504633bi","2023-12-07 00:00:00"
"klc504852bs","2023-12-07 00:00:00"
"alg034740010fr001","2023-12-07 00:00:00"
"klc404651fg","2023-12-07 00:00:00"
"klc508933sz","2023-12-07 00:00:00"
"klc508934sz","2023-12-07 00:00:00"
"klc510520hb","2023-12-07 00:00:00"
"sea4139801en3962","2023-10-31 00:00:00"
"klc506870fg","2023-12-07 00:00:00"
"klc506872fg","2023-12-07 00:00:00"
"klc507552bi","2023-12-07 00:00:00"
"alg026351010fr000","2023-12-01 00:00:00"
"alg031753010fr000","2023-12-07 00:00:00"
"klc315132sn","2023-12-07 00:00:00"
"klc390454sl","2023-12-07 00:00:00"
"klc501853mc","2023-12-07 00:00:00"
"klc506142vsl","2023-12-07 00:00:00"
"klc515156ol","2023-12-07 00:00:00"
"klc7416cl","2023-12-07 00:00:00"
"crystal6064","2023-12-07 00:00:00"
"farw118006","2023-12-07 00:00:00"
"crystalw7959","2023-12-07 00:00:00"
"sea6248401en371","2023-11-07 00:00:00"
"alg020270010fr001","2023-12-07 00:00:00"
"alg030252010","2023-12-07 00:00:00"
"alg11703010fr001","2023-12-07 00:00:00"
"alg020972010fr001","2023-12-07 00:00:00"
"alg030210038","2023-12-01 00:00:00"
"alg11634010fr001","2023-12-27 00:00:00"
"crystal6078","2023-12-07 00:00:00"
"crystal6061","2023-12-07 00:00:00"
"crystal6082","2023-12-07 00:00:00"
"crystal6097","2023-12-07 00:00:00"
"crystal6045","2023-12-01 00:00:00"
"sea6513201en3962","2023-10-31 00:00:00"
"sea8252701en371","2023-10-31 00:00:00"
"alg030254052","2023-12-07 00:00:00"
"crystalw8622","2023-12-07 00:00:00"
"sea5134508en710","2023-10-31 00:00:00"
"alg11632018fr001","2023-12-07 00:00:00"
"klc7414cl","2023-12-07 00:00:00"
"alg031621038fr001","2023-12-27 00:00:00"
"alg034760010fr001","2023-12-01 00:00:00"
"klc505220rm","2023-11-30 00:00:00"
"klc509153osl","2023-12-07 00:00:00"
"alg035831010fr001","2023-12-07 00:00:00"
"alg035951003fr001","2023-12-07 00:00:00"
"alg035552010fr001","2023-12-07 00:00:00"
"alg11771010fr001","2023-12-07 00:00:00"
"alg11772010fr001","2023-12-07 00:00:00"
"alg035557010fr001","2023-12-07 00:00:00"
"sea3139803en3962","2023-10-31 00:00:00"
"sea8252701en312","2023-10-31 00:00:00"
"klc304851cg","2023-12-07 00:00:00"
"alg031954010fr001","2023-12-07 00:00:00"
"alg020271010fr001","2023-12-07 00:00:00"
"klc307534ch","2023-12-07 00:00:00"
"sea3115203en305","2023-10-31 00:00:00"
"sea3115209en3710","2023-10-31 00:00:00"
"sea3187204en848","2023-11-07 00:00:00"
"sea3320205en710","2023-11-28 00:00:00"
"sea4151801en305","2023-10-31 00:00:00"
"sea4428902en3962","2023-10-31 00:00:00"
"sea5134906en05","2023-10-31 00:00:00"
"sea5180704en848","2023-11-07 00:00:00"
"sea6691004en112","2023-11-07 00:00:00"
"sea8847901den312","2023-10-31 00:00:00"
"crystal6100","2023-12-07 00:00:00"
"crystal6118","2023-12-27 00:00:00"
"crystal6132","2023-12-01 00:00:00"
"crystal6144","2023-12-07 00:00:00"
"sea6528803en3112","2023-10-31 00:00:00"
"sea4487905en962","2023-10-31 00:00:00"
"sea8313801753t","2023-10-31 00:00:00"
"klc505540bi","2023-12-07 00:00:00"
"sea8518301en312","2023-11-07 00:00:00"
"sea7724305en962","2023-11-07 00:00:00"
"sea8738703en12","2024-03-15 00:00:00"
"kic16151azt30","2023-10-26 00:00:00"
"far233521","2023-10-26 00:00:00"
"sea62240en3780","2023-10-31 00:00:00"
"alg11774010fr001","2023-12-07 00:00:00"
"klc511760mg","2023-12-07 00:00:00"
"sea4430802en962","2023-10-31 00:00:00"
"sea4124301en962","2023-11-07 00:00:00"
"sea6613705en3962","2023-10-31 00:00:00"
"kuzep68428bk","2023-10-31 00:00:00"
"kic49927bkt","2023-10-30 00:00:00"
"sea4415202en3710","2023-10-31 00:00:00"
"far218991","2023-10-30 00:00:00"
"klc2892vi","2023-12-27 00:00:00"
"klc4650bz","2023-12-07 00:00:00"
"klc300483ch","2023-12-07 00:00:00"
"klc390420sl","2023-11-09 00:00:00"
"alg035062010fr001","2023-12-07 00:00:00"
"alg034820046fr001","2023-12-07 00:00:00"
"klc409353bm","2023-12-15 00:00:00"
"klc511855bcg","2023-12-07 00:00:00"
"kic16017azt27","2023-11-13 00:00:00"
"kic16019azt27","2023-11-13 00:00:00"
"kic16019cbr27","2023-11-13 00:00:00"
"kic16020azt30","2023-11-27 00:00:00"
"alg037056014fr001","2023-11-20 00:00:00"
"klc501552cp","2023-12-07 00:00:00"
"klc506153vsl","2023-12-07 00:00:00"
"klc515056ol","2023-12-01 00:00:00"
"sea3187204en962","2024-01-10 00:00:00"
"far233461","2023-11-13 00:00:00"
"far233477","2023-11-13 00:00:00"
"far233480","2023-11-27 00:00:00"
"alg11527010fr001","2023-12-07 00:00:00"
"klc2911ac","2023-12-07 00:00:00"
"klc6605ez","2023-12-07 00:00:00"
"klc9000mb","2023-12-07 00:00:00"
"klc501050bjt","2023-12-07 00:00:00"
"klc313733sn","2023-12-07 00:00:00"
"sea6615203en3962","2023-10-31 00:00:00"
"alg034360010fr001","2023-12-07 00:00:00"
"alg030233038","2023-12-07 00:00:00"
"klc509233bi","2023-12-07 00:00:00"
"alg035761010fr001","2023-12-27 00:00:00"
"alg034221038fr001","2023-12-07 00:00:00"
"alg036152010fr001","2023-12-07 00:00:00"
"alg036861010fr001","2023-12-07 00:00:00"
"alg037772038fr001","2023-12-07 00:00:00"
"sea6634507en872","2023-10-31 00:00:00"
"klc309542chamber","2023-12-07 00:00:00"
"klc309542chaqua","2023-12-07 00:00:00"
"klc309542chclear","2023-12-07 00:00:00"
"klc309542chsapph","2023-12-07 00:00:00"
"kic16016azt30","2023-11-13 00:00:00"
"kic16017azt30","2023-11-13 00:00:00"
"kic16019cbr30","2023-11-13 00:00:00"
"kic16155azt30","2023-10-28 00:00:00"
"alg036261010fr001","2023-11-06 00:00:00"
"alg036355039fr001","2023-12-07 00:00:00"
"alg036357039fr001","2023-12-07 00:00:00"
"alg037557010fr001","2023-11-20 00:00:00"
"alg028259010fr001","2023-12-07 00:00:00"
"alg037253010fr001","2023-12-07 00:00:00"
"alg021772032fr001","2023-11-06 00:00:00"
"alg027750010fr001","2023-11-06 00:00:00"
"alg11424010fr001","2023-12-07 00:00:00"
"alg021051010fr001","2023-12-07 00:00:00"
"alg027352010fr001","2023-12-07 00:00:00"
"alg031450010fr000","2023-12-07 00:00:00"
"alg030521010fr001","2023-12-07 00:00:00"
"klc304951cg","2023-12-27 00:00:00"
"klc307533ch","2023-12-27 00:00:00"
"klc315440bpn","2023-12-07 00:00:00"
"klc390452db","2023-12-07 00:00:00"
"klc501052bjt","2023-12-07 00:00:00"
"klc501551cp","2023-12-07 00:00:00"
"sea3124305en962","2023-11-07 00:00:00"
"sea4420205en3710","2023-10-31 00:00:00"
"sea4451703en305","2023-10-31 00:00:00"
"sea5279453en848","2023-11-07 00:00:00"
"sea8250701en371","2024-01-11 00:00:00"
"crystal6128","2023-12-07 00:00:00"
"crystal6055","2023-12-07 00:00:00"
"far233455","2023-11-13 00:00:00"
"far233462","2023-11-13 00:00:00"
"far233478","2023-11-13 00:00:00"
"far233543","2023-10-28 00:00:00"
"crystalw8618","2023-12-07 00:00:00"
"alg012172010fr001","2023-12-07 00:00:00"
"alg034971038fr001","2023-12-07 00:00:00"
"alg012174045fr001","2023-11-20 00:00:00"
"alg035350010fr001","2023-12-07 00:00:00"
"klc512112wb","2023-12-07 00:00:00"
"klc390456sl","2023-12-07 00:00:00"
"sea4128801en3710","2023-10-31 00:00:00"
"crystal6095","2023-12-07 00:00:00"
"crystal6122","2023-12-07 00:00:00"
"crystal6130","2023-11-20 00:00:00"
"klc2912ac","2023-12-07 00:00:00"
"klc7049fg","2023-12-07 00:00:00"
"klc7097vi","2023-12-07 00:00:00"
"klc501553cp","2023-12-07 00:00:00"
"alg012171045fr001","2023-11-09 00:00:00"
"klc507270dw","2023-12-07 00:00:00"
"klc506271mgm","2023-12-07 00:00:00"
"klc508962sz","2023-12-27 00:00:00"
"klc511772mg","2023-12-07 00:00:00"
"klc506850fg","2023-12-07 00:00:00"
"klc507550bi","2023-12-07 00:00:00"
"alg031953039fr001","2023-12-07 00:00:00"
"klc500640mg","2023-12-07 00:00:00"
"klc501131bzg","2023-11-20 00:00:00"
"klc505021ts","2023-12-07 00:00:00"
"klc505054ts","2023-12-01 00:00:00"
"klc505555bi","2023-12-27 00:00:00"
"klc515061ol","2023-11-17 00:00:00"
"klc515555mb","2023-12-07 00:00:00"
"klc7047fg","2023-12-07 00:00:00"
"klc7415cl","2023-12-07 00:00:00"
"farw240261","2023-12-07 00:00:00"
"farw240262","2023-12-07 00:00:00"
"crystal6131","2023-11-09 00:00:00"
"farw240799","2023-12-01 00:00:00"
"alg035550010fr001","2023-12-07 00:00:00"
"alg035563010fr001","2023-12-07 00:00:00"
"kic16016bkt30","2023-11-13 00:00:00"
"alg037555010fr001","2023-12-07 00:00:00"
"far233457","2023-11-13 00:00:00"
"alg020422003fr001","2023-12-07 00:00:00"
"klc513672bwb","2023-12-27 00:00:00"
"sea5326en3710","2023-10-31 00:00:00"
"kic49202bk","2023-11-01 00:00:00"
"tol162dg615","2023-12-30 00:00:00"
"tol163dg615","2023-12-30 00:00:00"
"tol869dg615","2023-12-30 00:00:00"
"tol80as615","2023-12-30 00:00:00"
"tol80dg615","2023-12-30 00:00:00"
"tol161dg615","2023-12-30 00:00:00"
"tol80mb615","2023-12-30 00:00:00"
"far218719","2023-11-01 00:00:00"
"sea4490304en3778","2023-10-31 00:00:00"
"sea6024en3848","2023-10-31 00:00:00"
"klc509150osl","2023-12-07 00:00:00"
"alg036356039fr001","2023-12-07 00:00:00"
"klc7044fg","2023-12-07 00:00:00"
"sea3115203en3710","2023-10-31 00:00:00"
"crystalw6102","2023-12-07 00:00:00"
"sea7737302en3710","2024-06-05 00:00:00"
"sea60941en371","2023-10-31 00:00:00"
"klc316733pn","2023-12-27 00:00:00"
"sea8747901den371","2023-10-31 00:00:00"
"sea5279454en848","2023-11-07 00:00:00"
"sea8620701en304","2023-11-07 00:00:00"
"sea8831702en3753","2023-12-04 00:00:00"
"sea4402804en3710","2023-11-07 00:00:00"
"alg035351010fr001","2023-12-07 00:00:00"
"sea4439003en3710","2023-10-31 00:00:00"
"sea4130801en848","2024-02-02 00:00:00"
"sea4151801en3848","2023-10-31 00:00:00"
"kic15810azt27r","2023-10-27 00:00:00"
"kic15810azt30r","2023-10-27 00:00:00"
"kic49924bkt","2023-10-30 00:00:00"
"alg035521010fr001","2023-12-07 00:00:00"
"kic15475cbr","2023-11-06 00:00:00"
"kic16158azt30","2023-10-26 00:00:00"
"kic9320bk","2023-10-28 00:00:00"
"kic49331bk","2023-11-03 00:00:00"
"kic15cs150ss","2023-10-30 00:00:00"
"far233172","2023-10-27 00:00:00"
"far233173","2023-10-27 00:00:00"
"far233386","2023-11-06 00:00:00"
"far233558","2023-10-26 00:00:00"
"far233924","2023-10-28 00:00:00"
"kic43498bk","2023-11-13 00:00:00"
"sea4121601en305","2023-10-31 00:00:00"
"klc316735pn","2023-12-07 00:00:00"
"sea6634506en962","2023-10-31 00:00:00"
"sea8463en44","2023-10-31 00:00:00"
"seaol5902enbk","2023-10-31 00:00:00"
"sea6128801en3710","2023-10-31 00:00:00"
"alg11714010fr001","2023-12-07 00:00:00"
"sea5279454en965","2023-11-07 00:00:00"
"sea4118501en305","2023-10-31 00:00:00"
"kic16140ss30","2023-10-26 00:00:00"
"far233511","2023-10-26 00:00:00"
"alg030220010","2023-12-07 00:00:00"
"alg031751010fr000","2023-12-07 00:00:00"
"klc312540pn","2023-12-07 00:00:00"
"alg034960038fr001","2023-11-09 00:00:00"
"alg034250038fr001","2023-12-07 00:00:00"
"alg035233046fr001","2023-12-07 00:00:00"
"alg034752010fr001","2023-11-20 00:00:00"
"klc316332gn","2023-12-07 00:00:00"
"alg037255010fr001","2023-12-07 00:00:00"
"alg030233010","2023-12-07 00:00:00"
"alg030852010fr001","2023-12-07 00:00:00"
"alg036561010fr001","2023-12-07 00:00:00"
"alg027340010fr001","2023-12-07 00:00:00"
"alg030253010","2023-11-20 00:00:00"
"alg11639018fr001","2023-11-20 00:00:00"
"klc315133pn","2023-12-07 00:00:00"
"klc403820cp","2023-11-17 00:00:00"
"klc502820ch","2023-12-07 00:00:00"
"sea7724305en848","2023-11-07 00:00:00"
"crystal6046","2023-12-07 00:00:00"
"crystal6120","2023-11-09 00:00:00"
"crystal6054","2023-12-07 00:00:00"
"crystal6150","2023-11-20 00:00:00"
"crystalw8625","2023-11-20 00:00:00"
"sea31160en3710","2023-10-31 00:00:00"
"sea88881en351","2023-10-31 00:00:00"
"sea6615203en305","2023-10-31 00:00:00"
"kic49917bk","2023-11-03 00:00:00"
"sea3130709en3112","2023-10-31 00:00:00"
"kic16140cbr27","2023-11-06 00:00:00"
"kic16140ss27","2023-12-27 00:00:00"
"kic16155bkt27","2023-10-28 00:00:00"
"kic16155bkt30","2023-10-28 00:00:00"
"kic16158azt27","2023-11-13 00:00:00"
"kic6052wh","2023-12-04 00:00:00"
"kic6ucsk30wht","2023-11-20 00:00:00"
"sea3182706en05","2023-11-07 00:00:00"
"far233508","2023-11-06 00:00:00"
"far233510","2023-12-27 00:00:00"
"far233544","2023-10-28 00:00:00"
"far233545","2023-10-28 00:00:00"
"far233557","2023-11-13 00:00:00"
"far233613","2023-12-04 00:00:00"
"alg025740018fr001","2023-12-07 00:00:00"
"alg025741010fr001","2023-12-27 00:00:00"
"alg036153052fr001","2023-12-07 00:00:00"
"alg031754010fr000","2023-12-07 00:00:00"
"klc315033ch","2023-12-01 00:00:00"
"kuzfm43518bk","2023-11-08 00:00:00"
"sea60531en312","2023-10-31 00:00:00"
"sea6526308en872","2023-10-31 00:00:00"
"crystal6088","2023-12-27 00:00:00"
"alg029442010fr001","2023-11-20 00:00:00"
"alg036961052fr001","2023-12-07 00:00:00"
"crystal6105","2023-11-20 00:00:00"
"klc312131sn","2023-12-07 00:00:00"
"alg036962052fr001","2023-12-07 00:00:00"
"sea7848402en371","2023-11-07 00:00:00"
"sea4113201en3962","2023-10-31 00:00:00"
"sea3190505en3112","2023-11-07 00:00:00"
"sea8538751en371","2023-10-31 00:00:00"
"alg11773010fr001","2023-12-07 00:00:00"
"alg11775010fr001","2023-12-07 00:00:00"
"alg11776010fr001","2023-12-07 00:00:00"
"alg11720010fr001","2023-12-07 00:00:00"
"alg11721010fr001","2023-12-07 00:00:00"
"sea4421603en3710","2023-10-31 00:00:00"
"alg11193010fr001","2023-12-07 00:00:00"
"kic59086bk","2023-10-30 00:00:00"
"alg034921010fr001","2023-12-27 00:00:00"
"kic16162azt30","2023-11-27 00:00:00"
"sea5191004en112","2023-11-07 00:00:00"
"crystal8633","2023-12-27 00:00:00"
"crystal8642","2023-12-07 00:00:00"
"crystal8649","2023-12-07 00:00:00"
"crystal8650","2023-12-07 00:00:00"
"crystal8651","2023-12-07 00:00:00"
"crystal8659","2023-11-20 00:00:00"
"crystal8667","2023-12-07 00:00:00"
"crystal8670","2023-12-07 00:00:00"
"crystal8673","2023-12-07 00:00:00"
"crystal8674","2023-12-07 00:00:00"
"crystal8689","2023-11-09 00:00:00"
"crystal8711","2023-12-07 00:00:00"
"crystal8715","2023-12-07 00:00:00"
"crystal8727","2023-12-07 00:00:00"
"crystal8736","2023-12-07 00:00:00"
"crystal8737","2023-12-07 00:00:00"
"crystal8742","2023-12-07 00:00:00"
"crystal8751","2023-12-07 00:00:00"
"crystal8754","2023-12-01 00:00:00"
"crystal8772","2023-12-07 00:00:00"
"crystal8779","2023-12-07 00:00:00"
"crystal8783","2023-11-20 00:00:00"
"crystal8786","2023-12-07 00:00:00"
"crystal8794","2023-12-01 00:00:00"
"crystal8795","2023-12-07 00:00:00"
"crystal8796","2023-12-07 00:00:00"
"crystal8800","2023-12-07 00:00:00"
"crystal8806","2023-12-07 00:00:00"
"crystal8807","2023-11-20 00:00:00"
"crystal8809","2023-12-07 00:00:00"
"crystal8813","2023-12-07 00:00:00"
"crystal8814","2023-12-07 00:00:00"
"crystal8815","2023-12-07 00:00:00"
"crystal8816","2023-12-07 00:00:00"
"crystal8820","2023-12-07 00:00:00"
"crystal8825","2023-12-07 00:00:00"
"crystal8828","2023-12-07 00:00:00"
"crystal8837","2023-12-27 00:00:00"
"crystal8841","2023-12-27 00:00:00"
"crystal8842","2023-12-07 00:00:00"
"crystal8843","2023-12-07 00:00:00"
"crystal8850","2023-12-07 00:00:00"
"crystal8853","2023-12-07 00:00:00"
"crystal8855","2023-12-07 00:00:00"
"crystal8857","2023-12-07 00:00:00"
"crystal8861","2023-12-07 00:00:00"
"crystal8866","2023-12-07 00:00:00"
"crystal8869","2023-12-07 00:00:00"
"crystal8871","2023-12-07 00:00:00"
"crystal8874","2023-12-07 00:00:00"
"crystal8876","2023-12-07 00:00:00"
"crystal8878","2023-12-07 00:00:00"
"crystal8879","2023-12-07 00:00:00"
"crystal8880","2023-12-07 00:00:00"
"crystal8881","2023-12-07 00:00:00"
"crystal8882","2023-12-07 00:00:00"
"crystal8883","2023-12-07 00:00:00"
"crystal8884","2024-01-02 00:00:00"
"crystal8896","2023-12-07 00:00:00"
"crystal8897","2023-12-07 00:00:00"
"crystal8898","2023-12-07 00:00:00"
"crystal8900","2023-12-07 00:00:00"
"crystal8901","2023-12-01 00:00:00"
"crystal8903","2023-12-07 00:00:00"
"crystal8910","2023-12-07 00:00:00"
"crystal8914","2023-12-07 00:00:00"
"crystal8919","2023-12-07 00:00:00"
"crystal8922","2023-12-07 00:00:00"
"crystal8923","2023-12-07 00:00:00"
"crystal8924","2023-11-09 00:00:00"
"crystal8927","2023-12-07 00:00:00"
"crystal8929","2023-12-07 00:00:00"
"crystal8930","2023-12-07 00:00:00"
"crystal8939","2023-11-06 00:00:00"
"crystal8942","2023-11-20 00:00:00"
"crystal8943","2023-12-07 00:00:00"
"crystal8945","2023-12-07 00:00:00"
"crystal8946","2023-12-07 00:00:00"
"crystal8947","2023-12-07 00:00:00"
"crystal8950","2023-12-01 00:00:00"
"crystal8954","2023-12-07 00:00:00"
"crystal8955","2023-12-07 00:00:00"
"crystal8956","2023-12-07 00:00:00"
"crystal8962","2023-12-07 00:00:00"
"crystal8981","2023-12-07 00:00:00"
"crystal8983","2023-11-20 00:00:00"
"crystal8985","2023-12-07 00:00:00"
"crystal8987","2023-11-20 00:00:00"
"crystal8995","2023-12-07 00:00:00"
"crystal8997","2023-12-27 00:00:00"
"crystal8999","2023-12-07 00:00:00"
"crystal9000","2023-12-07 00:00:00"
"crystal9001","2023-12-07 00:00:00"
"crystal9002","2023-12-07 00:00:00"
"crystal9003","2023-12-07 00:00:00"
"crystal9009","2023-12-07 00:00:00"
"crystal9011","2023-12-07 00:00:00"
"crystal9014","2023-12-07 00:00:00"
"crystal9015","2023-12-07 00:00:00"
"crystal9016","2023-12-07 00:00:00"
"crystal9021","2023-12-07 00:00:00"
"crystal9022","2023-12-01 00:00:00"
"crystal9031","2023-11-06 00:00:00"
"crystal9050","2023-11-06 00:00:00"
"crystal9077","2023-12-07 00:00:00"
"crystal9088","2023-12-07 00:00:00"
"crystal9098","2023-12-07 00:00:00"
"crystal9099","2023-12-07 00:00:00"
"crystal9107","2023-12-07 00:00:00"
"crystal9108","2023-12-27 00:00:00"
"crystal9112","2023-12-07 00:00:00"
"crystal9119","2023-12-07 00:00:00"
"crystal9120","2023-12-07 00:00:00"
"crystal9121","2023-12-07 00:00:00"
"crystal9125","2023-12-07 00:00:00"
"crystal9129","2023-12-07 00:00:00"
"crystal9131","2023-12-07 00:00:00"
"crystal9132","2023-12-07 00:00:00"
"crystal9133","2023-12-01 00:00:00"
"crystal9134","2023-12-07 00:00:00"
"crystal9137","2023-12-07 00:00:00"
"crystal9138","2023-12-07 00:00:00"
"crystal9140","2023-12-27 00:00:00"
"crystal9141","2023-12-27 00:00:00"
"crystal9150","2023-12-07 00:00:00"
"crystal9151","2023-11-20 00:00:00"
"crystal9157","2023-12-07 00:00:00"
"crystal9158","2023-11-20 00:00:00"
"crystal9159","2023-12-07 00:00:00"
"crystal9160","2023-12-07 00:00:00"
"crystal9166","2023-12-27 00:00:00"
"crystal9175","2023-12-07 00:00:00"
"crystal9200","2023-11-20 00:00:00"
"crystal9206","2023-12-07 00:00:00"
"crystal9212","2023-12-07 00:00:00"
"crystal9215","2023-12-07 00:00:00"
"crystal9230","2023-12-07 00:00:00"
"crystal9231","2023-12-07 00:00:00"
"kic49279aztled","2023-11-17 00:00:00"
"sea62240en312","2023-10-31 00:00:00"
"seaol5907enbk","2023-12-18 00:00:00"
"kic59080bkt","2023-12-04 00:00:00"
"crystal8643","2023-12-07 00:00:00"
"far246126","2023-12-27 00:00:00"
"far246129","2023-12-07 00:00:00"
"far246130","2023-12-07 00:00:00"
"far246132","2023-12-07 00:00:00"
"far246136","2023-12-07 00:00:00"
"far246137","2023-12-07 00:00:00"
"far246145","2023-12-27 00:00:00"
"far246146","2023-12-01 00:00:00"
"far246147","2023-12-01 00:00:00"
"far246148","2023-12-07 00:00:00"
"far246149","2023-12-07 00:00:00"
"far246150","2023-12-07 00:00:00"
"far246154","2023-12-07 00:00:00"
"far246156","2023-12-07 00:00:00"
"far246161","2023-11-17 00:00:00"
"far246162","2023-12-01 00:00:00"
"far246164","2023-12-01 00:00:00"
"far246168","2023-12-07 00:00:00"
"far246173","2023-12-07 00:00:00"
"far246174","2023-12-07 00:00:00"
"far246175","2023-12-07 00:00:00"
"far246176","2023-12-07 00:00:00"
"far246177","2023-12-07 00:00:00"
"far246183","2023-12-07 00:00:00"
"far246184","2023-12-07 00:00:00"
"far246185","2023-12-07 00:00:00"
"far246186","2023-12-07 00:00:00"
"far246187","2023-12-27 00:00:00"
"far246190","2023-11-09 00:00:00"
"far246191","2023-12-07 00:00:00"
"far246193","2023-11-06 00:00:00"
"far246195","2023-11-06 00:00:00"
"far246196","2023-12-07 00:00:00"
"far246201","2023-12-07 00:00:00"
"far246204","2023-12-07 00:00:00"
"far246206","2023-12-07 00:00:00"
"far246207","2023-12-07 00:00:00"
"far246211","2023-12-07 00:00:00"
"far246214","2023-12-07 00:00:00"
"far246215","2023-12-07 00:00:00"
"far246220","2023-12-07 00:00:00"
"far246221","2023-12-27 00:00:00"
"far246223","2023-12-27 00:00:00"
"far246224","2023-12-07 00:00:00"
"far246225","2023-12-07 00:00:00"
"far246226","2023-12-07 00:00:00"
"far246227","2023-12-07 00:00:00"
"far246229","2023-12-07 00:00:00"
"far246230","2023-12-07 00:00:00"
"far246233","2023-12-07 00:00:00"
"far246237","2023-12-07 00:00:00"
"far246239","2023-12-07 00:00:00"
"far246243","2023-12-07 00:00:00"
"far246244","2023-11-20 00:00:00"
"far246246","2023-11-20 00:00:00"
"far246248","2023-12-07 00:00:00"
"far246249","2023-12-07 00:00:00"
"far246250","2023-12-07 00:00:00"
"far246252","2023-12-07 00:00:00"
"far246253","2023-12-07 00:00:00"
"far246254","2023-12-07 00:00:00"
"far246257","2023-12-07 00:00:00"
"far246258","2023-11-04 00:00:00"
"far246259","2023-12-07 00:00:00"
"far246260","2023-12-07 00:00:00"
"far246261","2023-12-07 00:00:00"
"far246262","2023-12-01 00:00:00"
"far246263","2023-12-07 00:00:00"
"far246264","2023-12-27 00:00:00"
"far246265","2023-11-30 00:00:00"
"far246266","2023-11-04 00:00:00"
"far246274","2023-12-07 00:00:00"
"far246275","2023-12-07 00:00:00"
"far246283","2023-12-27 00:00:00"
"far246285","2023-12-15 00:00:00"
"far246287","2023-12-07 00:00:00"
"far246299","2023-11-20 00:00:00"
"far246301","2023-12-07 00:00:00"
"far246302","2023-12-27 00:00:00"
"far246310","2023-12-07 00:00:00"
"far246311","2023-12-07 00:00:00"
"far246312","2023-12-07 00:00:00"
"far246313","2023-12-07 00:00:00"
"far246314","2023-12-07 00:00:00"
"far246318","2023-12-07 00:00:00"
"far246319","2023-12-07 00:00:00"
"far246320","2023-12-07 00:00:00"
"far246322","2023-12-07 00:00:00"
"far246326","2023-12-07 00:00:00"
"far246327","2024-01-23 00:00:00"
"far246330","2023-12-07 00:00:00"
"far246331","2023-12-07 00:00:00"
"far246342","2023-12-07 00:00:00"
"far246343","2023-12-07 00:00:00"
"far246344","2023-12-07 00:00:00"
"far246345","2023-12-07 00:00:00"
"far246348","2023-12-07 00:00:00"
"far246349","2023-12-15 00:00:00"
"far246354","2023-12-07 00:00:00"
"far246355","2023-12-07 00:00:00"
"far246356","2023-12-07 00:00:00"
"far246357","2023-12-07 00:00:00"
"far246358","2023-12-07 00:00:00"
"far246365","2023-12-07 00:00:00"
"far246367","2023-12-07 00:00:00"
"far246368","2023-12-07 00:00:00"
"far246369","2023-12-07 00:00:00"
"far246370","2023-12-07 00:00:00"
"far246371","2023-12-27 00:00:00"
"far246372","2023-12-07 00:00:00"
"far246375","2023-12-07 00:00:00"
"far246378","2023-12-07 00:00:00"
"far246381","2023-12-07 00:00:00"
"far246382","2023-12-07 00:00:00"
"far246383","2023-12-07 00:00:00"
"far246401","2023-12-07 00:00:00"
"far246405","2023-12-07 00:00:00"
"far246406","2023-12-07 00:00:00"
"far246410","2023-12-07 00:00:00"
"far246411","2023-12-07 00:00:00"
"far246412","2023-12-07 00:00:00"
"far246413","2023-12-07 00:00:00"
"far246414","2023-12-07 00:00:00"
"far246415","2023-12-07 00:00:00"
"far246416","2023-12-07 00:00:00"
"far246417","2023-12-07 00:00:00"
"far246419","2023-12-07 00:00:00"
"far246420","2023-12-07 00:00:00"
"far246421","2023-12-07 00:00:00"
"far246422","2023-12-07 00:00:00"
"far246423","2023-12-07 00:00:00"
"far246440","2023-12-07 00:00:00"
"far246441","2023-11-20 00:00:00"
"far246442","2023-11-30 00:00:00"
"far246443","2023-12-07 00:00:00"
"far246444","2023-12-07 00:00:00"
"far246445","2023-12-07 00:00:00"
"far246446","2023-12-07 00:00:00"
"far246447","2023-12-07 00:00:00"
"far246448","2023-12-07 00:00:00"
"far246451","2023-12-07 00:00:00"
"far246453","2023-12-07 00:00:00"
"far246454","2023-12-07 00:00:00"
"far246455","2023-12-07 00:00:00"
"far246456","2023-11-30 00:00:00"
"far246459","2023-12-07 00:00:00"
"far246467","2023-12-27 00:00:00"
"far246472","2023-12-07 00:00:00"
"far246473","2023-12-07 00:00:00"
"far246474","2023-12-07 00:00:00"
"far246475","2023-12-07 00:00:00"
"far246476","2023-11-09 00:00:00"
"far246477","2023-12-07 00:00:00"
"far246478","2023-12-07 00:00:00"
"far246480","2023-12-07 00:00:00"
"far246481","2023-12-07 00:00:00"
"far246483","2023-12-07 00:00:00"
"far246484","2023-12-07 00:00:00"
"far246485","2023-12-07 00:00:00"
"far246487","2023-12-07 00:00:00"
"far246489","2023-12-07 00:00:00"
"far246493","2023-12-07 00:00:00"
"far246496","2023-11-09 00:00:00"
"far246498","2023-12-27 00:00:00"
"far246499","2023-12-07 00:00:00"
"far246500","2023-12-07 00:00:00"
"far246501","2023-12-07 00:00:00"
"far246503","2023-12-07 00:00:00"
"far246504","2023-12-07 00:00:00"
"far246505","2023-12-07 00:00:00"
"far246506","2023-12-07 00:00:00"
"far246507","2023-12-07 00:00:00"
"far246508","2023-12-07 00:00:00"
"far246510","2023-12-07 00:00:00"
"far246511","2023-12-07 00:00:00"
"far246512","2023-12-07 00:00:00"
"far246513","2023-12-07 00:00:00"
"far246514","2023-12-07 00:00:00"
"far246515","2023-12-07 00:00:00"
"far246516","2023-12-07 00:00:00"
"far246517","2023-12-07 00:00:00"
"far246518","2023-12-07 00:00:00"
"far246519","2023-12-07 00:00:00"
"far246520","2023-12-07 00:00:00"
"far246521","2023-12-07 00:00:00"
"far246523","2023-12-07 00:00:00"
"far246524","2023-12-01 00:00:00"
"far246525","2023-12-07 00:00:00"
"far246527","2023-12-07 00:00:00"
"far246535","2023-12-07 00:00:00"
"far246537","2023-12-07 00:00:00"
"far246543","2023-12-07 00:00:00"
"far246545","2023-12-07 00:00:00"
"far246546","2023-12-07 00:00:00"
"far246547","2023-12-07 00:00:00"
"far246548","2023-12-07 00:00:00"
"far246549","2023-12-07 00:00:00"
"far246554","2023-12-07 00:00:00"
"far246556","2023-12-07 00:00:00"
"far246557","2023-12-07 00:00:00"
"far246558","2023-12-07 00:00:00"
"far246559","2023-12-07 00:00:00"
"far246560","2023-12-07 00:00:00"
"far246561","2023-12-07 00:00:00"
"far246562","2023-10-31 00:00:00"
"far246565","2023-12-07 00:00:00"
"far246567","2023-12-07 00:00:00"
"far246586","2023-12-07 00:00:00"
"far246590","2023-12-07 00:00:00"
"far246591","2023-12-07 00:00:00"
"far246592","2023-12-07 00:00:00"
"far246593","2023-12-07 00:00:00"
"far246594","2023-12-07 00:00:00"
"far246601","2023-12-07 00:00:00"
"far246606","2023-12-07 00:00:00"
"far246607","2023-12-07 00:00:00"
"far246608","2023-12-07 00:00:00"
"far246609","2023-11-20 00:00:00"
"far246610","2023-12-07 00:00:00"
"far246611","2023-12-07 00:00:00"
"far246612","2023-12-07 00:00:00"
"far246613","2023-12-07 00:00:00"
"far246614","2023-12-07 00:00:00"
"far246615","2023-12-07 00:00:00"
"far246617","2023-12-07 00:00:00"
"far246618","2023-12-27 00:00:00"
"far246619","2023-12-07 00:00:00"
"far246620","2023-12-07 00:00:00"
"far246624","2023-12-07 00:00:00"
"far246625","2023-12-07 00:00:00"
"far246630","2023-12-07 00:00:00"
"far246631","2023-12-07 00:00:00"
"far246632","2023-12-07 00:00:00"
"far246633","2023-12-07 00:00:00"
"far246634","2023-11-30 00:00:00"
"far246635","2023-12-07 00:00:00"
"far246636","2023-12-07 00:00:00"
"far246637","2023-12-07 00:00:00"
"far246638","2023-12-07 00:00:00"
"far246639","2023-12-07 00:00:00"
"far246640","2023-12-07 00:00:00"
"far246641","2023-12-07 00:00:00"
"far246642","2023-12-07 00:00:00"
"far246643","2023-12-07 00:00:00"
"far246644","2023-12-07 00:00:00"
"far246645","2023-12-07 00:00:00"
"far246646","2023-12-07 00:00:00"
"far246647","2023-12-07 00:00:00"
"far246648","2023-12-07 00:00:00"
"far246649","2023-12-07 00:00:00"
"far246655","2023-12-07 00:00:00"
"far246656","2023-12-07 00:00:00"
"far246664","2023-12-07 00:00:00"
"far246666","2023-12-07 00:00:00"
"far246667","2023-12-07 00:00:00"
"far246668","2023-12-27 00:00:00"
"far246669","2023-12-07 00:00:00"
"far246671","2023-12-07 00:00:00"
"far246672","2023-12-07 00:00:00"
"far246673","2023-12-07 00:00:00"
"far246676","2023-12-27 00:00:00"
"far246677","2023-12-07 00:00:00"
"far246678","2023-12-07 00:00:00"
"far246686","2023-12-07 00:00:00"
"far246687","2023-12-07 00:00:00"
"far246688","2023-12-07 00:00:00"
"far246690","2023-12-07 00:00:00"
"far246691","2023-12-07 00:00:00"
"far246692","2023-12-07 00:00:00"
"far246693","2023-12-07 00:00:00"
"far246697","2023-12-07 00:00:00"
"far246699","2023-12-07 00:00:00"
"far246700","2023-12-07 00:00:00"
"far246701","2023-12-07 00:00:00"
"far246702","2023-12-27 00:00:00"
"far246703","2023-12-07 00:00:00"
"far246704","2023-12-07 00:00:00"
"far246705","2023-12-07 00:00:00"
"far246706","2023-12-07 00:00:00"
"far246711","2023-12-07 00:00:00"
"far246712","2023-12-07 00:00:00"
"far246713","2023-12-07 00:00:00"
"far246714","2023-12-07 00:00:00"
"far246715","2023-12-07 00:00:00"
"far246716","2023-12-07 00:00:00"
"far246719","2023-12-07 00:00:00"
"far246721","2023-12-07 00:00:00"
"far246722","2023-12-07 00:00:00"
"far246723","2023-12-07 00:00:00"
"far246725","2023-12-07 00:00:00"
"far246726","2023-12-07 00:00:00"
"far246727","2023-12-07 00:00:00"
"far246728","2023-12-07 00:00:00"
"far246729","2023-12-07 00:00:00"
"far246730","2023-12-07 00:00:00"
"far246732","2023-12-07 00:00:00"
"far246740","2023-12-07 00:00:00"
"far246741","2023-12-01 00:00:00"
"far246742","2023-12-07 00:00:00"
"far246743","2023-12-07 00:00:00"
"far246745","2023-12-27 00:00:00"
"far246746","2023-12-27 00:00:00"
"far246747","2023-12-07 00:00:00"
"far246748","2023-12-07 00:00:00"
"far246749","2023-12-07 00:00:00"
"far246751","2023-12-07 00:00:00"
"far246752","2023-12-07 00:00:00"
"far246753","2023-12-07 00:00:00"
"far246755","2023-12-07 00:00:00"
"far246757","2023-12-07 00:00:00"
"far246759","2023-12-07 00:00:00"
"far246763","2023-12-07 00:00:00"
"far246768","2023-12-07 00:00:00"
"far246770","2023-12-07 00:00:00"
"far246771","2023-12-07 00:00:00"
"far246772","2023-12-27 00:00:00"
"far246773","2023-12-07 00:00:00"
"far246774","2023-12-01 00:00:00"
"far246775","2023-12-07 00:00:00"
"far246787","2023-12-07 00:00:00"
"far246788","2023-11-17 00:00:00"
"far246791","2023-12-07 00:00:00"
"far246795","2023-12-07 00:00:00"
"far246796","2023-12-07 00:00:00"
"far246797","2023-12-07 00:00:00"
"far246798","2023-12-07 00:00:00"
"far246799","2023-12-07 00:00:00"
"far246801","2023-12-01 00:00:00"
"far246804","2023-11-20 00:00:00"
"far246806","2023-12-07 00:00:00"
"far246807","2023-12-07 00:00:00"
"far246809","2023-12-07 00:00:00"
"far246812","2023-12-07 00:00:00"
"far246816","2023-12-07 00:00:00"
"far246824","2023-12-07 00:00:00"
"far246825","2023-12-27 00:00:00"
"far246826","2023-12-07 00:00:00"
"far246827","2023-12-07 00:00:00"
"far246831","2023-12-27 00:00:00"
"far246834","2023-12-07 00:00:00"
"far246835","2023-12-07 00:00:00"
"far246836","2023-12-07 00:00:00"
"far246837","2023-12-07 00:00:00"
"far246838","2023-12-07 00:00:00"
"far246842","2023-11-20 00:00:00"
"far246843","2023-12-01 00:00:00"
"far246844","2023-12-07 00:00:00"
"far246845","2023-12-07 00:00:00"
"far246846","2023-12-07 00:00:00"
"far246847","2023-11-20 00:00:00"
"far246848","2023-12-07 00:00:00"
"far246849","2023-12-07 00:00:00"
"far246851","2023-12-07 00:00:00"
"far246852","2023-12-07 00:00:00"
"far246853","2023-12-07 00:00:00"
"far246855","2023-12-01 00:00:00"
"far246856","2023-11-17 00:00:00"
"far246857","2023-12-07 00:00:00"
"far246859","2023-12-07 00:00:00"
"far246862","2023-12-07 00:00:00"
"far246863","2023-12-07 00:00:00"
"far246864","2023-12-07 00:00:00"
"far246865","2023-12-07 00:00:00"
"far246866","2023-12-07 00:00:00"
"far246870","2023-12-07 00:00:00"
"far246871","2023-12-07 00:00:00"
"far246872","2023-12-07 00:00:00"
"far246873","2023-12-07 00:00:00"
"far246874","2023-12-07 00:00:00"
"far246878","2023-12-07 00:00:00"
"far246879","2023-12-07 00:00:00"
"far246880","2023-12-07 00:00:00"
"far246881","2023-12-07 00:00:00"
"far246889","2023-12-15 00:00:00"
"far246890","2023-12-07 00:00:00"
"far246891","2023-12-07 00:00:00"
"far246895","2023-12-07 00:00:00"
"far246896","2023-12-07 00:00:00"
"far246898","2023-12-01 00:00:00"
"far246901","2023-11-17 00:00:00"
"far246905","2023-12-07 00:00:00"
"sea88201en12","2024-02-07 00:00:00"
"sea3121603en3112","2023-10-31 00:00:00"
"sea4420205en305","2023-10-31 00:00:00"
"kuz494412bkgd","2023-11-17 00:00:00"
"kuzpd95108bg","2023-11-17 00:00:00"
"sea6526304en872","2023-10-31 00:00:00"
"sea3121605en3710","2023-10-31 00:00:00"
"kic16158bkt30","2023-10-28 00:00:00"
"sea8304801714t","2023-10-31 00:00:00"
"far233560","2023-10-28 00:00:00"
"seafm312en3bs","2023-10-31 00:00:00"
"murol8601txbt","2023-10-31 00:00:00"
"kuzpd87748bk","2023-11-17 00:00:00"
"sea3115209en305","2023-10-31 00:00:00"
"sea4298101en3962","2023-12-08 00:00:00"
"sea6516501en3112","2023-10-31 00:00:00"
"sea8648401en371","2023-11-07 00:00:00"
"alg034970038fr001","2023-12-07 00:00:00"
"kic43683wh","2023-10-30 00:00:00"
"alg037361052fr001","2023-12-07 00:00:00"
"sea3121612en3112","2023-10-31 00:00:00"
"kic16020azt27","2023-11-27 00:00:00"
"kic16161azt27","2023-11-27 00:00:00"
"kic4u30k30wht","2023-11-13 00:00:00"
"sea5192603en848","2023-10-31 00:00:00"
"kuzmp14850bk","2023-12-21 00:00:00"
"crystal6121","2023-12-07 00:00:00"
"crystal6146","2023-12-07 00:00:00"
"kic8111ni","2023-10-28 00:00:00"
"sea6537303en3710","2024-06-25 00:00:00"
"kic49330bk","2023-10-30 00:00:00"
"sea4111601en305","2023-10-31 00:00:00"
"sea4430806en112","2023-11-07 00:00:00"
"alg11199010fr001","2023-12-07 00:00:00"
"alg033920044fr001","2023-12-07 00:00:00"
"sea6128501en712","2023-10-31 00:00:00"
"crystal8646","2023-12-07 00:00:00"
"crystal8808","2023-12-07 00:00:00"
"far249394","2023-10-31 00:00:00"
"klc400651mz","2023-11-20 00:00:00"
"alg035234046fr001","2023-12-07 00:00:00"
"alg11713010fr001","2024-01-02 00:00:00"
"alg030254038","2023-12-27 00:00:00"
"alg034820051fr001","2023-12-27 00:00:00"
"sea4120201en3710","2023-10-31 00:00:00"
"sea6626308en872","2023-10-31 00:00:00"
"far246197","2023-11-20 00:00:00"
"crystal8780","2023-12-07 00:00:00"
"crystal8798","2024-01-02 00:00:00"
"crystal6065","2023-12-27 00:00:00"
"crystal8833","2023-12-27 00:00:00"
"crystal8845","2023-12-27 00:00:00"
"far249139","2023-10-31 00:00:00"
"seaol5907encb","2023-10-31 00:00:00"
"kic16017bkt27","2023-11-13 00:00:00"
"kic16017bkt30","2023-11-13 00:00:00"
"klc509757wb","2023-12-07 00:00:00"
"klc515155ol","2023-10-31 00:00:00"
"sea5692605en848","2023-10-31 00:00:00"
"far233463","2023-11-13 00:00:00"
"far233464","2023-11-13 00:00:00"
"far246622","2023-12-07 00:00:00"
"far246858","2023-10-31 00:00:00"
"kic15820azt27","2023-10-26 00:00:00"
"kic345bk","2023-11-20 00:00:00"
"kic8209ni","2023-12-04 00:00:00"
"kic55126ni","2023-10-30 00:00:00"
"kic15cs75ss","2023-11-20 00:00:00"
"far233681","2023-11-20 00:00:00"
"far233917","2023-12-04 00:00:00"
"alg11705010fr001","2023-12-07 00:00:00"
"alg025941031fr001","2023-11-20 00:00:00"
"alg11636010fr001","2023-12-07 00:00:00"
"klc315033sn","2023-11-20 00:00:00"
"alg11191038fr001","2023-12-07 00:00:00"
"alg027622010fr001","2023-12-07 00:00:00"
"klc507652ol","2023-12-07 00:00:00"
"alg030234038","2023-12-07 00:00:00"
"klc506273mgm","2023-11-17 00:00:00"
"klc507940bmg","2023-12-01 00:00:00"
"klc508931sz","2023-11-20 00:00:00"
"klc302831sn","2023-12-07 00:00:00"
"klc316432bm","2023-12-07 00:00:00"
"klc405522bsg","2023-11-09 00:00:00"
"alg036562010fr001","2023-12-07 00:00:00"
"alg029852038fr001","2023-11-20 00:00:00"
"klc311351pn","2023-12-07 00:00:00"
"klc315421bpn","2023-12-07 00:00:00"
"klc501126mm","2023-12-07 00:00:00"
"klc515455mb","2023-12-27 00:00:00"
"sea3187204en112","2023-12-27 00:00:00"
"crystal6084","2023-12-07 00:00:00"
"crystal6089","2023-11-20 00:00:00"
"crystal8652","2023-12-07 00:00:00"
"far246235","2023-11-20 00:00:00"
"crystal8709","2023-12-07 00:00:00"
"crystal8730","2023-12-07 00:00:00"
"far246288","2023-12-07 00:00:00"
"crystal6057","2023-12-07 00:00:00"
"far246324","2023-11-17 00:00:00"
"far246328","2023-12-01 00:00:00"
"far246366","2023-11-20 00:00:00"
"far246482","2023-12-07 00:00:00"
"far246536","2023-12-07 00:00:00"
"far246597","2023-11-09 00:00:00"
"crystal9004","2023-12-07 00:00:00"
"crystal9152","2023-11-20 00:00:00"
"far246696","2023-12-07 00:00:00"
"far246756","2023-12-07 00:00:00"
"far246803","2023-12-07 00:00:00"
"far246868","2023-12-27 00:00:00"
"sea6692605en962","2023-10-31 00:00:00"
"kic42121bk","2023-12-04 00:00:00"
"kic15506cbr","2023-11-13 00:00:00"
"kic8110ni","2023-10-26 00:00:00"
"sea65160en3112","2023-10-31 00:00:00"
"alomp321205pn","2023-11-06 00:00:00"
"kic15cs600ss","2023-10-30 00:00:00"
"far233279","2023-12-04 00:00:00"
"far233905","2023-10-26 00:00:00"
"far245650","2023-10-30 00:00:00"
"sea77065en315","2023-11-07 00:00:00"
"alopd321512ch","2023-12-16 00:00:00"
"alg033971044fr001","2023-12-27 00:00:00"
"sea8304701714t","2023-11-28 00:00:00"
"crystal8810","2023-12-27 00:00:00"
"alg020272010fr001","2023-12-07 00:00:00"
"klc6274psn","2023-12-07 00:00:00"
"sea41806en305","2023-10-31 00:00:00"
"crystal8629","2023-12-07 00:00:00"
"far246160","2023-12-07 00:00:00"
"sea75434en3710","2023-10-31 00:00:00"
"tol48bn912","2023-10-30 00:00:00"
"sea5192603en962","2023-10-31 00:00:00"
"alg020970010fr001","2023-12-07 00:00:00"
"sea4437303en3710","2024-06-05 00:00:00"
"sea4437304en3710","2024-06-05 00:00:00"
"sea4490304en305","2023-10-31 00:00:00"
"crystal9123","2023-12-07 00:00:00"
"klc315035sn","2023-12-07 00:00:00"
"sea8252en368","2023-10-31 00:00:00"
"far246744","2023-12-07 00:00:00"
"sea75435en3710","2023-10-31 00:00:00"
"aloch549640mbop","2023-10-31 00:00:00"
"alowv578925mbag","2023-10-31 00:00:00"
"alowv578925whag","2023-10-31 00:00:00"
"alowv572325whag","2023-10-31 00:00:00"
"kic9035bkt","2023-11-20 00:00:00"
"kic15384azt","2023-12-27 00:00:00"
"far219424","2023-11-20 00:00:00"
"far233379","2023-12-27 00:00:00"
"kic42122bk","2023-10-30 00:00:00"
"far233281","2023-10-30 00:00:00"
"kic49551azled","2023-12-25 00:00:00"
"kic49552bkt","2023-11-08 00:00:00"
"kic49643oz","2023-11-20 00:00:00"
"kic49981bkt","2023-11-20 00:00:00"
"kic15374azt","2023-11-27 00:00:00"
"kic15374bkt","2023-11-06 00:00:00"
"kic15490cbr","2023-11-13 00:00:00"
"kic8111bk","2023-10-28 00:00:00"
"kic55120ni","2023-10-30 00:00:00"
"far218824","2023-12-25 00:00:00"
"far218826","2023-11-08 00:00:00"
"far219015","2023-11-20 00:00:00"
"far233374","2023-11-27 00:00:00"
"far233377","2023-11-06 00:00:00"
"far233395","2023-11-13 00:00:00"
"kic16101cbr27","2023-11-13 00:00:00"
"sea6616503en3112","2023-10-31 00:00:00"
"kuzmp84483bk","2023-10-31 00:00:00"
"alowv330216ub","2023-12-13 00:00:00"
"alopd532312mbcl","2023-12-13 00:00:00"
"alopd531515mbop","2023-12-16 00:00:00"
"alopd507216mbop","2023-10-31 00:00:00"
"alofm402513gdop","2023-10-31 00:00:00"
"far233310","2023-11-13 00:00:00"
"sea8338751en371","2023-10-31 00:00:00"
"alg11664010fr001","2023-12-07 00:00:00"
"alg11706010fr001","2023-12-01 00:00:00"
"alg11194010fr001","2023-12-07 00:00:00"
"alg11198010fr001","2023-12-07 00:00:00"
"klc9000bb","2023-12-07 00:00:00"
"klc6273psn","2023-12-07 00:00:00"
"klc9017bb","2023-12-07 00:00:00"
"klc310471bvb","2023-12-07 00:00:00"
"alg034940038fr001","2023-12-01 00:00:00"
"alg012173045fr001","2023-12-07 00:00:00"
"alg030220038","2023-12-07 00:00:00"
"klc511522wb","2023-12-07 00:00:00"
"alg034971010fr001","2023-12-07 00:00:00"
"alg036121052fr001","2023-11-09 00:00:00"
"alg11717010fr001","2023-12-07 00:00:00"
"alg037457014fr001","2023-12-07 00:00:00"
"klc304850cg","2023-12-07 00:00:00"
"klc509950wb","2023-12-07 00:00:00"
"alg037021014fr001","2023-12-07 00:00:00"
"alg036656010fr001","2023-12-07 00:00:00"
"alg031651038fr001","2023-11-20 00:00:00"
"alg028750017fr001","2023-12-07 00:00:00"
"alg11702010fr001","2023-12-01 00:00:00"
"klc311350pn","2023-12-07 00:00:00"
"klc313534brb","2023-12-07 00:00:00"
"klc315031ch","2023-12-07 00:00:00"
"out73243748","2023-10-27 00:00:00"
"crystal8632","2023-12-07 00:00:00"
"crystal6085","2023-12-01 00:00:00"
"crystal8644","2023-12-07 00:00:00"
"crystal6092","2023-12-07 00:00:00"
"far246127","2023-12-07 00:00:00"
"far246159","2023-12-07 00:00:00"
"far246178","2023-12-07 00:00:00"
"far246228","2023-12-07 00:00:00"
"crystal6123","2023-12-01 00:00:00"
"crystal8750","2023-12-07 00:00:00"
"crystal6047","2023-12-07 00:00:00"
"far246404","2023-12-07 00:00:00"
"crystal8838","2023-12-07 00:00:00"
"crystal8865","2023-11-09 00:00:00"
"crystal8885","2023-12-07 00:00:00"
"crystal8926","2023-12-07 00:00:00"
"far246492","2023-12-07 00:00:00"
"far246599","2023-12-07 00:00:00"
"crystal8980","2023-12-07 00:00:00"
"crystal9007","2023-12-07 00:00:00"
"crystal9070","2023-11-20 00:00:00"
"crystal9116","2023-12-07 00:00:00"
"crystal9169","2023-12-01 00:00:00"
"far246695","2023-12-07 00:00:00"
"far246724","2023-12-07 00:00:00"
"far246738","2023-12-07 00:00:00"
"kic16020bkt30","2023-11-27 00:00:00"
"far233482","2023-11-27 00:00:00"
"far245660","2023-10-30 00:00:00"
"kic55016ni","2023-11-20 00:00:00"
"sea3180706en848","2023-12-08 00:00:00"
"kic15pl300azt","2023-10-30 00:00:00"
"sea5233en962","2023-10-31 00:00:00"
"kic15310bkt","2023-11-02 00:00:00"
"kic8108ni","2023-10-28 00:00:00"
"sea8718301en371","2023-10-31 00:00:00"
"far113827","2023-10-31 00:00:00"
"far233110","2023-11-02 00:00:00"
"alg11630018fr001","2023-12-07 00:00:00"
"crystal6113","2023-12-07 00:00:00"
"sea65060en3715","2023-10-31 00:00:00"
"kic15477cbr","2023-11-13 00:00:00"
"sea8550701en371","2023-10-31 00:00:00"
"far233388","2023-11-13 00:00:00"
"alg012171010fr001","2023-12-07 00:00:00"
"klc315534sn","2023-11-20 00:00:00"
"sea5140603en12","2023-10-31 00:00:00"
"sea77262en3710","2023-10-31 00:00:00"
"alg035020010fr001","2023-12-07 00:00:00"
"klc311760wb","2023-12-07 00:00:00"
"alg035620041fr001","2023-12-07 00:00:00"
"alg030231038","2023-12-27 00:00:00"
"alg034960010fr001","2023-12-07 00:00:00"
"klc509752pn","2023-12-07 00:00:00"
"alg035556010fr001","2023-12-07 00:00:00"
"alg035564010fr001","2023-12-07 00:00:00"
"sea8890901den312","2024-02-07 00:00:00"
"alg030231010","2023-12-07 00:00:00"
"alg035511010fr001","2023-12-07 00:00:00"
"alg028258010fr001","2023-12-07 00:00:00"
"sea6592101en7962","2024-02-01 00:00:00"
"crystal6081","2023-12-07 00:00:00"
"far246247","2023-11-20 00:00:00"
"crystal8797","2023-12-07 00:00:00"
"far246300","2023-12-07 00:00:00"
"crystal8822","2023-12-07 00:00:00"
"crystal6051","2023-12-27 00:00:00"
"crystal8836","2023-12-07 00:00:00"
"far246469","2023-12-07 00:00:00"
"crystal8902","2023-12-07 00:00:00"
"crystal8904","2023-12-07 00:00:00"
"crystal6050","2023-12-07 00:00:00"
"crystal8973","2023-12-07 00:00:00"
"crystal8994","2023-12-07 00:00:00"
"far249291","2024-02-01 00:00:00"
"klc9164pd","2023-11-24 00:00:00"
"alofm556016ag","2023-12-28 00:00:00"
"alofm402513mbop","2023-11-17 00:00:00"
"far246902","2023-11-24 00:00:00"
"sea65087en3962","2023-10-31 00:00:00"
"hin905236fmwlwa","2024-02-12 00:00:00"
"utt04217","2024-01-02 00:00:00"
"sea7890902en371","2023-10-31 00:00:00"
"sea3121603en3962","2023-10-31 00:00:00"
"klc506440mg","2023-12-01 00:00:00"
"sea7739803en3710","2023-10-31 00:00:00"
"sea65160en3710","2023-10-31 00:00:00"
"sea3120209en3962","2023-10-31 00:00:00"
"far246273","2023-12-01 00:00:00"
"kic49551bktled","2023-12-25 00:00:00"
"kic9039bk","2023-10-30 00:00:00"
"sea4113701en3962","2023-10-31 00:00:00"
"far218825","2023-12-25 00:00:00"
"alg036921052fr001","2023-12-07 00:00:00"
"crystal9013","2023-12-07 00:00:00"
"kic15810bkt27r","2023-10-27 00:00:00"
"hin0900ss","2024-03-04 00:00:00"
"sea8736301en312","2023-10-31 00:00:00"
"klc510620csl","2023-12-07 00:00:00"
"klc507540bi","2023-12-07 00:00:00"
"far246402","2023-12-07 00:00:00"
"far246564","2023-12-07 00:00:00"
"kic49831oz","2023-10-30 00:00:00"
"far218936","2023-10-30 00:00:00"
"sea5692605en962","2023-10-31 00:00:00"
"sea4102801en3112","2023-11-07 00:00:00"
"sea6692605en848","2023-10-31 00:00:00"
"kuzpd52732bk","2023-11-06 00:00:00"
"kuzvl52727bn","2023-10-31 00:00:00"
"kuzfm6012bk","2024-01-05 00:00:00"
"kuz51562ch","2023-12-14 00:00:00"
"kuzfm1515bg","2023-12-21 00:00:00"
"alomp321230pn","2023-10-31 00:00:00"
"aloch517338mbcl","2023-11-17 00:00:00"
"kuz494213gy","2023-10-31 00:00:00"
"alowv321201nb","2023-10-31 00:00:00"
"alopd506210agcl","2023-12-13 00:00:00"
"alowv578805whag","2023-11-10 00:00:00"
"alovl524217mbcl","2023-11-17 00:00:00"
"alofm501212mbop","2023-11-17 00:00:00"
"sea65062en3962","2023-10-31 00:00:00"
"klc509751wb","2023-12-07 00:00:00"
"klc405421mb","2023-12-07 00:00:00"
"klc405422mb","2023-12-07 00:00:00"
"klc513671bwb","2023-12-27 00:00:00"
"alg036822010fr001","2023-12-07 00:00:00"
"alg037256010fr001","2023-12-01 00:00:00"
"alg030851010fr001","2023-12-07 00:00:00"
"far246394","2023-12-07 00:00:00"
"far246424","2023-12-07 00:00:00"
"far246425","2023-12-07 00:00:00"
"far246466","2023-12-27 00:00:00"
"crystal8906","2023-12-07 00:00:00"
"crystal8920","2023-12-01 00:00:00"
"crystal8961","2023-12-07 00:00:00"
"sea3130703en3962","2023-10-31 00:00:00"
"klc2891vi","2023-12-01 00:00:00"
"alg031951039fr001","2023-12-07 00:00:00"
"sea7724305en05","2023-11-07 00:00:00"
"sea8547901den371","2023-10-31 00:00:00"
"far246144","2023-12-01 00:00:00"
"crystal8944","2023-12-07 00:00:00"
"hin12070bk","2023-11-30 00:00:00"
"sea75436en3112","2023-10-31 00:00:00"
"sea7780703en962","2023-11-07 00:00:00"
"sea82941en371","2023-10-31 00:00:00"
"kuzvl61620ch","2023-11-06 00:00:00"
"alg030250010","2023-12-07 00:00:00"
"alg11630010fr001","2023-12-07 00:00:00"
"alg025720010fr001","2023-12-07 00:00:00"
"alg025721018fr001","2023-12-27 00:00:00"
"klc9412bb","2023-12-07 00:00:00"
"klc311352pn","2023-12-07 00:00:00"
"alg11192038fr001","2023-12-07 00:00:00"
"alg027622038fr001","2023-12-07 00:00:00"
"klc305032pn","2023-11-20 00:00:00"
"klc305033pn","2023-12-07 00:00:00"
"klc507650ol","2023-12-07 00:00:00"
"alg033652014fr001","2023-12-07 00:00:00"
"alg030250038","2023-11-20 00:00:00"
"klc511521wb","2023-12-07 00:00:00"
"alg033651050fr001","2023-12-07 00:00:00"
"alg034940010fr001","2023-12-07 00:00:00"
"alg034851046fr001","2023-12-07 00:00:00"
"alg036151052fr001","2023-12-07 00:00:00"
"alg036160052fr001","2023-12-07 00:00:00"
"alg035532010fr001","2023-12-07 00:00:00"
"alg037455014fr001","2023-12-07 00:00:00"
"sea4418502en3112","2023-10-31 00:00:00"
"klc302834sn","2023-12-07 00:00:00"
"klc310410sn","2023-12-01 00:00:00"
"klc315952nrb","2023-11-20 00:00:00"
"klc511858bcg","2023-12-07 00:00:00"
"alg037055014fr001","2023-12-07 00:00:00"
"alg037061014fr001","2023-12-07 00:00:00"
"alg030260010","2023-12-07 00:00:00"
"alg036656038fr001","2023-11-09 00:00:00"
"alg036657038fr001","2023-12-07 00:00:00"
"alg012173010fr001","2023-12-07 00:00:00"
"alg11631018fr001","2023-11-20 00:00:00"
"alg11635018fr001","2023-12-07 00:00:00"
"klc302351gl","2023-12-07 00:00:00"
"klc315532sn","2023-12-01 00:00:00"
"sea862070171","2023-12-06 00:00:00"
"crystal6058","2023-12-07 00:00:00"
"crystal8663","2023-12-07 00:00:00"
"crystal8665","2023-12-07 00:00:00"
"crystal8666","2023-12-27 00:00:00"
"far246181","2023-12-07 00:00:00"
"far246212","2023-12-07 00:00:00"
"crystal6117","2023-12-07 00:00:00"
"crystal6119","2023-12-07 00:00:00"
"far246281","2023-11-20 00:00:00"
"far246282","2023-12-07 00:00:00"
"far246286","2023-12-07 00:00:00"
"crystal6136","2023-12-07 00:00:00"
"crystal6059","2023-11-20 00:00:00"
"far246403","2023-12-07 00:00:00"
"crystal8831","2023-12-07 00:00:00"
"crystal8834","2023-12-07 00:00:00"
"crystal8844","2023-12-07 00:00:00"
"crystal8867","2023-12-07 00:00:00"
"crystal8870","2023-12-07 00:00:00"
"crystal6143","2023-12-07 00:00:00"
"crystal8925","2023-12-07 00:00:00"
"far246488","2023-12-07 00:00:00"
"far246522","2023-12-01 00:00:00"
"far246534","2023-11-20 00:00:00"
"far246589","2023-12-07 00:00:00"
"crystal8982","2023-12-07 00:00:00"
"crystal8984","2023-12-07 00:00:00"
"crystal8996","2023-12-07 00:00:00"
"crystal9008","2023-11-09 00:00:00"
"crystal9010","2023-12-07 00:00:00"
"crystal9029","2023-12-07 00:00:00"
"crystalw7966","2023-11-20 00:00:00"
"crystalw7971","2023-12-07 00:00:00"
"far246657","2023-12-07 00:00:00"
"far246764","2023-12-01 00:00:00"
"sea8262en44","2023-10-31 00:00:00"
"sea75434en3848","2023-10-31 00:00:00"
"sea88242en312","2023-10-31 00:00:00"
"sea8590901d71","2023-10-31 00:00:00"
"sea6238751en312","2023-10-31 00:00:00"
"sea6516501en3710","2023-10-31 00:00:00"
"far251103","2023-10-28 00:00:00"
"far251104","2023-10-28 00:00:00"
"far251141","2023-10-30 00:00:00"
"far251142","2023-11-03 00:00:00"
"far251177","2023-10-30 00:00:00"
"far251189","2023-10-30 00:00:00"
"far251227","2023-11-13 00:00:00"
"sea6637304en3710","2024-06-05 00:00:00"
"kic15820azt","2023-10-28 00:00:00"
"kic15764azt27r","2023-10-26 00:00:00"
"kic16141cbr27","2023-10-28 00:00:00"
"kic16141cbr30","2023-10-28 00:00:00"
"sea3128803en3962","2023-10-31 00:00:00"
"kuzws54615ch","2023-12-09 00:00:00"
"far233182","2023-10-28 00:00:00"
"far233414","2023-10-26 00:00:00"
"far233512","2023-10-28 00:00:00"
"far233513","2023-10-28 00:00:00"
"kic55121ni","2023-12-25 00:00:00"
"sea7728803en3710","2023-10-31 00:00:00"
"kic15cs300ss","2023-10-30 00:00:00"
"far251180","2023-12-25 00:00:00"
"far245649","2023-10-30 00:00:00"
"kic49059oz","2023-10-30 00:00:00"
"kic49644oz","2023-10-30 00:00:00"
"liv2059904","2024-01-01 00:00:00"
"alg030260038","2023-11-20 00:00:00"
"hin905236fmblwa","2023-12-23 00:00:00"
"far218675","2023-10-30 00:00:00"
"far218862","2023-10-30 00:00:00"
"far207069","2024-01-01 00:00:00"
"crystal7910","2023-11-20 00:00:00"
"kic5336nis","2023-11-08 00:00:00"
"far233240","2023-11-08 00:00:00"
"kic59028bktled","2023-10-30 00:00:00"
"far219356","2023-10-30 00:00:00"
"alg030259010","2023-12-07 00:00:00"
"alg031721010fr000","2023-12-07 00:00:00"
"alg031722010fr000","2023-12-07 00:00:00"
"alg031724010fr000","2023-11-20 00:00:00"
"klc9161pd","2023-12-07 00:00:00"
"crystal6148","2023-12-07 00:00:00"
"crystal9025","2023-12-07 00:00:00"
"crystal9026","2023-12-07 00:00:00"
"crystal9028","2023-11-20 00:00:00"
"far246899","2023-12-07 00:00:00"
"kuzew70714bk","2023-10-31 00:00:00"
"kuzew70720bk","2023-10-31 00:00:00"
"kuzlp32942wk","2023-11-17 00:00:00"
"kuzlp32942wt","2023-10-31 00:00:00"
"kuzpd30501bgcl","2023-11-06 00:00:00"
"kuzpd30501bkcl","2023-11-06 00:00:00"
"kuzpd30505bgcl","2023-11-06 00:00:00"
"kuzpd30505bkcl","2023-11-06 00:00:00"
"kuzvl52512bkcl","2023-12-16 00:00:00"
"kuzvl52520bkcl","2023-12-16 00:00:00"
"kuzvl53511bkcl","2023-12-16 00:00:00"
"kuzvl53519bkcl","2023-12-16 00:00:00"
"kuzws52505bkcl","2023-12-16 00:00:00"
"kuzws52511bkcl","2023-12-16 00:00:00"
"kuzws53505bkcl","2023-12-16 00:00:00"
"alowv473706mbop","2023-12-11 00:00:00"
"seaol5911enbk","2023-10-31 00:00:00"
"sea8690901d71","2023-10-31 00:00:00"
"alg034750010fr001","2023-12-07 00:00:00"
"alg036655038fr001","2023-12-01 00:00:00"
"kuzws53322ch","2023-12-09 00:00:00"
"alopd601608agcl","2023-12-28 00:00:00"
"crystal8785","2023-12-07 00:00:00"
"crystal9006","2023-12-01 00:00:00"
"kic45149ch","2023-11-08 00:00:00"
"far218344","2023-11-08 00:00:00"
"lar83053lcb","2023-10-24 00:00:00"
"kic3293ni","2023-10-28 00:00:00"
"kic45150ch","2023-11-17 00:00:00"
"kic45152ch","2023-11-14 00:00:00"
"sea4421604en305","2024-03-13 00:00:00"
"sea8790901den371","2023-10-31 00:00:00"
"kic16153bkt27","2023-11-06 00:00:00"
"kic16157azt30","2023-10-26 00:00:00"
"kic365bk","2023-11-01 00:00:00"
"kic9322bk","2023-10-28 00:00:00"
"sea3190303en05","2023-10-31 00:00:00"
"sea5279403en962","2023-11-07 00:00:00"
"sea6115201en3710","2023-10-31 00:00:00"
"sea6634506en848","2023-10-31 00:00:00"
"kuzvl62224ch","2023-12-13 00:00:00"
"kic15pl200azt","2023-10-30 00:00:00"
"kic15pl600azt","2023-12-01 00:00:00"
"kic15pl100azt","2023-12-01 00:00:00"
"far218346","2023-11-17 00:00:00"
"far218350","2023-11-14 00:00:00"
"far233534","2023-11-06 00:00:00"
"far233552","2023-10-26 00:00:00"
"far233683","2023-11-01 00:00:00"
"far233926","2023-10-28 00:00:00"
"far245661","2023-12-01 00:00:00"
"kic43693ni","2023-11-27 00:00:00"
"kic59062bsl","2023-11-20 00:00:00"
"out73239738","2023-10-27 00:00:00"
"hin2598bkll","2023-11-14 00:00:00"
"sea4418504en3962","2023-10-31 00:00:00"
"sea8290901en371","2023-10-31 00:00:00"
"hin53062bk","2023-11-30 00:00:00"
"murol8601trdt","2023-10-31 00:00:00"
"sea4428804en3710","2023-10-31 00:00:00"
"sea6616504en3112","2023-10-31 00:00:00"
"sea89936en371","2023-12-11 00:00:00"
"kic55101cpz","2023-11-01 00:00:00"
"kic44031ni","2023-11-06 00:00:00"
"far218119","2023-11-06 00:00:00"
"sea3190303en778","2023-10-31 00:00:00"
"sea4428903en3710","2023-10-31 00:00:00"
"sea4451802en305","2023-10-31 00:00:00"
"kuz492316whgd","2023-10-31 00:00:00"
"kuzpd21703ch","2023-11-17 00:00:00"
"klc514721pbb","2023-12-07 00:00:00"
"klc514721pbn","2023-12-07 00:00:00"
"klc514721pbw","2023-12-07 00:00:00"
"klc515745sn","2023-12-07 00:00:00"
"klc515746pn","2023-12-07 00:00:00"
"klc516055mb","2023-12-07 00:00:00"
"klc516055wb","2023-12-07 00:00:00"
"klc516245wmb","2023-12-07 00:00:00"
"klc516261wmb","2023-12-07 00:00:00"
"klc516271wmb","2023-12-07 00:00:00"
"klc516272wmb","2023-12-07 00:00:00"
"klc516341wb","2023-12-07 00:00:00"
"klc516342wb","2023-12-07 00:00:00"
"klc516343wb","2023-12-07 00:00:00"
"klc517421wnb","2023-12-07 00:00:00"
"klc517461wnb","2023-12-07 00:00:00"
"klc517471wnb","2023-12-07 00:00:00"
"klc517472wnb","2023-12-07 00:00:00"
"klc517473wnb","2023-12-07 00:00:00"
"klc517555mb","2023-12-07 00:00:00"
"klc517555pn","2023-12-07 00:00:00"
"klc517555wb","2023-12-07 00:00:00"
"klc517721hbr","2023-12-07 00:00:00"
"klc517721pw","2023-12-07 00:00:00"
"klc517771hbr","2023-12-07 00:00:00"
"klc517771pw","2023-12-07 00:00:00"
"klc517772hbr","2023-12-07 00:00:00"
"klc517772pw","2023-12-07 00:00:00"
"klc517921sbw","2023-12-07 00:00:00"
"klc517971sbw","2023-12-07 00:00:00"
"klc517371mb","2023-12-07 00:00:00"
"klc517372mb","2023-12-07 00:00:00"
"klc517361mb","2023-12-07 00:00:00"
"klc517911mb","2023-12-07 00:00:00"
"klc517912mb","2023-12-07 00:00:00"
"klc517913mb","2023-12-07 00:00:00"
"klc516921bcg","2023-12-07 00:00:00"
"klc516955bcg","2023-12-07 00:00:00"
"klc516961bcg","2023-12-07 00:00:00"
"klc515145ol","2023-12-01 00:00:00"
"alg038121044fr001","2023-12-07 00:00:00"
"alg038155044fr001","2023-12-07 00:00:00"
"alg038156044fr001","2023-12-07 00:00:00"
"alg038655046fr001","2023-12-07 00:00:00"
"alg038656046fr001","2023-12-07 00:00:00"
"alg038657046fr001","2023-12-07 00:00:00"
"alg039021032fr001","2023-12-07 00:00:00"
"alg039021061fr001","2023-12-07 00:00:00"
"alg039071032fr001","2023-12-07 00:00:00"
"alg039071061fr001","2023-12-07 00:00:00"
"alg039072032fr001","2023-12-07 00:00:00"
"alg039072061fr001","2023-12-07 00:00:00"
"alg039161010fr001","2023-12-07 00:00:00"
"alg039162010fr001","2023-12-07 00:00:00"
"alg039162052fr001","2023-12-07 00:00:00"
"alg090022052fr001","2023-12-07 00:00:00"
"alg090121052fr001","2023-12-07 00:00:00"
"alg090122052fr001","2023-12-07 00:00:00"
"alg090221052fr001","2023-12-07 00:00:00"
"alg090222052fr001","2023-12-07 00:00:00"
"alg090321052fr001","2023-12-07 00:00:00"
"alg090322052fr001","2023-12-07 00:00:00"
"alg090421052fr001","2023-11-09 00:00:00"
"alg095523052fr001","2023-11-20 00:00:00"
"alg038921038fr001","2023-12-07 00:00:00"
"alg038956038fr001","2023-12-07 00:00:00"
"alg038961038fr001","2023-12-07 00:00:00"
"alg039355039fr001","2023-12-07 00:00:00"
"alg039357039fr001","2023-12-07 00:00:00"
"alg039361039fr001","2023-12-07 00:00:00"
"alg039656044fr001","2023-12-07 00:00:00"
"alg039657044fr001","2023-12-07 00:00:00"
"alg039661044fr001","2023-12-01 00:00:00"
"sea8518301en304","2023-10-31 00:00:00"
"kic15811azt27r","2023-10-27 00:00:00"
"kic2693ni","2023-10-26 00:00:00"
"kic49962avi","2023-11-03 00:00:00"
"kic15764azt30r","2023-10-30 00:00:00"
"kic16154azt27","2023-11-13 00:00:00"
"kic52435ni","2023-10-30 00:00:00"
"kuzpd70615smbn","2023-12-16 00:00:00"
"alowv325106vbar","2023-10-31 00:00:00"
"far233176","2023-10-27 00:00:00"
"far233415","2023-10-30 00:00:00"
"far233536","2023-11-13 00:00:00"
"far251152","2023-10-30 00:00:00"
"frefr46402blk","2024-03-08 00:00:00"
"kic15810bkt30r","2023-10-28 00:00:00"
"hin1565sk","2023-10-27 00:00:00"
"sea82200en12","2023-10-31 00:00:00"
"mondr36bnz","2024-02-27 00:00:00"
"kuzws14947bk","2023-11-08 00:00:00"
"far500416","2024-02-27 00:00:00"
"hin3382hb","2023-11-01 00:00:00"
"kic43494bk","2023-10-30 00:00:00"
"kic42121oz","2023-10-28 00:00:00"
"kuzvl4721ch","2023-10-31 00:00:00"
"far233230","2023-10-28 00:00:00"
"sea5392604en848","2023-10-31 00:00:00"
"kuz601485bnled","2023-11-10 00:00:00"
"alopd568212bgop","2023-12-09 00:00:00"
"sea77160en3710","2023-10-31 00:00:00"
"out73238738","2023-10-27 00:00:00"
"sea93403s15","2024-03-01 00:00:00"
"sea93403s849","2024-03-01 00:00:00"
"hin2595bk","2023-11-14 00:00:00"
"kic16020cbr27","2023-11-13 00:00:00"
"kic16152bkt30","2023-10-26 00:00:00"
"kic16154bkt27","2023-10-26 00:00:00"
"kic16154bkt30","2023-10-28 00:00:00"
"kic16155azt27","2023-12-01 00:00:00"
"kuzmp14850wh","2023-10-31 00:00:00"
"far233539","2023-10-28 00:00:00"
"far233542","2023-12-01 00:00:00"
"kic15470azt","2023-11-20 00:00:00"
"kic15845bkt","2023-11-20 00:00:00"
"kic15848bkt","2023-10-30 00:00:00"
"kic49120avi","2023-11-20 00:00:00"
"kic49193wzc","2023-11-20 00:00:00"
"kic49444ba","2023-11-20 00:00:00"
"kic49693bkt","2023-11-13 00:00:00"
"kic49740oz","2023-11-20 00:00:00"
"kic9040rz","2023-12-27 00:00:00"
"kic9234bk","2023-11-06 00:00:00"
"kic49330rz","2023-11-01 00:00:00"
"kic43683bk","2023-12-04 00:00:00"
"kic49894bk","2023-11-01 00:00:00"
"kic52437ni","2023-10-30 00:00:00"
"kic59105bk","2023-11-20 00:00:00"
"kic15igt100","2023-11-06 00:00:00"
"far233150","2023-11-20 00:00:00"
"far233201","2023-10-30 00:00:00"
"far218690","2023-11-20 00:00:00"
"far218715","2023-11-20 00:00:00"
"far218788","2023-11-20 00:00:00"
"far218883","2023-11-13 00:00:00"
"far218907","2023-11-20 00:00:00"
"far233266","2023-11-06 00:00:00"
"far218760","2023-11-01 00:00:00"
"far251158","2023-10-30 00:00:00"
"far251204","2023-11-20 00:00:00"
"sea6238751en371","2023-10-31 00:00:00"
"alowv321201pn","2023-10-31 00:00:00"
"alopd505108agop","2023-10-31 00:00:00"
"avacoventryvs49gt","2023-10-31 00:00:00"
"sea6247701en344","2023-10-31 00:00:00"
"hin2590bk","2023-10-24 00:00:00"
"hin1594bzll","2023-12-25 00:00:00"
"sea3124303en848","2023-12-06 00:00:00"
"kic44171bk","2023-11-06 00:00:00"
"alopd530341agop","2023-12-28 00:00:00"
"hin17020bkll","2023-11-09 00:00:00"
"far245689","2023-11-06 00:00:00"
"kic11309bktled","2023-11-06 00:00:00"
"kic15789cbr","2023-11-06 00:00:00"
"kic9611ss","2023-10-30 00:00:00"
"sea4115201en3710","2023-10-31 00:00:00"
"sea4428904en3962","2023-10-31 00:00:00"
"far233040","2023-11-06 00:00:00"
"far233295","2023-11-06 00:00:00"
"far233929","2023-10-30 00:00:00"
"hin1804oz","2023-11-30 00:00:00"
"hin2680bk","2023-11-21 00:00:00"
"sea8552701en312","2023-10-31 00:00:00"
"hin1565bz","2023-10-27 00:00:00"
"kic4u30k12wht","2023-11-13 00:00:00"
"klc315034sn","2023-12-07 00:00:00"
"sea4134501en848","2023-10-31 00:00:00"
"sea854770144t","2023-10-31 00:00:00"
"kuz601484bnled","2023-11-22 00:00:00"
"kuzsf62014bkch","2023-12-23 00:00:00"
"alowv470108mbgo","2024-02-07 00:00:00"
"alofm522016mbop","2023-11-17 00:00:00"
"far246236","2023-12-07 00:00:00"
"sea4130701en3112","2023-10-31 00:00:00"
"sea4421603en3112","2023-12-15 00:00:00"
"kic16015azt30","2023-11-13 00:00:00"
"kic16020bkt27","2023-11-13 00:00:00"
"kic16023cbr30","2023-11-27 00:00:00"
"kic16024cbr30","2023-11-27 00:00:00"
"kic16162azt50","2023-11-27 00:00:00"
"kic16162cbr27","2023-11-27 00:00:00"
"far233449","2023-11-13 00:00:00"
"far233489","2023-11-27 00:00:00"
"far233647","2023-11-27 00:00:00"
"kic15805bkt30r","2023-10-26 00:00:00"
"kic15806bkt30r","2023-10-26 00:00:00"
"kic15810cbr30","2023-11-27 00:00:00"
"kic15pr200ss","2023-12-02 00:00:00"
"far233440","2023-11-27 00:00:00"
"far245665","2023-12-02 00:00:00"
"liv4618146","2023-10-30 00:00:00"
"liv4707108","2023-10-30 00:00:00"
"liv4707146","2023-10-30 00:00:00"
"liv4906568","2023-12-30 00:00:00"
"sea6501801en704","2023-10-31 00:00:00"
"lar85402bk","2023-11-14 00:00:00"
"far249186","2023-10-31 00:00:00"
"kic45576oz","2023-11-13 00:00:00"
"alowv316501vbms","2023-10-31 00:00:00"
"kuzpd19347bk","2023-10-31 00:00:00"
"kuzpd95108bk","2023-12-14 00:00:00"
"kuzew7018gh","2023-12-28 00:00:00"
"kuzer7120bk","2023-12-28 00:00:00"
"alopd530313agop","2023-11-17 00:00:00"
"alopd587105mbcl","2023-10-31 00:00:00"
"alowv505106agop","2023-11-17 00:00:00"
"alowv505106mbop","2023-12-16 00:00:00"
"alofm501214mbop","2023-12-09 00:00:00"
"alopd401606mbsm","2023-12-12 00:00:00"
"kuzws25350bg","2023-12-13 00:00:00"
"sea89025en312","2023-12-11 00:00:00"
"frefr46406blk","2024-02-20 00:00:00"
"sea4402804en3112","2023-11-07 00:00:00"
"kuzvl47225bk","2023-10-31 00:00:00"
"sea6102801en3962","2023-11-07 00:00:00"
"kuzpd87748wh","2023-11-06 00:00:00"
"hin41267bng","2023-11-06 00:00:00"
"far252573","2023-10-30 00:00:00"
"far252575","2023-10-30 00:00:00"
"far252576","2023-10-30 00:00:00"
"far252577","2023-12-30 00:00:00"
"sea3130703en3112","2023-10-31 00:00:00"
"gol55165blkmws","2023-11-16 00:00:00"
"lar83377lcb","2023-10-24 00:00:00"
"lar85402lcb","2023-11-14 00:00:00"
"kuzvl52727bk","2023-10-31 00:00:00"
"kuzsf15102bk","2023-12-13 00:00:00"
"kuzsf15102wh","2023-12-13 00:00:00"
"kuzvl60224bk","2023-11-17 00:00:00"
"alowv578805mbag","2023-12-22 00:00:00"
"farw232788","2023-11-16 00:00:00"
"far212163","2023-11-20 00:00:00"
"sea4418502en305","2023-10-31 00:00:00"
"kovp842609l","2023-10-27 00:00:00"
"hin40384blkcml","2023-11-23 00:00:00"
"sea4402804en3848","2023-11-07 00:00:00"
"alowv307919vbcl","2023-12-16 00:00:00"
"hin1005oz","2023-11-21 00:00:00"
"kic42995snled","2023-11-07 00:00:00"
"hin1557bz","2023-11-21 00:00:00"
"hin1565sw","2023-11-04 00:00:00"
"hin10231tk","2023-11-22 00:00:00"
"kuzch18537bk","2023-12-28 00:00:00"
"alofm584507mb","2023-12-21 00:00:00"
"far217641","2023-11-07 00:00:00"
"ele1114d10br","2024-01-31 00:00:00"
"alofm501212bgop","2023-10-31 00:00:00"
"alopd501214bgop","2023-10-31 00:00:00"
"crystal8401","2024-01-31 00:00:00"
"kuzws14923wh","2023-10-31 00:00:00"
"kuz41411bk","2023-10-31 00:00:00"
"kuzfm44912bkwh","2023-12-21 00:00:00"
"kic49444az","2023-11-20 00:00:00"
"kic16101bkt30","2023-11-13 00:00:00"
"kic16101gry27","2023-11-27 00:00:00"
"kic15503cbr","2023-11-23 00:00:00"
"kic209wh","2023-10-28 00:00:00"
"hin1649skll","2023-11-09 00:00:00"
"hin2594bkll","2023-11-13 00:00:00"
"hin1649skled","2023-11-09 00:00:00"
"kic52444ni","2023-10-30 00:00:00"
"kic59104bk","2023-11-20 00:00:00"
"sea4198101en3848","2023-12-08 00:00:00"
"hin2592bkll","2023-11-13 00:00:00"
"kuzew60312bz","2023-12-13 00:00:00"
"alopd601608mbcl","2023-10-31 00:00:00"
"far233309","2023-11-13 00:00:00"
"far233312","2023-11-27 00:00:00"
"far233654","2023-10-28 00:00:00"
"farw240840","2023-11-09 00:00:00"
"far251167","2023-10-30 00:00:00"
"far251202","2023-11-20 00:00:00"
"avacoventryvs49nt","2023-10-31 00:00:00"
"avacoventryvs73gt","2023-10-31 00:00:00"
"avacoventryvs73nt","2023-10-31 00:00:00"
"avakaivs31brw","2023-11-18 00:00:00"
"avakaivs31nt","2023-11-18 00:00:00"
"sea4421602en3710","2023-10-31 00:00:00"
"kic15087azt","2023-11-06 00:00:00"
"sea3190505en3848","2023-11-07 00:00:00"
"kuzer3003wh","2023-10-31 00:00:00"
"kuzep56913bkop","2023-10-31 00:00:00"
"far233363","2023-11-06 00:00:00"
"kic49840oz","2023-10-30 00:00:00"
"kic49960avi","2023-11-03 00:00:00"
"far218947","2023-10-30 00:00:00"
"hin1536bz","2023-10-27 00:00:00"
"hin3241br","2023-11-02 00:00:00"
"hin1004bk","2023-11-29 00:00:00"
"kic360002sbk","2023-11-03 00:00:00"
"hin1224sk","2023-11-22 00:00:00"
"hin2570ar","2023-10-31 00:00:00"
"kuzew60210bk","2023-11-08 00:00:00"
"kuzvl61224bk","2023-10-31 00:00:00"
"kuzat67010bk","2024-01-04 00:00:00"
"kuzch14348bn","2023-10-31 00:00:00"
"alowv322114vbar","2023-12-21 00:00:00"
"far500217","2023-11-03 00:00:00"
"kic59088bk","2023-11-20 00:00:00"
"sea4490302en3778","2023-10-31 00:00:00"
"sea8520701en312","2024-03-22 00:00:00"
"kuzat7972bn","2023-12-09 00:00:00"
"alowv524006agop","2023-11-17 00:00:00"
"alowv524006mbop","2023-11-17 00:00:00"
"alowv548217mbcl","2023-10-31 00:00:00"
"kuzew4405wh","2023-11-17 00:00:00"
"alovl638221bncl","2023-11-17 00:00:00"
"aloch450715mbcw","2023-11-17 00:00:00"
"aloch450732mbcw","2023-11-17 00:00:00"
"alowv450706mbcw","2023-11-17 00:00:00"
"avacoventryv48gt","2023-10-30 00:00:00"
"out7125378l","2023-10-27 00:00:00"
"kic42456nbr","2023-11-08 00:00:00"
"klc315950nrb","2023-12-07 00:00:00"
"klc405520bsg","2023-12-07 00:00:00"
"kic5017ch","2023-10-30 00:00:00"
"tol26bn912","2023-10-30 00:00:00"
"kuztr10015bk","2023-11-08 00:00:00"
"alowv506108agcl","2023-11-17 00:00:00"
"alowv505219agop","2023-10-31 00:00:00"
"far217535","2023-11-08 00:00:00"
"far246532","2023-12-07 00:00:00"
"far246595","2023-12-07 00:00:00"
"kic310103wcp","2023-10-28 00:00:00"
"hin1007bk","2023-11-29 00:00:00"
"kic15496cbr","2023-11-06 00:00:00"
"kic16157bkt27","2023-11-06 00:00:00"
"kic55087ni","2023-10-30 00:00:00"
"kic16172bkt30","2023-11-06 00:00:00"
"kuzmp3003","2023-10-31 00:00:00"
"alopd401505mbsm","2023-10-31 00:00:00"
"kic52582cpz","2023-11-06 00:00:00"
"far217218","2023-10-28 00:00:00"
"far233553","2023-11-06 00:00:00"
"far239840","2023-11-06 00:00:00"
"far252402","2023-11-06 00:00:00"
"hin900956fmbnwa","2023-11-11 00:00:00"
"hun19200","2023-11-19 00:00:00"
"gol81063pcdb","2023-10-26 00:00:00"
"gol0809mvgai","2023-10-26 00:00:00"
"gol6071o4pnbclr","2023-10-26 00:00:00"
"sea7724305en112","2023-11-07 00:00:00"
"kuz601471whled","2023-10-31 00:00:00"
"kuz701313chled","2023-11-17 00:00:00"
"far206129","2023-10-26 00:00:00"
"far232960","2023-10-26 00:00:00"
"farw239909","2023-10-26 00:00:00"
"kic15310cbr","2023-11-13 00:00:00"
"sea8736401en312","2023-10-31 00:00:00"
"kic16150azt27","2023-10-28 00:00:00"
"sea6177101en3848","2023-12-04 00:00:00"
"kuzvl63724bk","2023-11-17 00:00:00"
"kuzlp10356bk","2023-11-06 00:00:00"
"kuzlp18248wh","2024-01-10 00:00:00"
"alosf505326mbop","2023-10-31 00:00:00"
"far221868","2023-10-31 00:00:00"
"far233516","2023-10-28 00:00:00"
"klc505891ol","2023-12-01 00:00:00"
"klc520521ol","2023-12-07 00:00:00"
"klc520541ol","2023-12-15 00:00:00"
"klc520555ol","2023-11-17 00:00:00"
"klc520561ol","2023-11-17 00:00:00"
"klc520021ol","2023-12-07 00:00:00"
"klc520055ol","2023-12-01 00:00:00"
"klc520056ol","2023-12-07 00:00:00"
"klc520057ol","2023-12-07 00:00:00"
"klc520061ol","2023-12-07 00:00:00"
"klc520255mw","2023-12-15 00:00:00"
"klc520256mw","2023-10-31 00:00:00"
"klc520271mw","2023-12-07 00:00:00"
"klc520272mw","2023-12-07 00:00:00"
"klc520321bvb","2023-12-07 00:00:00"
"klc520321wvb","2023-12-07 00:00:00"
"klc520353bvb","2023-12-07 00:00:00"
"klc520353wvb","2023-12-07 00:00:00"
"klc520355bvb","2023-12-07 00:00:00"
"klc520355wvb","2023-12-15 00:00:00"
"klc520356bvb","2023-12-07 00:00:00"
"klc520356wvb","2023-12-07 00:00:00"
"klc520361bvb","2023-12-07 00:00:00"
"klc520455pab","2023-12-07 00:00:00"
"klc518421wb","2023-12-07 00:00:00"
"klc518422wb","2023-12-07 00:00:00"
"klc518461wb","2023-11-20 00:00:00"
"klc518721wb","2023-12-01 00:00:00"
"klc517055wg","2023-12-07 00:00:00"
"klc517055wy","2023-12-07 00:00:00"
"klc517056wg","2023-12-07 00:00:00"
"klc517056wy","2023-12-07 00:00:00"
"klc518521ng","2023-12-27 00:00:00"
"klc518561ng","2023-11-20 00:00:00"
"klc516521mb","2023-12-07 00:00:00"
"klc516571mb","2023-12-07 00:00:00"
"klc519821agg","2023-12-07 00:00:00"
"klc519871agg","2023-12-07 00:00:00"
"klc519861agg","2023-12-07 00:00:00"
"klc518321mb","2023-12-07 00:00:00"
"klc518361mb","2023-12-07 00:00:00"
"alg027895010fr001","2023-12-07 00:00:00"
"alg028391010fr001","2023-12-07 00:00:00"
"alg028395010fr001","2023-12-01 00:00:00"
"alg037911038fr001","2023-12-07 00:00:00"
"alg037951038fr001","2023-12-07 00:00:00"
"alg037991010fr001","2023-12-07 00:00:00"
"alg037995010fr001","2023-12-07 00:00:00"
"alg039156010fr001","2023-12-07 00:00:00"
"alg039156052fr001","2023-12-07 00:00:00"
"alg039256044fr001","2023-12-07 00:00:00"
"alg039555062fr001","2023-12-07 00:00:00"
"alg039556062fr001","2023-12-01 00:00:00"
"alg039557062fr001","2023-12-07 00:00:00"
"alg090121064fr001","2023-11-09 00:00:00"
"alg090122064fr001","2023-11-09 00:00:00"
"alg090221064fr001","2023-12-07 00:00:00"
"alg090301052fr001","2023-12-07 00:00:00"
"alg090341052fr001","2023-12-07 00:00:00"
"alg090422010fr001","2023-11-09 00:00:00"
"alg095521064fr001","2023-12-07 00:00:00"
"alg095541052fr001","2023-12-07 00:00:00"
"alg095542052fr001","2023-12-07 00:00:00"
"alg095543052fr001","2023-12-07 00:00:00"
"alg095544052fr001","2023-12-07 00:00:00"
"alg095545052fr001","2023-12-07 00:00:00"
"alg099021063fr001","2023-12-01 00:00:00"
"alg099022063fr001","2023-12-07 00:00:00"
"alg099032052fr001","2023-12-07 00:00:00"
"alg099042052fr001","2023-12-07 00:00:00"
"liv651548","2023-12-30 00:00:00"
"sea6022en315","2023-10-31 00:00:00"
"kic44085ni","2023-11-20 00:00:00"
"kic49570wzc","2023-11-07 00:00:00"
"kic42526bk","2023-12-18 00:00:00"
"sea8631702en3753","2024-02-28 00:00:00"
"klc309520chsapph","2023-12-07 00:00:00"
"murol9004trdt","2023-10-31 00:00:00"
"kuzws8324bk","2023-12-13 00:00:00"
"kuzvl62224bk","2023-11-17 00:00:00"
"kuzlp18248bg","2023-12-13 00:00:00"
"alopd524110agcl","2024-01-04 00:00:00"
"alopd522016mbop","2023-12-16 00:00:00"
"alopd401505mbcl","2023-10-31 00:00:00"
"alopd461101mb","2024-01-04 00:00:00"
"far102376","2023-12-30 00:00:00"
"far218179","2023-11-20 00:00:00"
"far246509","2023-12-07 00:00:00"
"hin1001bk","2023-10-25 00:00:00"
"hin38894lcb","2023-11-16 00:00:00"
"hin55023bn","2023-11-01 00:00:00"
"lar83195bk","2023-10-29 00:00:00"
"kuzpd87136bk","2023-11-06 00:00:00"
"kuzws74114bk","2023-10-31 00:00:00"
"kuz402801chled","2023-10-31 00:00:00"
"alowv322623vbar","2023-12-19 00:00:00"
"alowv584510mb","2023-10-31 00:00:00"
"alopd540411bngo","2023-12-13 00:00:00"
"frefr30506hbr","2023-11-01 00:00:00"
"kuzvl57532bksm","2023-10-31 00:00:00"
"kic49384oz","2023-11-07 00:00:00"
"kic49502wzc","2023-11-07 00:00:00"
"kic6322ni","2023-11-27 00:00:00"
"kic49331rz","2023-11-20 00:00:00"
"sea8993712","2023-11-17 00:00:00"
"sea4430702en3112","2023-10-31 00:00:00"
"hin1000bk","2023-11-29 00:00:00"
"hin1160bk","2023-11-10 00:00:00"
"kic16141ss30","2023-10-28 00:00:00"
"kic15384bkt24","2023-10-28 00:00:00"
"kic9320wh","2023-10-28 00:00:00"
"hin1005ozll","2023-11-14 00:00:00"
"kic4u30k22wht","2023-11-13 00:00:00"
"sea3320205710","2023-11-17 00:00:00"
"sea6677101en3112","2023-10-31 00:00:00"
"sea823875112","2023-11-22 00:00:00"
"far218761","2023-11-20 00:00:00"
"far233515","2023-10-28 00:00:00"
"far233628","2023-10-28 00:00:00"
"farw240883","2023-11-14 00:00:00"
"crystal9499","2023-12-07 00:00:00"
"crystal9501","2023-12-07 00:00:00"
"crystal9503","2023-12-01 00:00:00"
"crystal9505","2023-12-07 00:00:00"
"crystal9507","2023-12-07 00:00:00"
"crystal9509","2023-12-07 00:00:00"
"crystal9510","2023-12-07 00:00:00"
"crystal9512","2023-12-07 00:00:00"
"crystal9513","2023-12-07 00:00:00"
"crystal9514","2023-12-07 00:00:00"
"crystal9515","2023-12-07 00:00:00"
"crystal9516","2023-12-01 00:00:00"
"crystal9517","2023-12-07 00:00:00"
"crystal9527","2023-11-09 00:00:00"
"crystal9528","2023-11-09 00:00:00"
"crystal9529","2023-12-07 00:00:00"
"crystal9531","2023-12-07 00:00:00"
"crystal9534","2023-12-07 00:00:00"
"crystal9535","2023-11-09 00:00:00"
"crystal9538","2023-12-07 00:00:00"
"crystal9542","2023-12-07 00:00:00"
"crystal9543","2023-12-07 00:00:00"
"crystal9544","2023-12-07 00:00:00"
"crystal9545","2023-12-07 00:00:00"
"crystal9546","2023-12-01 00:00:00"
"crystal9547","2023-12-07 00:00:00"
"crystal9548","2023-12-07 00:00:00"
"crystal9549","2023-12-07 00:00:00"
"far252689","2023-12-01 00:00:00"
"far252690","2023-12-07 00:00:00"
"far252691","2023-12-15 00:00:00"
"far252692","2023-11-17 00:00:00"
"far252693","2023-11-17 00:00:00"
"far252694","2023-12-07 00:00:00"
"far252695","2023-12-01 00:00:00"
"far252696","2023-12-07 00:00:00"
"far252697","2023-12-07 00:00:00"
"far252698","2023-12-07 00:00:00"
"far252699","2023-12-15 00:00:00"
"far252700","2023-10-31 00:00:00"
"far252701","2023-12-07 00:00:00"
"far252702","2023-12-07 00:00:00"
"far252703","2023-12-07 00:00:00"
"far252704","2023-12-07 00:00:00"
"far252705","2023-12-07 00:00:00"
"far252706","2023-12-07 00:00:00"
"far252707","2023-12-07 00:00:00"
"far252708","2023-12-15 00:00:00"
"far252709","2023-12-07 00:00:00"
"far252710","2023-12-07 00:00:00"
"far252711","2023-12-07 00:00:00"
"far252713","2023-12-07 00:00:00"
"far252721","2023-12-07 00:00:00"
"far252722","2023-12-07 00:00:00"
"far252723","2023-11-20 00:00:00"
"far252725","2023-12-01 00:00:00"
"far252729","2023-12-07 00:00:00"
"far252730","2023-12-07 00:00:00"
"far252731","2023-12-07 00:00:00"
"far252732","2023-12-07 00:00:00"
"far252733","2023-12-27 00:00:00"
"far252735","2023-11-20 00:00:00"
"far252736","2023-12-07 00:00:00"
"far252737","2023-12-07 00:00:00"
"far252741","2023-12-07 00:00:00"
"far252742","2023-12-07 00:00:00"
"far252743","2023-12-07 00:00:00"
"far252753","2023-12-07 00:00:00"
"far252754","2023-12-07 00:00:00"
"alg021773017fr001","2023-12-07 00:00:00"
"kic330174ni","2023-11-14 00:00:00"
"kic42141nbr","2023-10-28 00:00:00"
"kic52072sn","2023-11-03 00:00:00"
"kic360005oz","2023-10-31 00:00:00"
"alg021773032fr001","2023-12-07 00:00:00"
"kuzat7935bn","2023-12-13 00:00:00"
"alowv418006mb","2023-11-17 00:00:00"
"crystal8697","2023-12-07 00:00:00"
"far217361","2023-11-14 00:00:00"
"far217475","2023-10-28 00:00:00"
"far500283","2023-10-31 00:00:00"
"crystal9032","2023-12-07 00:00:00"
"kic43691oz","2023-11-03 00:00:00"
"kic16016azt27","2023-11-13 00:00:00"
"kic16016bkt27","2023-11-27 00:00:00"
"kic16016cbr30","2023-11-13 00:00:00"
"kic16017cbr27","2023-11-13 00:00:00"
"kic16018cbr30","2023-11-13 00:00:00"
"kic16019azt30","2023-11-13 00:00:00"
"kic16020cbr30","2023-11-13 00:00:00"
"kic16023cbr27","2023-11-27 00:00:00"
"kic360005obb","2023-10-31 00:00:00"
"kic360006bss","2024-02-22 00:00:00"
"kic16160azt30","2023-11-27 00:00:00"
"kic16161azt30","2023-11-27 00:00:00"
"hin2594bu","2023-11-14 00:00:00"
"hin2595bu","2023-11-14 00:00:00"
"alopd302003mbbg","2023-12-11 00:00:00"
"far233454","2023-11-13 00:00:00"
"far233456","2023-11-27 00:00:00"
"far233459","2023-11-13 00:00:00"
"far233465","2023-11-13 00:00:00"
"far233472","2023-11-13 00:00:00"
"far233488","2023-11-27 00:00:00"
"far500281","2023-10-31 00:00:00"
"far500298","2024-02-22 00:00:00"
"far233634","2023-11-27 00:00:00"
"far233640","2023-11-27 00:00:00"
"farw240844","2023-11-14 00:00:00"
"sea6290901en312","2023-10-31 00:00:00"
"hin52483hb","2023-11-18 00:00:00"
"gencw1121mwtbbs","2023-12-01 00:00:00"
"alolp317460vb","2023-12-16 00:00:00"
"kuzew6818gy","2023-12-13 00:00:00"
"kuzpd87160wh","2024-01-13 00:00:00"
"kuzmp14970bk","2023-10-31 00:00:00"
"alowv321101nb","2023-10-31 00:00:00"
"alowv301001mb","2023-11-17 00:00:00"
"kuzew4405bk","2023-10-31 00:00:00"
"kuzlp70548bkwh","2023-10-31 00:00:00"
"kuzws18236wh","2023-12-13 00:00:00"
"kuzws54615bk","2023-11-17 00:00:00"
"alowv523210bg","2023-12-21 00:00:00"
"alopd529116agop","2023-10-31 00:00:00"
"alopd473710agop","2023-12-28 00:00:00"
"hin3405hb","2023-10-28 00:00:00"
"hin3407bk","2023-11-01 00:00:00"
"hin3641hb","2023-11-16 00:00:00"
"klc9162pd","2023-12-01 00:00:00"
"alg038757052fr001","2023-12-07 00:00:00"
"alg038755052fr001","2023-12-07 00:00:00"
"klc519621stb","2023-11-20 00:00:00"
"klc519021vbz","2023-12-07 00:00:00"
"klc519061vbz","2023-12-07 00:00:00"
"klc519071vbz","2023-12-07 00:00:00"
"klc518945bcg","2023-12-07 00:00:00"
"klc518971bcg","2023-12-07 00:00:00"
"klc518972bcg","2023-12-07 00:00:00"
"alg037952038fr001","2023-12-07 00:00:00"
"alg095501052fr001","2023-12-07 00:00:00"
"far246900","2023-12-01 00:00:00"
"far252739","2023-11-20 00:00:00"
"far252744","2023-12-07 00:00:00"
"far252745","2023-12-07 00:00:00"
"far252746","2023-12-07 00:00:00"
"far252748","2023-12-07 00:00:00"
"far252749","2023-12-07 00:00:00"
"far252750","2023-12-07 00:00:00"
"crystal9508","2023-12-07 00:00:00"
"crystal9537","2023-12-07 00:00:00"
"hin53770bk","2023-11-22 00:00:00"
"sea6601801en7848","2023-12-05 00:00:00"
"kuzlp14947bk","2023-10-31 00:00:00"
"kuztl95121bk","2023-12-09 00:00:00"
"alomp321203nb","2023-10-31 00:00:00"
"alosf517220mbcl","2023-12-13 00:00:00"
"alowv572325mbag","2023-10-31 00:00:00"
"alowv505219mbop","2023-10-31 00:00:00"
"alopd550545mbag","2023-11-17 00:00:00"
"alowv550006mbag","2023-10-31 00:00:00"
"alopd501212mbop","2023-12-13 00:00:00"
"alowv648217mb","2024-01-27 00:00:00"
"far249296","2023-12-05 00:00:00"
"sea8590901den371","2023-10-31 00:00:00"
"sea7537302en3710","2024-06-05 00:00:00"
"kuzch3128","2023-12-13 00:00:00"
"kuzpd87748bg","2023-11-06 00:00:00"
"kuzpd1709bn","2023-11-08 00:00:00"
"kuzpd82724bk","2023-10-31 00:00:00"
"kuzew60307bn","2023-11-17 00:00:00"
"kuz601001bkled","2023-12-13 00:00:00"
"kuzvl61220bk","2023-10-31 00:00:00"
"aloch648637mb","2023-10-31 00:00:00"
"gol13233pebb","2023-11-16 00:00:00"
"murvs23402ch","2024-01-25 00:00:00"
"sea3139003en3962","2023-10-31 00:00:00"
"sea4424502en3710","2023-10-31 00:00:00"
"sea6022en304","2023-10-31 00:00:00"
"sea65160en305","2023-10-31 00:00:00"
"sea75436en305","2023-10-31 00:00:00"
"sea8247901en371","2023-10-31 00:00:00"
"sea8335en312","2023-10-31 00:00:00"
"gol08884pabi","2023-11-16 00:00:00"
"sea7728803en3112","2024-02-14 00:00:00"
"seaol5904encb","2023-10-31 00:00:00"
"sea8831702753","2023-11-27 00:00:00"
"sea5134908en962","2023-10-31 00:00:00"
"seafm312en3ch","2023-10-31 00:00:00"
"seafm313en3ch","2023-10-31 00:00:00"
"seafm313en3orb","2023-10-31 00:00:00"
"sea6290901en371","2023-10-31 00:00:00"
"sea8590901d12","2024-01-03 00:00:00"
"gol0883sai","2023-11-21 00:00:00"
"monmc260pn","2024-02-27 00:00:00"
"mondr18wgr","2024-02-27 00:00:00"
"mondr48dwz","2024-02-09 00:00:00"
"mondra18ati","2024-02-09 00:00:00"
"mondra72ati","2024-02-09 00:00:00"
"gol1073m1lblk","2023-11-16 00:00:00"
"out7126666","2023-11-13 00:00:00"
"sea3102803en3848","2023-11-07 00:00:00"
"sea3124309en848","2023-11-07 00:00:00"
"sea3137309en3962","2024-06-25 00:00:00"
"sea3320205en962","2023-10-31 00:00:00"
"sea41160en3112","2023-10-31 00:00:00"
"sea4128901en305","2023-10-31 00:00:00"
"sea4137301en3710","2024-07-05 00:00:00"
"sea4428904en305","2023-10-31 00:00:00"
"sea44808en305","2023-10-31 00:00:00"
"sea6020en3848","2023-10-31 00:00:00"
"sea861830112","2024-01-16 00:00:00"
"sea8753en315","2023-10-31 00:00:00"
"sea93483s15","2024-04-10 00:00:00"
"sea93483s849","2024-04-10 00:00:00"
"genaef1001mbk","2023-11-27 00:00:00"
"gol0307fm10blkrog","2023-11-16 00:00:00"
"farw205037","2023-11-16 00:00:00"
"far232425","2023-11-16 00:00:00"
"far232704","2023-11-21 00:00:00"
"far500359","2024-02-27 00:00:00"
"far500646","2024-02-09 00:00:00"
"far500651","2024-02-09 00:00:00"
"far232811","2023-11-16 00:00:00"
"far246030","2023-11-16 00:00:00"
"vaxp0174","2024-01-15 00:00:00"
"out7125379l","2023-10-27 00:00:00"
"kic11077bkt","2023-11-06 00:00:00"
"hin3403hb","2023-11-29 00:00:00"
"sea6093812","2023-12-04 00:00:00"
"kuzlp95354bk","2023-10-31 00:00:00"
"kuzpd75021bk","2023-10-31 00:00:00"
"kuzws74122bg","2023-10-31 00:00:00"
"farw200335","2024-01-15 00:00:00"
"far233062","2023-11-06 00:00:00"
"kic49646oz","2023-11-20 00:00:00"
"kic49893oz","2023-12-25 00:00:00"
"kic49946bktled","2023-11-06 00:00:00"
"kic9042bk","2023-11-20 00:00:00"
"kic49980oz","2023-11-20 00:00:00"
"kic15765azt27r","2023-10-26 00:00:00"
"kic52428bk","2023-10-26 00:00:00"
"kic59077bktled","2023-11-17 00:00:00"
"kuzlp14840bk","2023-12-09 00:00:00"
"kuzfm22815gy","2023-12-09 00:00:00"
"kuzpd80730","2023-10-31 00:00:00"
"alopd321132nb","2023-10-31 00:00:00"
"kuzep19404wh","2023-12-13 00:00:00"
"kuzfm1515wh","2023-10-31 00:00:00"
"kuzpd11119bk","2023-10-31 00:00:00"
"kuzat7972wh","2023-12-13 00:00:00"
"alowv330216vb","2023-12-13 00:00:00"
"kic15pr75ss","2023-12-25 00:00:00"
"kic45295cpz","2023-11-27 00:00:00"
"kic45297cpz","2023-10-30 00:00:00"
"aloch506129agop","2023-10-31 00:00:00"
"alopd528412mb","2023-12-09 00:00:00"
"far218863","2023-11-20 00:00:00"
"far219000","2023-11-06 00:00:00"
"far219432","2023-11-20 00:00:00"
"far219013","2023-11-20 00:00:00"
"far233420","2023-10-26 00:00:00"
"far251337","2023-11-17 00:00:00"
"far245668","2023-12-25 00:00:00"
"klc315533ch","2023-12-01 00:00:00"
"alg027621038fr001","2023-12-01 00:00:00"
"alg034922038fr001","2023-11-20 00:00:00"
"alg035551010fr001","2023-11-20 00:00:00"
"gol60706blkblk","2023-11-01 00:00:00"
"alg035952003fr001","2023-11-09 00:00:00"
"alg035533010fr001","2023-12-07 00:00:00"
"klc512511wb","2023-11-09 00:00:00"
"alg030230010","2023-12-07 00:00:00"
"alg035512010fr001","2023-11-09 00:00:00"
"klc310422sn","2023-11-20 00:00:00"
"alg020247010fr001","2023-11-06 00:00:00"
"alg020942010fr001","2023-12-07 00:00:00"
"alg037922010fr001","2023-11-30 00:00:00"
"klc315533sn","2023-12-01 00:00:00"
"sea8618301en312","2023-11-21 00:00:00"
"kic43675bk","2023-11-27 00:00:00"
"far246245","2023-12-01 00:00:00"
"crystal8728","2023-12-01 00:00:00"
"crystal6127","2023-11-20 00:00:00"
"crystal8817","2023-11-20 00:00:00"
"farw205995","2023-11-01 00:00:00"
"crystal8856","2023-11-09 00:00:00"
"crystal8873","2023-12-07 00:00:00"
"far246439","2023-11-09 00:00:00"
"crystal6048","2023-12-07 00:00:00"
"crystal8974","2023-11-09 00:00:00"
"far240899","2023-11-20 00:00:00"
"crystal9091","2023-11-06 00:00:00"
"crystal9096","2023-12-07 00:00:00"
"crystal9228","2023-11-30 00:00:00"
"far246765","2023-12-01 00:00:00"
"far245757","2023-11-27 00:00:00"
"kic16019bkt27","2023-11-27 00:00:00"
"kic16019bkt30","2023-11-27 00:00:00"
"gencw1192bbs","2023-12-29 00:00:00"
"sea6524201en3848","2023-11-07 00:00:00"
"metn7355790","2023-12-27 00:00:00"
"klc520361wvb","2023-12-07 00:00:00"
"far233476","2023-11-27 00:00:00"
"far252712","2023-12-07 00:00:00"
"sea4121601en3962","2023-12-19 00:00:00"
"min409384","2023-11-20 00:00:00"
"alovl524217chop","2023-11-08 00:00:00"
"min287366al","2024-01-12 00:00:00"
"hin1324bk","2023-10-24 00:00:00"
"klc400620mz","2023-12-07 00:00:00"
"sea65061en3715","2023-10-31 00:00:00"
"alg034720010fr001","2023-12-07 00:00:00"
"alg034751010fr001","2023-11-20 00:00:00"
"genkw1031mbk","2024-01-31 00:00:00"
"gentp1031ai","2023-11-17 00:00:00"
"hin13590bkll","2023-11-29 00:00:00"
"hin38893lcb","2023-11-01 00:00:00"
"hin57550bn","2023-11-16 00:00:00"
"sea4490303en3778","2023-10-31 00:00:00"
"sea5292604en112","2023-11-29 00:00:00"
"kuzpd87136wh","2023-10-31 00:00:00"
"kuz492824bkgd","2023-12-21 00:00:00"
"kuzws46604gbk","2023-11-17 00:00:00"
"kuz494412bk","2023-11-17 00:00:00"
"alopl307912vbtl","2023-10-31 00:00:00"
"alopd627914mb","2023-10-31 00:00:00"
"aloew533006bkcb","2023-12-13 00:00:00"
"alovl540322mbgo","2023-12-28 00:00:00"
"alopd548315mbsm","2023-10-31 00:00:00"
"hin23014bk","2023-11-22 00:00:00"
"klc401921mb","2023-12-01 00:00:00"
"klc519455wb","2023-12-07 00:00:00"
"far246192","2023-12-07 00:00:00"
"crystal8784","2023-12-07 00:00:00"
"crystal8787","2023-11-20 00:00:00"
"far252751","2023-12-07 00:00:00"
"aloch328129aw","2024-01-06 00:00:00"
"alowv328209aw","2024-01-01 00:00:00"
"alowv328611aw","2024-01-01 00:00:00"
"aloch342545mbhl","2023-12-21 00:00:00"
"alopd342020mbhl","2023-12-14 00:00:00"
"alowv342105mbhl","2023-12-14 00:00:00"
"aloch343625mbcn","2024-01-01 00:00:00"
"alowv343104mbcn","2024-01-01 00:00:00"
"alopd331016mbvb","2024-01-01 00:00:00"
"alopd331024mbvb","2024-01-11 00:00:00"
"aloch340041mw","2023-12-28 00:00:00"
"aloch342545mwhl","2023-12-13 00:00:00"
"alopd342020mwhl","2023-12-13 00:00:00"
"alowv342105mwhl","2023-12-14 00:00:00"
"aloch343625mwcn","2024-01-01 00:00:00"
"alowv343104mwcn","2024-01-01 00:00:00"
"alopd331016mwvb","2024-01-01 00:00:00"
"alopd331024mwvb","2024-01-11 00:00:00"
"alopd321724nb","2023-10-31 00:00:00"
"alowv321628nb","2023-11-06 00:00:00"
"aloch340041pb","2023-12-28 00:00:00"
"alopd344020pbgo","2023-12-21 00:00:00"
"alolp348241pnpg","2023-12-11 00:00:00"
"alopd344020pngo","2023-12-14 00:00:00"
"alolp348241pnop","2023-12-11 00:00:00"
"alopd348022pnop","2023-12-21 00:00:00"
"alopd348114pnop","2023-12-11 00:00:00"
"alowv348224pnop","2023-11-06 00:00:00"
"aloch336830ub","2023-12-19 00:00:00"
"alowv327019ubar","2024-02-02 00:00:00"
"alopd348114ubpg","2023-12-21 00:00:00"
"alofm332615ubcr","2023-12-16 00:00:00"
"alofm332919ubcr","2023-12-16 00:00:00"
"alosf332919ubcr","2023-12-28 00:00:00"
"aloch332830ubcr","2023-12-14 00:00:00"
"alopd350318ubgo","2024-01-01 00:00:00"
"alopd344014ubgo","2023-12-21 00:00:00"
"alopd344020ubgo","2023-12-21 00:00:00"
"alosf344012ubgo","2023-12-21 00:00:00"
"aloch355632ubgo","2023-10-31 00:00:00"
"alolp348241ubop","2023-12-11 00:00:00"
"alopd350318ubsm","2024-01-01 00:00:00"
"alopd350318ubwo","2024-01-01 00:00:00"
"alowv320323vb","2023-11-06 00:00:00"
"aloch336830vb","2023-12-21 00:00:00"
"aloch320837vbar","2023-12-16 00:00:00"
"alolp348241vbpg","2023-12-11 00:00:00"
"alopd348114vbpg","2023-12-11 00:00:00"
"alofm332615vbcr","2023-12-16 00:00:00"
"alofm332919vbcr","2023-12-16 00:00:00"
"alosf332919vbcr","2023-12-28 00:00:00"
"aloch332830vbcr","2023-12-14 00:00:00"
"aloch348038vbfr","2023-10-31 00:00:00"
"alopd350318vbgo","2024-01-01 00:00:00"
"aloch355632vbgo","2023-10-31 00:00:00"
"alopd348114vbop","2023-12-21 00:00:00"
"alopd350318vbsm","2024-01-01 00:00:00"
"alopd350318vbwo","2024-01-01 00:00:00"
"kuztl73708mbch","2023-12-16 00:00:00"
"kic49278bkled","2023-12-25 00:00:00"
"kuzew71305gy","2023-10-31 00:00:00"
"kuzvl60220ch","2023-12-25 00:00:00"
"alopd321201pn","2024-01-30 00:00:00"
"alopd502204mbcr","2023-12-21 00:00:00"
"alovl505125agop","2023-12-16 00:00:00"
"alowv473706agop","2023-12-11 00:00:00"
"far218744","2023-12-25 00:00:00"
"sea6517401en3846","2024-02-23 00:00:00"
"out9156a357","2023-11-29 00:00:00"
"genaew1002bbsmbk","2023-12-08 00:00:00"
"kuzpd1712bk","2023-10-31 00:00:00"
"kuzpd14740bk","2023-12-16 00:00:00"
"kuzch88232bk","2023-11-06 00:00:00"
"kuzpd15824bk","2023-12-14 00:00:00"
"alg020451003fr001","2023-12-07 00:00:00"
"utt04354","2023-12-21 00:00:00"
"utt21587","2023-11-20 00:00:00"
"utt22901","2023-11-07 00:00:00"
"crystal8717","2023-12-07 00:00:00"
"sea6691004en962","2023-11-07 00:00:00"
"kuz401431bnled","2023-12-19 00:00:00"
"sea4111601en3710","2023-10-31 00:00:00"
"kic15820cbr27","2023-10-28 00:00:00"
"kic15088bk","2023-10-28 00:00:00"
"kic15317azt","2023-10-28 00:00:00"
"kic15815bkt30r","2023-11-20 00:00:00"
"kic15857azt27r","2023-10-28 00:00:00"
"kic16124bkt27","2023-10-28 00:00:00"
"kic300117wh","2023-10-28 00:00:00"
"kic42275ni","2023-10-30 00:00:00"
"kic49205bk","2023-11-13 00:00:00"
"kic49474rz","2023-10-30 00:00:00"
"kic49476rz","2023-12-27 00:00:00"
"kic49642oz","2023-11-07 00:00:00"
"kic49965avi","2023-12-27 00:00:00"
"kic9039rz","2023-11-13 00:00:00"
"kic9357bkt","2023-12-27 00:00:00"
"murol13202pdb","2023-12-14 00:00:00"
"liv4954104","2023-12-30 00:00:00"
"kic42525bk","2023-11-20 00:00:00"
"kic59029bktled","2023-10-30 00:00:00"
"kic16103gry27","2023-11-13 00:00:00"
"hin1167bk","2023-10-25 00:00:00"
"hin3241bk","2023-11-01 00:00:00"
"kic15800azt30r","2023-11-27 00:00:00"
"kic15880cbr27","2023-11-06 00:00:00"
"kic16157bkt30","2023-11-06 00:00:00"
"hin990072fmb","2023-10-27 00:00:00"
"kic360000sbk","2024-01-08 00:00:00"
"kic360001sbk","2023-11-15 00:00:00"
"kic360003sbk","2023-11-15 00:00:00"
"metn9200","2024-02-21 00:00:00"
"kic209oz","2023-11-14 00:00:00"
"kic59082bkt","2023-11-01 00:00:00"
"kic8655ni","2023-10-26 00:00:00"
"hin1004bkll","2023-11-10 00:00:00"
"hin1004ozll","2023-11-10 00:00:00"
"hin12074bk","2023-11-22 00:00:00"
"kic59016bk","2023-10-30 00:00:00"
"kic16171cbr27","2023-10-30 00:00:00"
"kic49924oz","2023-11-01 00:00:00"
"hin2804bkll","2023-11-29 00:00:00"
"sea3190309en962","2023-10-31 00:00:00"
"sea6692101112","2023-11-17 00:00:00"
"kic15764bkt27r","2023-11-13 00:00:00"
"kuzpd52724wt","2023-11-17 00:00:00"
"kuzmp28356bn","2023-10-31 00:00:00"
"kuz492814bkgd","2023-10-31 00:00:00"
"kuzpd22735bs","2023-11-08 00:00:00"
"kuz493513bk","2024-01-27 00:00:00"
"kuz402401bgled","2023-10-31 00:00:00"
"kuzat6610wh","2023-12-09 00:00:00"
"kuzlp16236bk","2023-10-31 00:00:00"
"kuzmp75121bg","2023-12-13 00:00:00"
"kuzvl90133bk","2023-10-31 00:00:00"
"kuzer3003bz","2023-12-28 00:00:00"
"kuzer3003gy","2023-11-17 00:00:00"
"kuzws18224bk","2023-12-13 00:00:00"
"alopd506210agop","2023-10-31 00:00:00"
"aloew552009bkcl","2023-12-21 00:00:00"
"hin17025bkll","2023-11-09 00:00:00"
"gol3136fmblkop","2023-11-01 00:00:00"
"alowv450706agcw","2023-10-31 00:00:00"
"utt25288","2023-12-28 00:00:00"
"far233095","2023-10-28 00:00:00"
"far233203","2023-10-28 00:00:00"
"far218721","2023-11-13 00:00:00"
"far218795","2023-10-30 00:00:00"
"far218797","2023-12-27 00:00:00"
"far218860","2023-11-07 00:00:00"
"far219007","2023-12-27 00:00:00"
"far219448","2023-12-27 00:00:00"
"far207361","2023-12-30 00:00:00"
"far219357","2023-10-30 00:00:00"
"far233332","2023-11-13 00:00:00"
"far233437","2023-11-27 00:00:00"
"far233447","2023-11-06 00:00:00"
"far233554","2023-11-06 00:00:00"
"far500786","2023-10-27 00:00:00"
"far500175","2024-01-08 00:00:00"
"far500196","2023-11-15 00:00:00"
"far500238","2023-11-15 00:00:00"
"far233653","2023-11-14 00:00:00"
"far233885","2023-11-01 00:00:00"
"far233920","2023-10-26 00:00:00"
"farw240885","2023-11-10 00:00:00"
"far239817","2023-10-30 00:00:00"
"far239756","2023-11-01 00:00:00"
"far251246","2023-11-13 00:00:00"
"far251771","2023-11-01 00:00:00"
"hin2234oz","2023-11-05 00:00:00"
"hin1000si","2023-11-22 00:00:00"
"hin1004si","2023-11-22 00:00:00"
"kic45576ni","2023-11-10 00:00:00"
"hin3405bk","2023-11-01 00:00:00"
"kic43497nbr","2023-11-27 00:00:00"
"hin4885bb","2023-10-31 00:00:00"
"kic45392ni","2023-11-27 00:00:00"
"hin51270bk","2023-11-03 00:00:00"
"hin45048bx","2023-10-31 00:00:00"
"hin51092bkhb","2023-11-01 00:00:00"
"lar82010bkll","2023-11-21 00:00:00"
"lar853450hb","2023-10-29 00:00:00"
"kuzws14935wh","2023-12-13 00:00:00"
"kuzpd22753bs","2023-12-25 00:00:00"
"alopd321201nb","2023-11-17 00:00:00"
"kuzch97139bk","2023-12-09 00:00:00"
"hun19049","2023-11-19 00:00:00"
"hun19654","2023-11-19 00:00:00"
"alopd524006mbop","2023-12-09 00:00:00"
"hin23010bk","2023-10-27 00:00:00"
"hin53102lcb","2023-11-30 00:00:00"
"hun13081","2023-11-19 00:00:00"
"hun19882","2023-11-19 00:00:00"
"far218481","2023-11-10 00:00:00"
"far217826","2023-11-27 00:00:00"
"gol1821m1lbi","2023-11-21 00:00:00"
"sea7813801en315","2023-11-14 00:00:00"
"kic45974oz","2023-11-10 00:00:00"
"kic16213bkt30","2023-10-26 00:00:00"
"hin1594mzll","2023-11-20 00:00:00"
"sea8548401en371","2023-11-07 00:00:00"
"sea8560701pmen371","2024-01-05 00:00:00"
"kuzvl47225ch","2023-11-17 00:00:00"
"kuzws53318ch","2023-12-31 00:00:00"
"alovl505136agop","2023-11-17 00:00:00"
"zlt1943p8mgld","2023-11-17 00:00:00"
"utt301991","2023-11-23 00:00:00"
"far205094","2023-11-21 00:00:00"
"far218674","2023-11-10 00:00:00"
"sea6517401en3962","2023-10-31 00:00:00"
"kic49126dbk","2023-12-18 00:00:00"
"kic49387oz","2023-11-07 00:00:00"
"nor5377pnfr","2023-11-15 00:00:00"
"kic16015azt27","2023-11-13 00:00:00"
"kic16015bkt27","2023-11-13 00:00:00"
"kic16017cbr30","2023-11-27 00:00:00"
"kic16025cbr27","2023-11-27 00:00:00"
"kic16160cbr27","2023-11-27 00:00:00"
"acl87tw","2023-12-08 00:00:00"
"alowv316601ubms","2023-10-31 00:00:00"
"kuzws13748bn","2023-12-13 00:00:00"
"kuzch93941an","2023-12-13 00:00:00"
"kuzch93941as","2023-12-13 00:00:00"
"hin905248fmwlwa","2023-12-29 00:00:00"
"frefr30200bngbg","2023-11-06 00:00:00"
"frefr40904bgr","2023-11-06 00:00:00"
"far218778","2023-11-07 00:00:00"
"far233448","2023-11-13 00:00:00"
"far233450","2023-11-13 00:00:00"
"far233466","2023-11-27 00:00:00"
"far233492","2023-11-27 00:00:00"
"far251989","2023-12-08 00:00:00"
"liv260204","2023-12-18 00:00:00"
"vaxw0075","2023-12-09 00:00:00"
"sea4115201en305","2023-10-31 00:00:00"
"sea6680301en3112","2023-12-05 00:00:00"
"kuzmp3012","2023-12-21 00:00:00"
"kuzvl18236bg","2024-01-10 00:00:00"
"far100773","2023-12-18 00:00:00"
"far200258","2023-12-09 00:00:00"
"hin4894ws","2023-11-23 00:00:00"
"sea5102506en112","2023-10-31 00:00:00"
"sea4402803en3710","2023-11-07 00:00:00"
"gencp1231mbkbbs","2024-01-23 00:00:00"
"gol05111wblkclr","2023-11-01 00:00:00"
"aloch506129agcl","2023-11-06 00:00:00"
"alofm485214mbop","2023-10-31 00:00:00"
"utt24970","2023-11-15 00:00:00"
"hin4890ws","2023-11-23 00:00:00"
"hin4890bkldb","2023-11-23 00:00:00"
"far245808","2023-11-01 00:00:00"
"farw253038","2023-11-16 00:00:00"
"hin1960mb","2023-10-26 00:00:00"
"klc6608ez","2023-12-07 00:00:00"
"klc312134sn","2023-12-07 00:00:00"
"liv2098404","2023-12-20 00:00:00"
"kic15480cbr","2023-11-13 00:00:00"
"kic15833azt30r","2023-11-13 00:00:00"
"kic15870azt27r","2023-10-27 00:00:00"
"kic43765oz","2023-11-28 00:00:00"
"kic45885oz","2023-10-28 00:00:00"
"kic49739oz","2023-11-01 00:00:00"
"klc511571wb","2023-12-07 00:00:00"
"hin1563sw","2023-11-22 00:00:00"
"klc513161bnb","2023-12-07 00:00:00"
"hin1561skll","2023-11-29 00:00:00"
"kic59060bsl","2023-11-01 00:00:00"
"hin11197mb","2023-11-22 00:00:00"
"hin3691bkcl","2023-11-29 00:00:00"
"hin37850bk","2023-11-22 00:00:00"
"hin41044sk","2023-10-28 00:00:00"
"kuzlp18537bk","2023-11-17 00:00:00"
"kuzpd1709bk","2023-10-31 00:00:00"
"kuzec19404bk","2023-12-28 00:00:00"
"kuztr10022bn","2023-10-31 00:00:00"
"kuz51561bn","2023-12-13 00:00:00"
"kuzat6610bn","2023-12-13 00:00:00"
"kuzvl17024ch","2023-11-17 00:00:00"
"kuzws18236bk","2023-10-31 00:00:00"
"kuzat7972bk","2023-10-31 00:00:00"
"alowv339123vbcr","2023-12-13 00:00:00"
"alofm556016mb","2023-10-31 00:00:00"
"hin57082bkhb","2023-11-10 00:00:00"
"kic55151cpz","2023-11-07 00:00:00"
"kuztl73708ch","2023-12-13 00:00:00"
"farw240260","2023-12-07 00:00:00"
"far246218","2023-12-07 00:00:00"
"far234118","2023-12-20 00:00:00"
"far233156","2023-11-13 00:00:00"
"far233205","2023-10-27 00:00:00"
"far217976","2023-11-28 00:00:00"
"far218604","2023-10-28 00:00:00"
"far246408","2023-12-07 00:00:00"
"far246452","2023-12-07 00:00:00"
"far252415","2023-11-07 00:00:00"
"kovp472084l","2023-12-01 00:00:00"
"liv213707","2023-12-20 00:00:00"
"kic42122oz","2023-11-27 00:00:00"
"kic208wh","2023-11-20 00:00:00"
"kuz599002bn","2023-11-08 00:00:00"
"kuzpd1709ch","2023-10-31 00:00:00"
"kuzpd15302wh","2023-10-31 00:00:00"
"kuzpd9108bkbk","2023-10-31 00:00:00"
"kuz402501bkled","2023-10-31 00:00:00"
"alopd507216slop","2023-12-18 00:00:00"
"alopd529220mbop","2023-12-13 00:00:00"
"aloch302008mbbg","2023-11-10 00:00:00"
"kic52601cpz","2023-11-27 00:00:00"
"far100486","2023-12-20 00:00:00"
"far233232","2023-11-27 00:00:00"
"far251100","2023-11-20 00:00:00"
"far252384","2023-11-27 00:00:00"
"hin903352fmbnwa","2023-10-31 00:00:00"
"sea6601801848","2023-11-28 00:00:00"
"sea8592001en315","2023-10-31 00:00:00"
"lar83053bk","2023-11-14 00:00:00"
"lar83057bk","2023-11-14 00:00:00"
"lar83075bk","2023-11-14 00:00:00"
"lar85400cm","2023-10-24 00:00:00"
"min71544l","2023-12-08 00:00:00"
"sea850912","2023-12-20 00:00:00"
"min409084","2023-11-17 00:00:00"
"sea4137301en3962","2024-06-05 00:00:00"
"sea4428903en3112","2023-10-31 00:00:00"
"kuzws63209bk","2023-12-21 00:00:00"
"mon3erar52rzwd","2024-01-17 00:00:00"
"hin1326bk","2023-11-13 00:00:00"
"sea4411604en3710","2023-10-31 00:00:00"
"kic45971oz","2024-02-22 00:00:00"
"mindr518gl","2023-12-18 00:00:00"
"sea6247701en312","2023-10-31 00:00:00"
"sea7713702en3962","2023-10-31 00:00:00"
"gencc1378pn","2024-02-14 00:00:00"
"gencw1181ai","2023-12-29 00:00:00"
"genet1322pn1","2024-01-31 00:00:00"
"kuzws8332bn","2023-12-13 00:00:00"
"kuzpd61412clbk","2023-12-21 00:00:00"
"kuz49117whsv","2023-11-08 00:00:00"
"kuzfm43414bkgd","2024-01-01 00:00:00"
"kuzmp75213bk","2023-12-13 00:00:00"
"alopl307919vbcl","2023-12-16 00:00:00"
"kuzlp18260bk","2023-12-14 00:00:00"
"alowv334215pnar","2023-10-31 00:00:00"
"alowv528007mb","2023-12-13 00:00:00"
"alopd501212bgop","2023-11-17 00:00:00"
"alopd401505mbop","2023-12-13 00:00:00"
"alowv548217bgcl","2023-11-08 00:00:00"
"utt04343","2024-01-01 00:00:00"
"far218665","2024-02-22 00:00:00"
"hin2804dz","2023-10-31 00:00:00"
"vaxp0177","2024-01-15 00:00:00"
"kic43671ni","2023-11-03 00:00:00"
"kic49843oz","2023-11-20 00:00:00"
"zlt4006fpn","2023-11-14 00:00:00"
"zlt4006spn","2023-11-14 00:00:00"
"hin4993lcb","2023-11-29 00:00:00"
"hun26337","2023-11-10 00:00:00"
"hun99759","2023-11-03 00:00:00"
"hin2805dz","2023-11-29 00:00:00"
"sea4430802en112","2023-11-07 00:00:00"
"kuzpd52719wt","2023-12-13 00:00:00"
"kuz492316bkgd","2023-12-21 00:00:00"
"kuz492324bkgd","2024-01-02 00:00:00"
"kuz492332whgd","2023-12-13 00:00:00"
"alomp316402ubms","2023-11-17 00:00:00"
"alowv316401vbms","2023-10-31 00:00:00"
"kuzfm13124bk","2023-11-08 00:00:00"
"kuzws8318bn","2024-01-06 00:00:00"
"alopd311025ubwg","2023-12-16 00:00:00"
"alopd311030vbbg","2023-12-16 00:00:00"
"kuz401431bkled","2023-11-17 00:00:00"
"kuz401432whled","2023-12-09 00:00:00"
"kuzew6818bk","2023-10-31 00:00:00"
"kuzch87332bk","2024-01-13 00:00:00"
"kuzpd87118wh","2023-12-13 00:00:00"
"kuzpd87124bk","2023-12-13 00:00:00"
"kuzpd87760bk","2023-10-31 00:00:00"
"kuzlp14935bk","2023-11-06 00:00:00"
"kuzws14923bk","2023-10-31 00:00:00"
"kuz493118bkgd","2023-11-17 00:00:00"
"kuzvl19941bk","2023-12-13 00:00:00"
"kuzpd15518bk","2023-11-17 00:00:00"
"kuz601484bkled","2023-11-10 00:00:00"
"kuz601484chled","2023-11-10 00:00:00"
"kuzfm43920whbk","2023-10-31 00:00:00"
"kuzpd50852bk","2023-12-13 00:00:00"
"kuzws33407bk","2023-11-22 00:00:00"
"kuz49117whgd","2024-01-03 00:00:00"
"kuzpd9117whsv","2023-10-31 00:00:00"
"kuz493516bk","2023-11-08 00:00:00"
"kuz493516wh","2024-01-27 00:00:00"
"kuzep19404bk","2023-11-17 00:00:00"
"kuz402401chled","2023-10-31 00:00:00"
"kuz51562bn","2023-12-14 00:00:00"
"kuzvl63736bk","2023-11-06 00:00:00"
"kuz494502lbn","2023-11-08 00:00:00"
"kuz401214bkled","2023-10-31 00:00:00"
"kuz401214bnled","2023-12-13 00:00:00"
"kuzpd75021bg","2023-12-13 00:00:00"
"kuzws74122bk","2023-12-09 00:00:00"
"kuzsf72205bk","2023-10-31 00:00:00"
"kuzpd88530bk","2023-12-13 00:00:00"
"kuzch90136bk","2023-12-14 00:00:00"
"kuzws90101bk","2023-10-31 00:00:00"
"kuz401207bkled","2023-12-13 00:00:00"
"kuzch14356bk","2023-11-06 00:00:00"
"kuzws24332bn","2023-12-13 00:00:00"
"kuzch93824an","2023-11-17 00:00:00"
"kuzws93730as","2023-12-13 00:00:00"
"kuzpd15832ch","2023-12-13 00:00:00"
"kuzfm11011wh","2023-10-31 00:00:00"
"kuzfm11015wh","2023-12-13 00:00:00"
"kuzpd62013bkch","2023-12-13 00:00:00"
"kuzch10345wh","2023-12-13 00:00:00"
"kuzlp10356bn","2023-10-31 00:00:00"
"kuzmp10303wh","2023-12-13 00:00:00"
"kuzvl10323bg","2023-10-31 00:00:00"
"kuzws10336bk","2023-11-22 00:00:00"
"kuzmp18203bk","2023-10-31 00:00:00"
"kuzvl18224wh","2023-10-31 00:00:00"
"kuzat7928wh","2023-11-08 00:00:00"
"kuzws54615bz","2023-12-09 00:00:00"
"alopd321518ch","2024-01-06 00:00:00"
"alowv324230ubgo","2023-12-09 00:00:00"
"kic55102cpz","2023-11-01 00:00:00"
"alopd627914wh","2023-12-13 00:00:00"
"alowv584510sl","2023-11-06 00:00:00"
"alopd502204agcr","2023-11-17 00:00:00"
"alofm556212agmb","2023-12-28 00:00:00"
"alofm556216agmb","2023-12-22 00:00:00"
"alosf549315mbop","2023-12-25 00:00:00"
"alowv549220mbop","2023-10-31 00:00:00"
"alopd524110agop","2023-12-21 00:00:00"
"alopd435605chcr","2023-12-13 00:00:00"
"aloew552007bkcl","2023-12-21 00:00:00"
"alosf505326agop","2023-11-17 00:00:00"
"alovl505125mbop","2023-11-17 00:00:00"
"alofm501214bgop","2023-10-31 00:00:00"
"aloch522328mbop","2023-11-17 00:00:00"
"alopd601710agop","2023-12-28 00:00:00"
"alowv548006mbcl","2024-01-10 00:00:00"
"kuz49117bkbk","2023-10-31 00:00:00"
"kuz49117bkgd","2023-10-31 00:00:00"
"kuzws10324bg","2023-11-17 00:00:00"
"zlt1943p12mgld","2023-11-17 00:00:00"
"zlt1943p26mb","2023-11-17 00:00:00"
"aloch485245bgop","2023-12-13 00:00:00"
"kuzch76718bg","2023-12-13 00:00:00"
"alofl418761mbil","2023-12-13 00:00:00"
"kuzlp73510bkwh","2023-11-06 00:00:00"
"farw200330","2024-01-15 00:00:00"
"vaxt0215","2023-11-10 00:00:00"
"kic15811azt30r","2023-10-27 00:00:00"
"kic9357ld","2023-11-20 00:00:00"
"genaf1164smt","2023-11-17 00:00:00"
"kuzpd87736bg","2023-12-23 00:00:00"
"kuz60332","2023-12-21 00:00:00"
"kuz401216bkled","2023-12-13 00:00:00"
"kuz401216bnled","2023-10-31 00:00:00"
"kuzfm72205bk","2023-12-11 00:00:00"
"kuzew17805bk","2023-12-13 00:00:00"
"kuzpd62012bksm","2023-10-31 00:00:00"
"kuzvl10323bn","2023-10-31 00:00:00"
"kuzmp89390bg","2023-11-06 00:00:00"
"alolp523036bg","2023-12-21 00:00:00"
"aloch505335agop","2023-12-16 00:00:00"
"alovl505136mbop","2023-11-17 00:00:00"
"gol10881wmbgclr","2023-12-09 00:00:00"
"kuzch57514bgcp","2023-12-21 00:00:00"
"alopd406414bgwc","2023-11-08 00:00:00"
"far200006","2023-11-10 00:00:00"
"far233177","2023-10-27 00:00:00"
"far219449","2023-11-20 00:00:00"
"far251762","2023-12-09 00:00:00"
"hin1648skled","2023-11-09 00:00:00"
"sea823630112","2023-11-17 00:00:00"
"murvs24702sn","2023-11-27 00:00:00"
"hin51404bn","2023-11-09 00:00:00"
"frefr40902bng","2023-11-06 00:00:00"
"kic43853ni","2023-10-28 00:00:00"
"hin4460bk","2023-11-06 00:00:00"
"sea3139805en3962","2023-10-31 00:00:00"
"hin3670cpg","2023-11-10 00:00:00"
"hin1646skled","2023-11-09 00:00:00"
"sea6590501962","2023-12-20 00:00:00"
"sea6592101962","2024-01-25 00:00:00"
"sea7706415","2023-11-22 00:00:00"
"alofm556012ag","2023-12-13 00:00:00"
"alovl524217mbop","2023-12-14 00:00:00"
"alovl524326mbcl","2023-12-21 00:00:00"
"alowv524006chop","2023-12-28 00:00:00"
"aloch505426agop","2023-11-17 00:00:00"
"alofm505108agop","2023-11-06 00:00:00"
"alopd601608mbsm","2023-12-14 00:00:00"
"frefr40906bgr","2023-11-06 00:00:00"
"kuzvl23524bg","2023-10-31 00:00:00"
"kuzvl23524bk","2023-12-21 00:00:00"
"far253074","2023-11-06 00:00:00"
"far252289","2023-11-06 00:00:00"
"murol13101ptbz","2024-01-19 00:00:00"
"sea831380215","2023-12-28 00:00:00"
"sea8313802en3753","2023-10-31 00:00:00"
"sea8531701en310","2023-10-31 00:00:00"
"kuzws2812bk","2023-12-09 00:00:00"
"kuzws10437bk","2023-11-17 00:00:00"
"utt25456","2023-12-26 00:00:00"
"avacoventryv60gt","2023-10-30 00:00:00"
"avacoventryvs61gt","2023-10-31 00:00:00"
"kic15211azt","2023-11-06 00:00:00"
"kic15410azt","2023-11-06 00:00:00"
"kic16124bkt30","2023-11-06 00:00:00"
"kic42044oz","2023-11-24 00:00:00"
"kic44086oz","2023-11-28 00:00:00"
"kic45295ch","2023-11-17 00:00:00"
"kic49207bk","2023-11-20 00:00:00"
"kic49553bkt","2023-11-08 00:00:00"
"kic49573wzc","2023-11-20 00:00:00"
"kic49984dbk","2023-11-01 00:00:00"
"kic9035rz","2023-11-03 00:00:00"
"kic9538bkt","2023-10-30 00:00:00"
"kic9718pr","2023-11-01 00:00:00"
"kic42910pn","2023-11-20 00:00:00"
"kic16103sd30","2023-11-13 00:00:00"
"sea4121601en3710","2023-10-31 00:00:00"
"sea7890902en312","2023-10-31 00:00:00"
"hin2565mbll","2023-11-10 00:00:00"
"hin30303hbr","2023-11-16 00:00:00"
"kic15065bkt","2023-11-20 00:00:00"
"kic15093wht","2023-11-06 00:00:00"
"kic15505cbr","2023-10-30 00:00:00"
"kic15782azt30r","2023-11-20 00:00:00"
"kic16141ss27","2023-10-28 00:00:00"
"kic6122ch","2023-12-04 00:00:00"
"kic16162azt27","2023-11-27 00:00:00"
"kic49895bk","2023-11-01 00:00:00"
"hin1225bz","2023-10-27 00:00:00"
"hin2855bz","2023-10-27 00:00:00"
"mondrc48rzw","2023-11-03 00:00:00"
"kic49927oz","2023-11-01 00:00:00"
"kic59019bk","2023-10-30 00:00:00"
"out73248748","2023-10-27 00:00:00"
"sea6680301en3962","2023-10-31 00:00:00"
"utt04323","2023-11-27 00:00:00"
"lar82000bk","2023-10-27 00:00:00"
"kic59078bktled","2023-11-01 00:00:00"
"kuzws22915gy","2023-11-10 00:00:00"
"kuz601431bkled","2023-12-19 00:00:00"
"kuz601432bkled","2023-11-10 00:00:00"
"alowv335811mb","2023-11-06 00:00:00"
"alowv334215vbar","2023-12-28 00:00:00"
"alowv334105pnar","2023-10-31 00:00:00"
"kic45298cpz","2023-11-27 00:00:00"
"aloch517338agcl","2023-12-16 00:00:00"
"alofm522016agop","2023-11-17 00:00:00"
"alofm522211agop","2023-12-21 00:00:00"
"alofm522211mbop","2023-12-21 00:00:00"
"utt25204","2023-12-14 00:00:00"
"aloch450715ag","2023-12-16 00:00:00"
"aloch450715agcw","2023-12-16 00:00:00"
"kuzew39005bk","2023-11-10 00:00:00"
"utt04349","2023-12-06 00:00:00"
"utt22902","2023-12-19 00:00:00"
"far233100","2023-11-06 00:00:00"
"far233132","2023-11-06 00:00:00"
"far217450","2023-11-24 00:00:00"
"far218182","2023-11-28 00:00:00"
"far218357","2023-11-17 00:00:00"
"far218723","2023-11-20 00:00:00"
"far218827","2023-11-08 00:00:00"
"far218839","2023-11-20 00:00:00"
"far219464","2023-10-30 00:00:00"
"far219502","2023-11-01 00:00:00"
"far217628","2023-11-20 00:00:00"
"far233335","2023-11-13 00:00:00"
"far233364","2023-11-06 00:00:00"
"far233430","2023-11-20 00:00:00"
"far233514","2023-10-28 00:00:00"
"far233645","2023-11-27 00:00:00"
"far233713","2023-11-01 00:00:00"
"far500433","2023-11-03 00:00:00"
"far251338","2023-11-01 00:00:00"
"frefr34310hbr","2023-11-16 00:00:00"
"klc315032sn","2023-12-07 00:00:00"
"sea75436en3848","2023-10-31 00:00:00"
"klc507620ol","2023-12-07 00:00:00"
"kic45299bk","2023-11-27 00:00:00"
"kic49836bk","2023-10-30 00:00:00"
"kic45495ch","2023-10-28 00:00:00"
"kic45689ni","2023-12-18 00:00:00"
"kic45690oz","2023-12-18 00:00:00"
"kic49186bk","2024-01-29 00:00:00"
"kic49187bk","2024-01-09 00:00:00"
"kic49187tz","2024-01-15 00:00:00"
"klc511570wb","2023-12-07 00:00:00"
"klc511621ch","2023-12-07 00:00:00"
"alg034851051fr001","2023-12-07 00:00:00"
"klc405121mb","2023-12-27 00:00:00"
"klc513134bnb","2023-12-07 00:00:00"
"alg11723010fr001","2023-12-07 00:00:00"
"alg036857010fr001","2023-12-07 00:00:00"
"alg037456014fr001","2023-12-07 00:00:00"
"hin2750oz","2023-10-25 00:00:00"
"hin3650bn","2023-11-01 00:00:00"
"klc308433wb","2023-12-07 00:00:00"
"klc309510chamber","2023-12-07 00:00:00"
"alg037556010fr001","2023-12-07 00:00:00"
"kic360002avi","2023-11-17 00:00:00"
"klc316731pn","2023-12-07 00:00:00"
"alg028256010fr001","2023-12-07 00:00:00"
"alg028257010fr001","2023-12-07 00:00:00"
"alg031652038fr001","2023-12-01 00:00:00"
"alg11635010fr001","2023-12-07 00:00:00"
"alg11780010fr001","2023-12-07 00:00:00"
"hin15448bz","2023-11-15 00:00:00"
"hin59924cm","2023-11-22 00:00:00"
"klc307534sn","2023-12-07 00:00:00"
"klc311822sg","2023-12-01 00:00:00"
"klc313734ch","2023-12-07 00:00:00"
"klc501520cp","2023-12-07 00:00:00"
"klc501852mc","2023-12-07 00:00:00"
"klc515445mb","2023-12-07 00:00:00"
"kuzpd1712bn","2023-10-31 00:00:00"
"kuzws14935bk","2024-01-04 00:00:00"
"kuzmp14956wh","2023-12-13 00:00:00"
"kuzlp19947bn","2023-12-22 00:00:00"
"kuzvl19931bk","2023-12-13 00:00:00"
"kuz41083w","2023-11-08 00:00:00"
"kuzat6610bk","2023-11-06 00:00:00"
"kuzat67010wh","2024-01-04 00:00:00"
"kuz401215bgled","2023-10-31 00:00:00"
"kuzpd75027bk","2023-11-08 00:00:00"
"kuzvl10337bk","2024-01-03 00:00:00"
"kuzat7935bk","2023-11-17 00:00:00"
"alofm556012mb","2023-11-10 00:00:00"
"alopd440814aggo","2023-12-16 00:00:00"
"alopd601608agop","2023-11-10 00:00:00"
"zlt1943p32mgld","2023-11-17 00:00:00"
"alovl416102bg","2023-11-10 00:00:00"
"alovl416102mbbg","2023-11-10 00:00:00"
"alg039161052fr001","2023-12-07 00:00:00"
"alg039621044fr001","2023-12-07 00:00:00"
"klc518921bcg","2023-12-07 00:00:00"
"alg037996010fr001","2023-12-07 00:00:00"
"far246234","2023-12-07 00:00:00"
"far246284","2023-12-07 00:00:00"
"far218363","2023-11-27 00:00:00"
"far218945","2023-10-30 00:00:00"
"far218546","2023-12-18 00:00:00"
"far218549","2023-12-18 00:00:00"
"far218710","2024-01-09 00:00:00"
"far246407","2023-12-07 00:00:00"
"far246409","2023-12-07 00:00:00"
"crystal8846","2023-12-07 00:00:00"
"far246418","2023-12-27 00:00:00"
"far246450","2023-12-07 00:00:00"
"crystal8899","2023-12-07 00:00:00"
"crystal8912","2023-12-07 00:00:00"
"crystal6147","2023-12-07 00:00:00"
"far246497","2023-12-07 00:00:00"
"far246502","2023-12-07 00:00:00"
"crystal8986","2023-12-07 00:00:00"
"far500205","2023-11-17 00:00:00"
"far246616","2023-12-07 00:00:00"
"crystal8992","2023-12-07 00:00:00"
"crystal8993","2023-12-07 00:00:00"
"crystal9071","2023-12-01 00:00:00"
"crystal9167","2023-12-07 00:00:00"
"crystal9176","2023-12-07 00:00:00"
"far246679","2023-12-07 00:00:00"
"far246698","2023-12-01 00:00:00"
"far246731","2023-12-07 00:00:00"
"far246805","2023-12-07 00:00:00"
"far246811","2023-12-07 00:00:00"
"far246867","2023-12-07 00:00:00"
"far252747","2023-12-07 00:00:00"
"crystal9511","2023-12-07 00:00:00"
"kovp5044077l","2023-11-20 00:00:00"
"utt24346","2023-11-15 00:00:00"
"utt281221","2023-11-07 00:00:00"
"metn6472293","2023-11-20 00:00:00"
"kic49686bk","2023-11-27 00:00:00"
"kic15844azt","2023-11-20 00:00:00"
"kic42296oz","2024-01-09 00:00:00"
"kic42475chclr","2024-01-09 00:00:00"
"kic43674oz","2024-01-09 00:00:00"
"kic45573oz","2024-01-09 00:00:00"
"kic45971ni","2023-10-31 00:00:00"
"kic49686oz","2023-11-20 00:00:00"
"kic9029bk","2023-11-06 00:00:00"
"kic9032rz","2024-01-09 00:00:00"
"kic9777wh","2024-01-09 00:00:00"
"hun50885","2023-11-20 00:00:00"
"sea8519301en371","2023-10-31 00:00:00"
"kic16110azt27","2023-11-20 00:00:00"
"kic16157cbr27","2023-10-30 00:00:00"
"kic9611tz","2024-01-09 00:00:00"
"kic45572ni","2024-01-01 00:00:00"
"uttw260411","2023-11-14 00:00:00"
"murol8600txbt","2023-10-31 00:00:00"
"sea31161en3112","2023-10-31 00:00:00"
"gencw1121mbkbbs","2023-12-26 00:00:00"
"kuzlp19947bk","2023-12-14 00:00:00"
"alowv322114ubar","2023-11-06 00:00:00"
"kic43693bk","2024-01-09 00:00:00"
"alowv523007mb","2023-12-16 00:00:00"
"alowv572205mbag","2023-12-16 00:00:00"
"alowv570221bgcl","2023-12-21 00:00:00"
"gol6930wscvfgil","2023-11-16 00:00:00"
"far217493","2024-01-09 00:00:00"
"far217540","2024-01-09 00:00:00"
"far217927","2024-01-09 00:00:00"
"far218474","2024-01-09 00:00:00"
"far218664","2023-10-31 00:00:00"
"far218868","2023-11-20 00:00:00"
"far219419","2024-01-09 00:00:00"
"far219513","2024-01-09 00:00:00"
"far233498","2023-11-20 00:00:00"
"far233555","2023-10-30 00:00:00"
"far239848","2024-01-01 00:00:00"
"far240044","2023-11-14 00:00:00"
"far251783","2023-11-16 00:00:00"
"murol5433bk","2024-01-05 00:00:00"
"sea65262en3962","2023-10-31 00:00:00"
"kic45689oz","2023-11-20 00:00:00"
"kic15484cbr","2023-10-27 00:00:00"
"min288366a","2023-11-17 00:00:00"
"sea3124309en112","2023-11-07 00:00:00"
"sea4128501en712","2023-10-31 00:00:00"
"sea4437302en3962","2024-06-05 00:00:00"
"out7221266a","2023-11-29 00:00:00"
"far218547","2023-11-20 00:00:00"
"far248649","2023-10-31 00:00:00"
"sea7543615","2023-11-17 00:00:00"
"kic5079ch","2023-11-27 00:00:00"
"kic59035baled","2023-11-17 00:00:00"
"liv756614","2023-11-29 00:00:00"
"hun99708","2023-11-30 00:00:00"
"hin3078kz","2023-10-28 00:00:00"
"min404184","2023-11-27 00:00:00"
"sea6528504en712","2023-10-31 00:00:00"
"lar85010bk","2023-10-28 00:00:00"
"lar853452bk","2023-10-29 00:00:00"
"kuzpd80332wh","2023-12-13 00:00:00"
"kuzpd19359bk","2023-12-23 00:00:00"
"kuzws3909ch","2023-11-06 00:00:00"
"alopd601710agcl","2024-01-04 00:00:00"
"hin45000hb","2023-11-01 00:00:00"
"kuzlp96840bk","2023-11-10 00:00:00"
"far219053","2023-11-27 00:00:00"
"far219360","2023-11-17 00:00:00"
"far235215","2023-11-29 00:00:00"
"murol11100dwz","2023-11-15 00:00:00"
"sea77263en3710","2023-10-31 00:00:00"
"kic330151mwh","2023-11-14 00:00:00"
"kic9707bk","2023-12-18 00:00:00"
"kic9708oz","2023-11-20 00:00:00"
"kic9909bk","2023-11-20 00:00:00"
"kic9909oz","2023-11-20 00:00:00"
"sea4139801en305","2023-10-31 00:00:00"
"kic15476cbr","2023-11-06 00:00:00"
"kic15497cbr","2023-11-13 00:00:00"
"mondr72dwz","2024-02-09 00:00:00"
"kic44086bk","2023-12-18 00:00:00"
"kic45298bk","2023-12-27 00:00:00"
"sea4413702en3962","2023-10-31 00:00:00"
"gencw1141mbkbbs","2024-01-25 00:00:00"
"kuzvl17324ch","2023-12-09 00:00:00"
"kuzvl17224ch","2023-11-22 00:00:00"
"kuzer7120gy","2023-12-28 00:00:00"
"kuzvl18248bn","2023-10-31 00:00:00"
"alofm506108agcl","2023-12-09 00:00:00"
"alofm506108mbcl","2023-11-06 00:00:00"
"alofm506108mbop","2023-10-31 00:00:00"
"kuzch76718ch","2023-12-13 00:00:00"
"kuzch76728ch","2023-11-17 00:00:00"
"alowv485007mb","2023-11-10 00:00:00"
"far219495","2023-11-20 00:00:00"
"far219536","2023-11-20 00:00:00"
"far251131","2023-12-18 00:00:00"
"far251136","2023-12-27 00:00:00"
"hin15702bz","2023-11-30 00:00:00"
"hun59459","2023-12-11 00:00:00"
"ela83737","2023-11-04 00:00:00"
"ela84091","2023-11-04 00:00:00"
"ela84178","2023-11-04 00:00:00"
"ela84200","2023-11-04 00:00:00"
"hin2687bk","2023-11-10 00:00:00"
"hin5170pn","2023-11-22 00:00:00"
"hin1002bk","2023-11-22 00:00:00"
"hin16022bkll","2023-11-09 00:00:00"
"hin16022ozll","2023-11-10 00:00:00"
"hin13592bkll","2023-10-25 00:00:00"
"hin17464blc","2023-11-22 00:00:00"
"hin2800ozll","2023-11-22 00:00:00"
"hin1114dz","2023-11-08 00:00:00"
"hin1800cw","2023-11-22 00:00:00"
"hin2560oz","2023-11-22 00:00:00"
"hin2576ar","2023-11-03 00:00:00"
"hin2911oz","2023-11-29 00:00:00"
"kic45657niled","2023-11-04 00:00:00"
"hin2807bkll","2023-11-03 00:00:00"
"hin47094hb","2023-11-03 00:00:00"
"hin51182hb","2023-10-31 00:00:00"
"kuzew71403gy","2023-11-08 00:00:00"
"kuzat68010bk","2023-12-19 00:00:00"
"kuzer3003wh12v","2023-11-17 00:00:00"
"kuzfm18232bk","2023-11-17 00:00:00"
"kuzws83706bkwh","2023-11-06 00:00:00"
"alopd627914bg","2023-12-21 00:00:00"
"alopd427710bg","2023-12-16 00:00:00"
"alofm523013mb","2023-12-19 00:00:00"
"hin15502sk","2023-11-21 00:00:00"
"hin17504bk","2023-11-10 00:00:00"
"alowv461101ag","2023-12-21 00:00:00"
"alowv461102mb","2023-12-21 00:00:00"
"far231266","2023-11-04 00:00:00"
"far231388","2023-11-04 00:00:00"
"far239760","2023-11-04 00:00:00"
"liv501502","2023-12-30 00:00:00"
"liv260504","2023-12-20 00:00:00"
"sea876515","2023-11-27 00:00:00"
"utt285981","2023-12-19 00:00:00"
"hin2361mb","2023-11-09 00:00:00"
"hin2560mb","2023-11-22 00:00:00"
"hin2564mb","2023-11-09 00:00:00"
"kic15800azt27r","2023-11-27 00:00:00"
"utt24932","2024-01-24 00:00:00"
"hin1005bk","2023-11-21 00:00:00"
"hin10231mr","2023-10-24 00:00:00"
"gol0838sfvs","2023-11-16 00:00:00"
"sea3287204en848","2023-11-07 00:00:00"
"sea4402802en3112","2024-01-08 00:00:00"
"sea4402802en3848","2023-11-07 00:00:00"
"sea5179453en848","2023-11-07 00:00:00"
"sea659030105","2024-01-19 00:00:00"
"sea6590301en705","2024-01-26 00:00:00"
"aloch321508ch","2024-01-04 00:00:00"
"alomp321203pn","2023-11-17 00:00:00"
"kuzws9809ch","2023-12-21 00:00:00"
"kuz401216bgled","2023-12-21 00:00:00"
"alowv307931vbcl","2024-01-04 00:00:00"
"hun19444","2023-12-28 00:00:00"
"alovl638221mbcl","2023-12-11 00:00:00"
"alowv576607mbag","2023-12-28 00:00:00"
"alovl524217chcl","2024-01-04 00:00:00"
"alopd550336whag","2024-01-10 00:00:00"
"gol1088ba3blkclr","2023-12-09 00:00:00"
"gol6954sfbcbop","2023-12-09 00:00:00"
"utt04352","2024-01-24 00:00:00"
"far101464","2023-12-30 00:00:00"
"far100785","2023-12-20 00:00:00"
"far232885","2023-11-16 00:00:00"
"far249277","2024-01-26 00:00:00"
"far251763","2023-12-09 00:00:00"
"far252681","2023-12-09 00:00:00"
"sea88243en3780","2023-10-31 00:00:00"
"sea8847901en312","2023-10-31 00:00:00"
"minf736lbssdbk","2023-12-19 00:00:00"
"hin15446bz","2023-11-15 00:00:00"
"sea6592101en7112","2023-10-31 00:00:00"
"sea7728002en3710","2023-10-31 00:00:00"
"hun19778","2023-12-28 00:00:00"
"kuzew27120bk","2023-12-28 00:00:00"
"alowv338902ubar","2023-12-13 00:00:00"
"metn7336790","2023-12-20 00:00:00"
"far249289","2023-10-31 00:00:00"
"kic15309bkt","2023-11-20 00:00:00"
"kic15471tzt","2023-11-20 00:00:00"
"kic15870bkt27r","2023-11-06 00:00:00"
"kic16102gry27","2023-11-13 00:00:00"
"kic16102gry30","2023-11-20 00:00:00"
"sea4428804en305","2023-10-31 00:00:00"
"kic16018cbr27","2023-11-27 00:00:00"
"gol1092mbcsd","2023-12-09 00:00:00"
"kic16161bkt30","2023-11-27 00:00:00"
"kic45649nbr","2023-10-30 00:00:00"
"sea6102801en3112","2023-11-07 00:00:00"
"sea6517401en3710","2023-10-31 00:00:00"
"sea852070112","2024-03-08 00:00:00"
"kic15066bkt","2023-11-27 00:00:00"
"kuzew3506gy","2023-12-21 00:00:00"
"kuzpd87172bk","2023-11-17 00:00:00"
"kuz41073b","2023-12-13 00:00:00"
"kuz41411wh","2024-01-04 00:00:00"
"kuz601485chled","2023-12-22 00:00:00"
"kuzlp10356bg","2023-11-17 00:00:00"
"kuzmp89370bg","2023-11-06 00:00:00"
"vaxc0278","2023-11-10 00:00:00"
"kuzlp73073bk","2023-12-23 00:00:00"
"alotl485020mb","2023-11-10 00:00:00"
"far233108","2023-11-20 00:00:00"
"far233153","2023-11-20 00:00:00"
"far233322","2023-11-13 00:00:00"
"far233323","2023-11-20 00:00:00"
"far232812","2023-12-09 00:00:00"
"far233642","2023-11-27 00:00:00"
"far239726","2023-10-30 00:00:00"
"far251243","2023-11-27 00:00:00"
"far250968","2023-11-10 00:00:00"
"kovp4035084","2023-12-15 00:00:00"
"sea784790212","2023-12-27 00:00:00"
"hin1785skll","2023-11-21 00:00:00"
"murfm521pn","2024-01-25 00:00:00"
"kic44083bk","2023-11-20 00:00:00"
"hin1563bz","2023-10-25 00:00:00"
"hin1865tk","2023-11-22 00:00:00"
"hin20015bk","2023-10-26 00:00:00"
"kic15501cbr","2023-11-20 00:00:00"
"hun50275","2023-12-15 00:00:00"
"hun99302","2023-11-10 00:00:00"
"hin13594bkll","2023-11-29 00:00:00"
"hin1225sk","2023-11-30 00:00:00"
"sea4130801en112","2023-11-07 00:00:00"
"sea5334105en848","2023-11-07 00:00:00"
"sea6177101848","2023-11-27 00:00:00"
"sea6536901en7710","2023-10-31 00:00:00"
"lar82005bk","2023-11-21 00:00:00"
"lar82014bkll","2023-11-21 00:00:00"
"metn9186","2023-12-26 00:00:00"
"gol08466hg","2024-01-15 00:00:00"
"far253105","2023-10-25 00:00:00"
"far253108","2023-11-22 00:00:00"
"far253109","2023-10-26 00:00:00"
"far233404","2023-11-20 00:00:00"
"far249246","2023-10-31 00:00:00"
"far252648","2024-01-15 00:00:00"
"sea8820112","2024-01-31 00:00:00"
"murol14401sbl","2024-01-31 00:00:00"
"kic11310bktled","2023-11-20 00:00:00"
"kic15191bk","2023-11-13 00:00:00"
"kic15236bkt","2023-10-28 00:00:00"
"kic15318azt","2023-11-27 00:00:00"
"kic15323azt","2023-11-27 00:00:00"
"kic15323bkt","2023-11-27 00:00:00"
"kic15367tzt","2023-11-06 00:00:00"
"kic15426bkt","2023-11-06 00:00:00"
"kic15438oz","2023-11-20 00:00:00"
"kic15439ob","2023-11-27 00:00:00"
"kic15773azt27r","2023-12-27 00:00:00"
"kic15773azt30r","2023-12-27 00:00:00"
"kic15802tzt27r","2023-10-27 00:00:00"
"kic15821azt27","2023-10-30 00:00:00"
"kic15826azt30r","2023-12-27 00:00:00"
"kic16120azt30","2023-11-02 00:00:00"
"kic2666oz","2023-12-27 00:00:00"
"kic3694ozw","2023-10-28 00:00:00"
"kic43119nbr","2023-10-30 00:00:00"
"kic45131trz","2023-11-07 00:00:00"
"kic45150ap","2023-10-28 00:00:00"
"kic45295nbr","2023-10-28 00:00:00"
"kic45688ni","2023-11-01 00:00:00"
"kic49067oz","2023-11-07 00:00:00"
"kic49119avi","2023-11-20 00:00:00"
"kic49191wzc","2023-11-13 00:00:00"
"kic49192wzc","2023-11-13 00:00:00"
"kic49194wzc","2023-11-13 00:00:00"
"kic49278aztled","2023-11-20 00:00:00"
"kic49388oz","2023-12-27 00:00:00"
"kic49501oz","2023-12-18 00:00:00"
"kic49502oz","2023-11-20 00:00:00"
"kic49513oz","2023-11-20 00:00:00"
"kic49608aztled","2023-11-20 00:00:00"
"kic49691bkt","2023-11-13 00:00:00"
"kic49737oz","2023-11-20 00:00:00"
"kic49833oz","2023-11-08 00:00:00"
"kic49894oz","2023-12-01 00:00:00"
"kic49920bk","2023-11-13 00:00:00"
"kic49961avi","2023-12-04 00:00:00"
"kic49986dbk","2023-11-13 00:00:00"
"kic49987dbk","2023-12-01 00:00:00"
"kic7772ni","2023-11-20 00:00:00"
"kic9028bk","2023-11-27 00:00:00"
"kic9902pr","2023-10-30 00:00:00"
"gol22433pblkmws","2023-12-25 00:00:00"
"kic52129bnb","2023-11-20 00:00:00"
"kic52153nbr","2023-10-30 00:00:00"
"kic59005wzc","2023-11-13 00:00:00"
"kic59008wzc","2023-12-01 00:00:00"
"kic16100azt30","2023-11-20 00:00:00"
"kic16100bkt30","2023-11-20 00:00:00"
"kic16100cbr27","2023-11-20 00:00:00"
"kic16100sd30","2023-11-20 00:00:00"
"kic16101sd30","2023-11-20 00:00:00"
"sea4421602en305","2024-02-23 00:00:00"
"kic15484azt","2023-11-27 00:00:00"
"kic15491cbr","2023-11-06 00:00:00"
"kic15492cbr","2023-10-30 00:00:00"
"kic15764cbr27","2023-11-20 00:00:00"
"kic15764wht27r","2023-10-30 00:00:00"
"kic15765azt30r","2023-11-20 00:00:00"
"kic15765wht30r","2023-11-20 00:00:00"
"kic15870cbr30","2023-10-28 00:00:00"
"kic15878cbr30","2023-11-20 00:00:00"
"kic16016wht30","2023-11-20 00:00:00"
"kic16110azt30","2023-12-27 00:00:00"
"kic16110co27","2023-11-20 00:00:00"
"kic16150azt30","2023-11-20 00:00:00"
"kic16150bkt27","2023-10-30 00:00:00"
"kic16153azt27","2023-11-20 00:00:00"
"kic16156azt30","2023-12-27 00:00:00"
"kic16158bkt27","2023-10-28 00:00:00"
"kic9022oz","2023-11-06 00:00:00"
"kic55110bnb","2023-10-28 00:00:00"
"kic59061oz","2023-12-27 00:00:00"
"kic59080nbr","2023-11-20 00:00:00"
"tol3423bn4109","2023-10-30 00:00:00"
"kic16172bkt27","2023-11-06 00:00:00"
"kic55017ni","2023-11-07 00:00:00"
"kic59107oz","2023-12-04 00:00:00"
"sea3190505en3962","2023-11-07 00:00:00"
"sea4451702en3848","2023-10-31 00:00:00"
"sea5179403en848","2023-11-07 00:00:00"
"mingc900set","2023-10-27 00:00:00"
"kic45688cpz","2023-11-01 00:00:00"
"metn9906","2024-02-21 00:00:00"
"kic52589cpz","2023-11-27 00:00:00"
"kic52600bk","2023-11-07 00:00:00"
"gol1067o3pnbmaw","2023-11-21 00:00:00"
"far233041","2023-11-20 00:00:00"
"far233097","2023-11-13 00:00:00"
"far233103","2023-10-28 00:00:00"
"far233119","2023-11-27 00:00:00"
"far233126","2023-11-06 00:00:00"
"far233158","2023-12-27 00:00:00"
"far233159","2023-12-27 00:00:00"
"far233162","2023-10-27 00:00:00"
"far233186","2023-10-30 00:00:00"
"far233188","2023-12-27 00:00:00"
"far217088","2023-12-27 00:00:00"
"far217434","2023-10-28 00:00:00"
"far217702","2023-10-30 00:00:00"
"far218345","2023-10-28 00:00:00"
"far218358","2023-10-28 00:00:00"
"far218689","2023-11-20 00:00:00"
"far218714","2023-11-13 00:00:00"
"farw218716","2023-11-13 00:00:00"
"far218743","2023-11-20 00:00:00"
"far218779","2023-12-27 00:00:00"
"far218806","2023-12-18 00:00:00"
"far218818","2023-11-20 00:00:00"
"far218850","2023-11-20 00:00:00"
"far218882","2023-11-13 00:00:00"
"far218904","2023-11-20 00:00:00"
"far218940","2023-11-08 00:00:00"
"far218984","2023-11-13 00:00:00"
"far219412","2023-11-27 00:00:00"
"far219534","2023-10-30 00:00:00"
"far232300","2023-12-25 00:00:00"
"far219161","2023-11-20 00:00:00"
"far219343","2023-12-01 00:00:00"
"far233297","2023-11-20 00:00:00"
"far233299","2023-11-20 00:00:00"
"far233300","2023-11-20 00:00:00"
"far233305","2023-11-20 00:00:00"
"far233315","2023-11-20 00:00:00"
"far233396","2023-11-06 00:00:00"
"far233397","2023-10-30 00:00:00"
"far233421","2023-11-20 00:00:00"
"far233426","2023-11-20 00:00:00"
"far233446","2023-11-20 00:00:00"
"far233460","2023-11-20 00:00:00"
"far233499","2023-12-27 00:00:00"
"far233518","2023-10-30 00:00:00"
"far233532","2023-11-20 00:00:00"
"far233559","2023-10-28 00:00:00"
"far219406","2023-11-06 00:00:00"
"far233862","2023-12-27 00:00:00"
"far233882","2023-11-20 00:00:00"
"far239821","2023-11-06 00:00:00"
"far239791","2023-11-07 00:00:00"
"far251209","2023-12-04 00:00:00"
"far252360","2023-11-27 00:00:00"
"far252374","2023-11-07 00:00:00"
"far252653","2023-11-21 00:00:00"
"kic43496bk","2023-11-08 00:00:00"
"kic11251bkt30","2023-12-01 00:00:00"
"kic15870bkt30r","2023-11-06 00:00:00"
"kic9886bk","2023-11-01 00:00:00"
"kic300032mwh","2023-11-14 00:00:00"
"genkw1041bbs","2023-11-10 00:00:00"
"kic49990bk","2023-11-03 00:00:00"
"ela83340cg","2023-11-06 00:00:00"
"hin5040cm","2023-11-25 00:00:00"
"kic49183bk","2023-11-01 00:00:00"
"kic49183tz","2023-11-01 00:00:00"
"hun23197","2023-11-10 00:00:00"
"kic15478bkt","2023-11-06 00:00:00"
"kic55112bnb","2023-11-01 00:00:00"
"kic8116ni","2023-10-26 00:00:00"
"kic9794bk","2023-11-01 00:00:00"
"sea4137301710","2023-11-22 00:00:00"
"sea4187201112","2023-11-27 00:00:00"
"sea6151701en3848","2023-10-31 00:00:00"
"sea75434en3112","2023-10-31 00:00:00"
"sea864770144t","2023-10-31 00:00:00"
"gencp1231mwtbbs","2024-02-07 00:00:00"
"gencw1121mwtpn","2024-01-25 00:00:00"
"kuzch3117","2023-12-13 00:00:00"
"kuz494224wh","2023-12-16 00:00:00"
"kuzpd70615clbg","2023-12-16 00:00:00"
"kuzlp93742bk","2023-11-17 00:00:00"
"kuzpd62012bkch","2023-10-31 00:00:00"
"kuzch63436bk","2023-11-10 00:00:00"
"gol69303pvfg","2023-12-09 00:00:00"
"kuzlp58042bkgd","2023-12-21 00:00:00"
"utt21372","2023-11-20 00:00:00"
"far217822","2023-11-08 00:00:00"
"far233069","2023-12-01 00:00:00"
"farw217115","2023-11-14 00:00:00"
"far219025","2023-11-03 00:00:00"
"far216002","2023-11-06 00:00:00"
"far233837","2023-11-01 00:00:00"
"far233914","2023-10-26 00:00:00"
"far233934","2023-11-01 00:00:00"
"far251782","2023-12-09 00:00:00"
"hin2360oz","2023-10-25 00:00:00"
"hin2364oz","2023-11-09 00:00:00"
"hin2360mb","2023-11-29 00:00:00"
"sea6024en315","2023-10-31 00:00:00"
"hin15014skll","2023-11-21 00:00:00"
"hin1536sk","2023-10-26 00:00:00"
"hin1784bzll","2023-10-25 00:00:00"
"kic45459ch","2023-10-30 00:00:00"
"kic49857bkt","2023-12-27 00:00:00"
"kic49858bkt","2023-12-27 00:00:00"
"kic9246ba","2024-01-29 00:00:00"
"kic9835bk","2023-11-01 00:00:00"
"genaw1041bbs","2023-12-07 00:00:00"
"kic59022bk","2023-11-20 00:00:00"
"hin1860tw","2023-11-21 00:00:00"
"hin2569mb","2023-10-25 00:00:00"
"sea856070171","2024-01-31 00:00:00"
"hin10342tk","2023-11-30 00:00:00"
"hin1864oz","2023-11-29 00:00:00"
"hin2365mbll","2023-10-25 00:00:00"
"hin2685dz","2023-10-25 00:00:00"
"kic10786niled","2023-10-28 00:00:00"
"hin1007bklv","2023-11-04 00:00:00"
"hin1518bzll","2023-11-21 00:00:00"
"kic59055bkt","2023-10-30 00:00:00"
"hin12076bk","2023-11-21 00:00:00"
"hin14905bk","2023-11-30 00:00:00"
"hin2794ozcl","2023-10-25 00:00:00"
"hin24020bk","2023-10-25 00:00:00"
"hin24025bk","2023-10-25 00:00:00"
"hin25658mb","2023-10-25 00:00:00"
"kic59098ba","2023-11-20 00:00:00"
"sea3128805en3962","2023-10-31 00:00:00"
"sea4428803en3710","2023-10-31 00:00:00"
"sea4490304en3962","2023-10-31 00:00:00"
"lar82010alll","2023-10-25 00:00:00"
"kuzpd3106","2023-12-28 00:00:00"
"kuzws10324wh","2024-01-31 00:00:00"
"hin1557sk","2023-11-09 00:00:00"
"alopd473706agop","2023-10-31 00:00:00"
"utt22906","2023-11-14 00:00:00"
"utt30230","2023-11-15 00:00:00"
"far218417","2023-10-30 00:00:00"
"far233274","2024-01-29 00:00:00"
"far219524","2023-11-01 00:00:00"
"far253099","2023-10-25 00:00:00"
"far251089","2023-10-28 00:00:00"
"far251194","2023-11-20 00:00:00"
"avaallievs43wtgc","2023-11-03 00:00:00"
"avamasonvs31bkgc","2023-11-18 00:00:00"
"liv1781108","2024-01-01 00:00:00"
"liv4007712","2023-12-30 00:00:00"
"liv4707008","2023-10-30 00:00:00"
"liv4887708","2023-12-30 00:00:00"
"liv4887791","2023-12-30 00:00:00"
"liv5283368","2023-12-30 00:00:00"
"liv5645108","2023-12-30 00:00:00"
"liv5645408","2023-12-30 00:00:00"
"liv5645508","2023-12-30 00:00:00"
"liv486967","2023-12-30 00:00:00"
"min6354177","2024-02-21 00:00:00"
"murp1309orb","2023-11-17 00:00:00"
"murf33248adb","2024-01-25 00:00:00"
"kic43640oz","2023-11-03 00:00:00"
"kic43671oz","2024-01-29 00:00:00"
"kic43922oz","2024-01-29 00:00:00"
"kic45637ni","2023-11-09 00:00:00"
"murol13207pdb","2023-12-15 00:00:00"
"wynwcs202072ddecmunom24","2023-12-31 00:00:00"
"hin4555bk","2023-11-10 00:00:00"
"frefr33104bng","2023-11-10 00:00:00"
"gencf1052bbs","2023-11-17 00:00:00"
"sea88240en312","2023-10-31 00:00:00"
"hin3068gg","2023-11-06 00:00:00"
"frefr33103slf","2023-11-06 00:00:00"
"kic10784niled","2023-10-30 00:00:00"
"kic9794tz","2024-01-29 00:00:00"
"hin3023mm","2023-11-06 00:00:00"
"sea4102801en3848","2023-11-07 00:00:00"
"sea41161en3112","2023-10-31 00:00:00"
"sea4298101en3112","2023-12-08 00:00:00"
"sea4487903en848","2023-10-31 00:00:00"
"sea5134503en872","2023-10-31 00:00:00"
"sea6692101en7112","2023-11-28 00:00:00"
"gencp1161bbs","2023-11-15 00:00:00"
"genkst1031pn1","2023-12-21 00:00:00"
"wynwcf111142slgcxsxxmxx","2023-11-05 00:00:00"
"wynwcf111166dlgcxsxxmxx","2023-10-27 00:00:00"
"wynwcf111142slgcxsxxm34","2023-11-05 00:00:00"
"wynwcf111166dlgcxsxxm58","2023-10-27 00:00:00"
"wynwcf111142slgcmunsmxx","2023-11-05 00:00:00"
"wynwcf111166dlgcmunsmxx","2023-10-27 00:00:00"
"wynwcf111142slgcmunsm34","2023-11-05 00:00:00"
"wynwcf111166dlgcmunsm58","2023-10-27 00:00:00"
"wynwcf111142slgc2unsmxx","2023-11-05 00:00:00"
"wynwcf111142slgwcunsmxx","2023-11-05 00:00:00"
"wynwcf111166dlgc2unsmxx","2023-10-27 00:00:00"
"wynwcf111166dlgwcunsmxx","2023-10-27 00:00:00"
"wynwcf111142slgc2unsm34","2023-11-05 00:00:00"
"wynwcf111142slgwcunsm34","2023-11-05 00:00:00"
"wynwcf111166dlgc2unsm58","2023-10-27 00:00:00"
"wynwcf111166dlgwcunsm58","2023-10-27 00:00:00"
"out7221166a","2023-12-27 00:00:00"
"frefr30815txp","2023-11-06 00:00:00"
"alopd473710mbop","2024-01-04 00:00:00"
"gol1140sfblkhwg","2023-12-25 00:00:00"
"utt23771","2023-12-28 00:00:00"
"far101417","2023-12-30 00:00:00"
"far116235","2024-01-25 00:00:00"
"far217891","2023-11-03 00:00:00"
"far217923","2024-01-29 00:00:00"
"far218499","2023-11-09 00:00:00"
"far233336","2023-10-30 00:00:00"
"far249382","2023-11-28 00:00:00"
"far252655","2023-12-25 00:00:00"
"hin3233hb","2023-11-10 00:00:00"
"hin3243br","2023-11-01 00:00:00"
"kic10788niled","2023-10-30 00:00:00"
"kic49895oz","2023-12-27 00:00:00"
"et2e20084bk","2023-11-13 00:00:00"
"hin2771blb","2023-11-14 00:00:00"
"hin1513ozll","2023-11-08 00:00:00"
"hin3691hbcl","2023-11-22 00:00:00"
"hin37385hb","2023-10-29 00:00:00"
"hin1894rk","2023-10-31 00:00:00"
"hin1895rk","2023-10-31 00:00:00"
"hin2574sk","2023-11-03 00:00:00"
"hin2641ob","2023-11-14 00:00:00"
"tol3424bn4250","2023-10-30 00:00:00"
"tol3424mbbn4250","2023-10-30 00:00:00"
"tol72bn4250","2023-10-30 00:00:00"
"tol72mb4250","2023-10-30 00:00:00"
"tol72nab4250","2023-10-30 00:00:00"
"tol92bn4250","2023-10-30 00:00:00"
"tol92mb4250","2023-10-30 00:00:00"
"tol92nab4250","2023-10-30 00:00:00"
"tol2145bn4250","2023-10-30 00:00:00"
"tol2145brz4250","2023-10-30 00:00:00"
"tol2145ch4250","2023-10-30 00:00:00"
"tol2145dg4250","2023-10-30 00:00:00"
"tol2145es4250","2023-10-30 00:00:00"
"tol2145mb4250","2023-10-30 00:00:00"
"tol2145nab4250","2023-10-30 00:00:00"
"wynwcf292930sbbcxsxxm24","2023-10-27 00:00:00"
"wynwcf292930sblcxsxxm24","2023-10-27 00:00:00"
"wynwcf292930sbncxsxxm24","2023-10-27 00:00:00"
"wynwcf292930sbbcmunsm24","2023-10-27 00:00:00"
"wynwcf292930sblcmunsm24","2023-10-27 00:00:00"
"wynwcf292930sbncmunsm24","2023-10-27 00:00:00"
"wynwcf292930sbbc2unsm24","2023-10-27 00:00:00"
"wynwcf292930sblc2unsm24","2023-10-27 00:00:00"
"wynwcf292930sbnc2unsm24","2023-10-27 00:00:00"
"tol2183bn4250","2023-10-30 00:00:00"
"tol2183mb4250","2023-10-30 00:00:00"
"tol2183nab4250","2023-10-30 00:00:00"
"hin2808bkll","2023-11-22 00:00:00"
"tol2143bn4250","2023-10-30 00:00:00"
"tol2143brz4250","2023-10-30 00:00:00"
"tol2143ch4250","2023-10-30 00:00:00"
"tol2143dg4250","2023-10-30 00:00:00"
"tol2143es4250","2023-10-30 00:00:00"
"tol2143mb4250","2023-10-30 00:00:00"
"tol2143nab4250","2023-10-30 00:00:00"
"gencw1271bbs","2023-12-11 00:00:00"
"tol551gp4250","2023-10-30 00:00:00"
"tol551mb4250","2023-10-30 00:00:00"
"tol552gp4250","2023-10-30 00:00:00"
"tol552mb4250","2023-10-30 00:00:00"
"tol80mb4250","2023-10-30 00:00:00"
"tol553dg4250","2023-10-30 00:00:00"
"tol553gp4250","2023-10-30 00:00:00"
"tol553mb4250","2023-10-30 00:00:00"
"lar83192bk","2023-10-29 00:00:00"
"lar83377bk","2023-11-14 00:00:00"
"lar85003lcb","2023-11-14 00:00:00"
"lar85400bk","2023-11-14 00:00:00"
"lar853453hb","2023-11-02 00:00:00"
"lar853454hb","2023-11-10 00:00:00"
"tol554dg4250","2023-10-30 00:00:00"
"tol554gp4250","2023-10-30 00:00:00"
"tol554mb4250","2023-10-30 00:00:00"
"tol3405bn4250","2023-10-30 00:00:00"
"tol5911bn4250","2023-10-30 00:00:00"
"tol5911mb4250","2023-10-30 00:00:00"
"tol5912bn4250","2023-10-30 00:00:00"
"tol5912mb4250","2023-10-30 00:00:00"
"kuzws8324ch","2023-12-16 00:00:00"
"kuzew48212bk","2023-11-22 00:00:00"
"kuzws33407bn","2023-12-25 00:00:00"
"kuzpd22772bk","2023-10-31 00:00:00"
"kuzpd9108bkgd","2023-12-14 00:00:00"
"kuzch94829an","2023-12-23 00:00:00"
"kuzch94829bk","2023-12-23 00:00:00"
"kuzpd88124bk","2023-11-17 00:00:00"
"aloch309036ubcg","2023-12-16 00:00:00"
"kuzpd15824ch","2023-12-16 00:00:00"
"kuzpd11132bk","2023-12-14 00:00:00"
"hun51697","2023-12-08 00:00:00"
"alovl519427mbop","2024-01-07 00:00:00"
"alowv523210mb","2023-12-21 00:00:00"
"alowv540106bngo","2023-10-31 00:00:00"
"aloch548637bgcl","2023-12-15 00:00:00"
"alovl548431mbop","2023-12-21 00:00:00"
"alovl548431mbsm","2023-12-21 00:00:00"
"alowv302001mbbg","2023-12-14 00:00:00"
"hin57080bkhb","2023-11-02 00:00:00"
"kuzch89832bkgo","2023-12-25 00:00:00"
"far217013","2023-10-30 00:00:00"
"minf846whf","2023-12-22 00:00:00"
"sea4139001en3710","2023-10-31 00:00:00"
"genksv1013bbsgw","2023-12-08 00:00:00"
"minf782lwhf","2023-10-27 00:00:00"
"kuz494016bk","2023-11-08 00:00:00"
"kuzpd62013bksm","2024-02-09 00:00:00"
"kuzpd62014bkch","2023-12-21 00:00:00"
"alofm553014mb","2023-10-31 00:00:00"
"gol3136fmbcbop","2023-12-09 00:00:00"
"hun52392","2023-11-03 00:00:00"
"far251770","2023-12-09 00:00:00"
"far253188","2023-11-09 00:00:00"
"liv7395691","2023-12-30 00:00:00"
"murp1303pn","2024-01-15 00:00:00"
"hin51583cm","2023-11-22 00:00:00"
"minf802lka","2023-10-27 00:00:00"
"hin59923cm","2023-11-22 00:00:00"
"tol132dg9925","2023-10-30 00:00:00"
"tol162dg9925","2023-10-30 00:00:00"
"tol163dg9925","2023-10-30 00:00:00"
"tol164dg9925","2023-10-30 00:00:00"
"tol172brz9925","2023-10-30 00:00:00"
"tol173bc9925","2023-10-30 00:00:00"
"tol173brz9925","2023-10-30 00:00:00"
"tol174bc9925","2023-10-30 00:00:00"
"tol174brz9925","2023-10-30 00:00:00"
"tol182dg9925","2023-10-30 00:00:00"
"tol1842mbdw9925","2023-10-30 00:00:00"
"tol1843mbdw9925","2023-10-30 00:00:00"
"tol1844mbdw9925","2023-10-30 00:00:00"
"tol184dg9925","2023-10-30 00:00:00"
"tol552mb9925","2023-10-30 00:00:00"
"tol553dg9925","2023-10-30 00:00:00"
"tol553mb9925","2023-10-30 00:00:00"
"tol554dg9925","2023-10-30 00:00:00"
"tol554mb9925","2023-10-30 00:00:00"
"tol594dg9925","2023-10-30 00:00:00"
"tol263brz9925","2023-10-30 00:00:00"
"tol568mb9925","2023-10-30 00:00:00"
"tol28dg9925","2023-10-30 00:00:00"
"tol28mb9925","2023-10-30 00:00:00"
"tol2636mb9925","2023-10-30 00:00:00"
"tol25dg9925","2023-10-30 00:00:00"
"tol36brz9925","2023-10-30 00:00:00"
"tol36dg9925","2023-10-30 00:00:00"
"tol3401bn9925","2023-10-30 00:00:00"
"tol3401mbbn9925","2023-10-30 00:00:00"
"tol80dg9925","2023-10-30 00:00:00"
"tol141dg9925","2023-10-30 00:00:00"
"tol161dg9925","2023-10-30 00:00:00"
"tol1841mbdw9925","2023-10-30 00:00:00"
"tol40brz9925","2023-10-30 00:00:00"
"tol40dg9925","2023-10-30 00:00:00"
"tol40mb9925","2023-10-30 00:00:00"
"tol551mb9925","2023-10-30 00:00:00"
"tol2611bn9925","2023-10-30 00:00:00"
"tol2611mb9925","2023-10-30 00:00:00"
"tol2612bn9925","2023-10-30 00:00:00"
"tol2612mb9925","2023-10-30 00:00:00"
"tol2613bn9925","2023-10-30 00:00:00"
"tol2613mb9925","2023-10-30 00:00:00"
"tol2614bn9925","2023-10-30 00:00:00"
"tol2614mb9925","2023-10-30 00:00:00"
"kic55120bk","2023-12-27 00:00:00"
"genco1214htcp","2023-12-14 00:00:00"
"tol80mb9925","2023-10-30 00:00:00"
"tol5911mb9925","2023-10-30 00:00:00"
"tol5912mb9925","2023-10-30 00:00:00"
"tol5913mb9925","2023-10-30 00:00:00"
"min71566al","2023-11-27 00:00:00"
"frefr42455bx","2023-11-22 00:00:00"
"klc519456wb","2023-12-07 00:00:00"
"far102508","2023-12-30 00:00:00"
"far251176","2023-12-27 00:00:00"
"far252752","2023-12-07 00:00:00"
"hin1005si","2023-11-21 00:00:00"
"hin2562mb","2023-10-27 00:00:00"
"murf33248sms","2024-01-23 00:00:00"
"gol3602ba1blkgy","2023-11-01 00:00:00"
"kic43491clp","2023-11-07 00:00:00"
"kic49206bk","2023-11-20 00:00:00"
"kic49446az","2023-11-20 00:00:00"
"kic9532rz","2023-11-20 00:00:00"
"kic9533rz","2023-12-27 00:00:00"
"kic49332rz","2023-10-30 00:00:00"
"min3568098","2023-12-29 00:00:00"
"kic59006wzc","2023-11-20 00:00:00"
"hin901836fawnwa","2023-10-27 00:00:00"
"hin901836fmbnwa","2023-10-27 00:00:00"
"hin901836fmmnwa","2023-10-27 00:00:00"
"sea4439804en305","2023-10-31 00:00:00"
"sea3121609en3112","2023-10-31 00:00:00"
"hin20017bk","2023-11-30 00:00:00"
"hin902744fmmlwd","2023-10-27 00:00:00"
"hin902744fmwlwd","2023-10-27 00:00:00"
"hin902844fmwlia","2023-10-27 00:00:00"
"hin1518hell","2023-10-27 00:00:00"
"hin930007fcw","2023-10-27 00:00:00"
"hin930008fmm","2023-10-27 00:00:00"
"hin990012fcw","2023-11-11 00:00:00"
"kic52429bk","2023-10-28 00:00:00"
"kic55107bk","2023-11-27 00:00:00"
"kovp951084l","2023-10-27 00:00:00"
"hin14904bk","2023-10-27 00:00:00"
"hin1536skll","2023-11-21 00:00:00"
"hin20018bk","2023-11-05 00:00:00"
"hin900760fmwlwd","2023-10-27 00:00:00"
"sea4190301en3778","2023-10-31 00:00:00"
"sea4298101en3848","2024-02-08 00:00:00"
"sea8520701en304","2023-10-31 00:00:00"
"hin18870mbll","2023-10-27 00:00:00"
"hin18874mbll","2023-10-25 00:00:00"
"kuzch87832bk","2023-12-13 00:00:00"
"kuzvl7524ch","2023-12-21 00:00:00"
"kuzpd80324wh","2023-12-13 00:00:00"
"kuzvl47221ch","2023-11-08 00:00:00"
"kuzpd88548bg","2023-12-19 00:00:00"
"kuzpd88548wh","2023-12-13 00:00:00"
"alopd325106ubar","2023-12-21 00:00:00"
"gol0314ba3bcbclr","2023-10-30 00:00:00"
"hin0075wss","2024-03-04 00:00:00"
"hin0300ss","2024-03-04 00:00:00"
"hin15602sk","2023-10-25 00:00:00"
"hin2563mb","2023-10-27 00:00:00"
"kic55155cpz","2023-10-28 00:00:00"
"farw205690","2023-11-01 00:00:00"
"far218722","2023-11-20 00:00:00"
"far218762","2023-10-30 00:00:00"
"far251556","2023-10-27 00:00:00"
"farw240865","2023-10-27 00:00:00"
"far250553","2023-10-30 00:00:00"
"far252393","2023-10-28 00:00:00"
"kic34809","2023-11-20 00:00:00"
"far253290","2024-01-01 00:00:00"
"far253319","2023-12-30 00:00:00"
"far253323","2023-10-30 00:00:00"
"far253325","2023-12-30 00:00:00"
"far253326","2023-12-30 00:00:00"
"far253336","2023-12-30 00:00:00"
"far253358","2023-12-30 00:00:00"
"far253360","2023-12-30 00:00:00"
"far253362","2023-12-30 00:00:00"
"zlt651p11rbn","2023-11-14 00:00:00"
"zlt651p11rmb","2023-11-14 00:00:00"
"zlt651p17lmb","2023-11-14 00:00:00"
"zlt651p23lmb","2023-11-14 00:00:00"
"zlt651p7rbn","2023-11-14 00:00:00"
"zlt740p11rbn","2023-11-14 00:00:00"
"zlt740p11rmb","2023-11-14 00:00:00"
"zlt740p17lmb","2023-11-14 00:00:00"
"zlt740p23lmb","2023-11-14 00:00:00"
"zlt740p7rbn","2023-11-14 00:00:00"
"hin1320kz","2023-11-13 00:00:00"
"hin1324kz","2023-10-24 00:00:00"
"hin2101kz","2023-10-24 00:00:00"
"min417784","2023-12-06 00:00:00"
"hin1326bkll","2023-11-13 00:00:00"
"murol14400sbl","2023-12-15 00:00:00"
"kic2021ni","2023-11-01 00:00:00"
"kic42328ozcs","2023-12-04 00:00:00"
"kic43895oz","2023-11-13 00:00:00"
"kic43896oz","2023-11-01 00:00:00"
"kic43898oz","2023-11-01 00:00:00"
"kic49554bkt","2023-11-20 00:00:00"
"kic49946ozled","2023-10-30 00:00:00"
"ela83943","2023-11-13 00:00:00"
"kic42121clz","2023-10-28 00:00:00"
"sea442160205","2024-02-16 00:00:00"
"mondr36mbk","2023-12-01 00:00:00"
"hin1320bk","2023-10-24 00:00:00"
"utt25496","2023-12-06 00:00:00"
"sea4138en315","2023-10-31 00:00:00"
"sea75436en3710","2023-10-31 00:00:00"
"gencw1202bbs","2023-12-15 00:00:00"
"genlw1011twb","2024-01-05 00:00:00"
"kic4t116s30wh","2023-12-01 00:00:00"
"kuzvl52738bk","2023-12-15 00:00:00"
"kuzvl16727ch","2023-12-17 00:00:00"
"kuzws16705ch","2023-12-17 00:00:00"
"kuzfm43311bk","2023-12-22 00:00:00"
"kuzlp14947wh","2023-11-17 00:00:00"
"kuzew17611bk","2023-12-28 00:00:00"
"kuzsf15001bk","2023-12-16 00:00:00"
"aloch548637bgcp","2023-12-15 00:00:00"
"aloch548637bgop","2023-12-15 00:00:00"
"hun13082","2023-12-28 00:00:00"
"gol1067osfnbmaw","2023-11-21 00:00:00"
"far217501","2023-12-04 00:00:00"
"far218021","2023-11-01 00:00:00"
"far219001","2023-10-30 00:00:00"
"far231301","2023-11-13 00:00:00"
"far233280","2023-10-28 00:00:00"
"far500375","2023-12-01 00:00:00"
"far251344","2023-12-01 00:00:00"
"far252654","2023-11-21 00:00:00"
"far500878","2023-11-11 00:00:00"
"gol1088ba3mbgclr","2023-12-11 00:00:00"
"sea474098","2024-03-06 00:00:00"
"kic43051pn","2023-10-28 00:00:00"
"kic2714ni","2023-11-07 00:00:00"
"kic42456ozclr","2023-11-03 00:00:00"
"kic49061oz","2023-10-30 00:00:00"
"kic9805bk","2024-01-29 00:00:00"
"kic44170bk","2023-11-03 00:00:00"
"wynwcs202060ddecxsxxm24","2023-12-31 00:00:00"
"wynwcs202072ddecxsxxm24","2023-12-31 00:00:00"
"wynwcs202080ddecxsxxm24","2023-12-31 00:00:00"
"wynwcs202072ddecmunsm24","2023-12-31 00:00:00"
"wynwcs202080ddecmunsm24","2023-12-31 00:00:00"
"zlt486p10obr","2023-11-07 00:00:00"
"hun50393","2023-11-20 00:00:00"
"kic16015bkt30","2023-11-27 00:00:00"
"kic16018azt27","2023-11-27 00:00:00"
"kic16160azt27","2023-11-27 00:00:00"
"kic9022bk","2023-11-01 00:00:00"
"kic16162bkt27","2023-11-27 00:00:00"
"kic9774wh","2023-11-23 00:00:00"
"zlt1004p14mbrb","2023-11-21 00:00:00"
"zlt1004p14mwrb","2023-11-21 00:00:00"
"zlt1004p20mbrb","2023-11-21 00:00:00"
"zlt1004p20mwbn","2023-11-21 00:00:00"
"zlt1004p20mwrb","2023-11-21 00:00:00"
"wynwcs202060ddewcunsm24","2023-12-31 00:00:00"
"wynwcs202072ddewcunsm24","2023-12-31 00:00:00"
"wynwcs202080ddewcunsm24","2023-12-31 00:00:00"
"wynwcs202060ddec2unsm24","2023-12-31 00:00:00"
"wynwcs202072ddec2unsm24","2023-12-31 00:00:00"
"wynwcs202080ddec2unsm24","2023-12-31 00:00:00"
"tol2633mb912","2023-10-30 00:00:00"
"tol373bn912","2023-10-30 00:00:00"
"tol373mb912","2023-10-30 00:00:00"
"tol374bn912","2023-10-30 00:00:00"
"tol374mb912","2023-10-30 00:00:00"
"tol803bn912","2023-10-30 00:00:00"
"tol803dg912","2023-10-30 00:00:00"
"tol873bn912","2023-10-30 00:00:00"
"tol874bn912","2023-10-30 00:00:00"
"tol274bn912","2023-10-30 00:00:00"
"tol10bc912","2023-10-30 00:00:00"
"tol10bn912","2023-10-30 00:00:00"
"tol10ch912","2023-10-30 00:00:00"
"tol10dg912","2023-10-30 00:00:00"
"tol10mb912","2023-10-30 00:00:00"
"tol26ch912","2023-10-30 00:00:00"
"tol26dg912","2023-10-30 00:00:00"
"tol26mb912","2023-10-30 00:00:00"
"tol271dg912","2023-10-30 00:00:00"
"tol82dg912","2023-10-30 00:00:00"
"klc390420db","2023-12-07 00:00:00"
"zlt3035p6pn","2023-11-06 00:00:00"
"zlt596phbr519pbk","2023-11-22 00:00:00"
"zlt596phbr533pmbk","2023-11-22 00:00:00"
"zlt596phbr553pmbk","2023-11-22 00:00:00"
"zlt596phbr557pbk","2023-11-22 00:00:00"
"zlt596phbrbk","2023-11-22 00:00:00"
"tol82mb912","2023-10-30 00:00:00"
"tol900mb912","2023-10-30 00:00:00"
"kuz81751wh","2023-11-06 00:00:00"
"kuzws39210bk","2023-12-23 00:00:00"
"kuzlp19937bk","2024-01-30 00:00:00"
"kuzpd70610smbn","2023-12-23 00:00:00"
"kuzpd9117bkgd","2023-12-23 00:00:00"
"kuzfm1512bg","2024-01-13 00:00:00"
"kuzvl17124ch","2023-11-22 00:00:00"
"kuzws24332bk","2023-11-06 00:00:00"
"kuzws24348bk","2023-10-31 00:00:00"
"kuzws10324bk","2023-10-31 00:00:00"
"kuzlp18260bn","2023-10-31 00:00:00"
"kuzpl18217bk","2023-10-31 00:00:00"
"alopd520512agop","2023-11-22 00:00:00"
"alopd560510bgcl","2024-01-03 00:00:00"
"alopd524214agcl","2023-11-08 00:00:00"
"alopd435605bgcr","2023-11-08 00:00:00"
"alopd540411mbgo","2023-10-31 00:00:00"
"aloch548637mbsm","2023-11-08 00:00:00"
"alowv548217bgop","2023-10-31 00:00:00"
"alowv548217mbop","2023-10-31 00:00:00"
"zlt4852vbn","2023-11-21 00:00:00"
"zlt597phb519pbk","2023-11-23 00:00:00"
"zlt597phb533pmbk","2023-11-23 00:00:00"
"zlt597phb553pmbk","2023-11-23 00:00:00"
"zlt597phb567pbk","2023-11-23 00:00:00"
"zlt597phbbk","2023-11-23 00:00:00"
"zlt597phm519pbk","2023-11-23 00:00:00"
"zlt597phm533pmbk","2023-11-23 00:00:00"
"zlt597phm553pmbk","2023-11-23 00:00:00"
"zlt597phm567pbk","2023-11-23 00:00:00"
"zlt597phmbk","2023-11-23 00:00:00"
"zlt517mbkled","2023-11-23 00:00:00"
"zlt520bbkled","2023-11-23 00:00:00"
"zlt576s2bkled","2023-11-23 00:00:00"
"zlt739sbrzrb","2023-11-14 00:00:00"
"aloch450732mb","2023-10-31 00:00:00"
"alowv521008mbsm","2023-12-21 00:00:00"
"zlt651p11rrb","2023-11-14 00:00:00"
"zlt651p17lrb","2023-11-14 00:00:00"
"zlt651p23lbn","2023-11-14 00:00:00"
"zlt651p23lrb","2023-11-14 00:00:00"
"zlt651p27rmb","2023-11-22 00:00:00"
"zlt651p5rrb","2023-11-14 00:00:00"
"zlt651p7rrb","2023-11-14 00:00:00"
"zlt740p11rrb","2023-11-14 00:00:00"
"zlt740p17lrb","2023-11-14 00:00:00"
"zlt740p23lbn","2023-11-14 00:00:00"
"zlt740p23lrb","2023-11-14 00:00:00"
"zlt740p27rmb","2023-11-22 00:00:00"
"zlt740p5rrb","2023-11-14 00:00:00"
"zlt740p7rrb","2023-11-14 00:00:00"
"farw217653","2023-10-28 00:00:00"
"far217097","2023-11-07 00:00:00"
"far217536","2023-11-03 00:00:00"
"far219521","2024-01-29 00:00:00"
"far218212","2023-11-03 00:00:00"
"far233451","2023-11-27 00:00:00"
"far233563","2023-11-27 00:00:00"
"far219404","2023-11-01 00:00:00"
"far233933","2023-11-23 00:00:00"
"far251764","2023-12-11 00:00:00"
"hin3201br","2023-10-29 00:00:00"
"hin3302br","2023-10-29 00:00:00"
"hin3381hb","2023-11-16 00:00:00"
"hin3650hb","2023-11-16 00:00:00"
"utt19643","2023-11-28 00:00:00"
"sea4411604en3962","2023-10-31 00:00:00"
"sea89806en315","2023-10-31 00:00:00"
"hin3241cm","2023-10-29 00:00:00"
"hin3243an","2023-10-28 00:00:00"
"kic43495bk","2023-11-27 00:00:00"
"kic11250bkt30","2023-10-30 00:00:00"
"kic15326bkt","2023-10-30 00:00:00"
"kic15420agz","2023-10-30 00:00:00"
"kic15422agz","2023-10-30 00:00:00"
"kic15439tzt","2023-10-30 00:00:00"
"kic15443tzt","2023-10-30 00:00:00"
"kic15806bkt27r","2023-10-26 00:00:00"
"kic15821azt","2023-10-30 00:00:00"
"kic15857azt30r","2023-10-27 00:00:00"
"kic16120bkt30","2023-10-30 00:00:00"
"kic2682pn","2023-10-30 00:00:00"
"kic3674oz","2023-10-30 00:00:00"
"kic42275oz","2023-10-30 00:00:00"
"kic45297nbr","2023-10-30 00:00:00"
"kic49064oz","2023-10-30 00:00:00"
"kic49501wzc","2023-10-30 00:00:00"
"kic49832oz","2023-10-30 00:00:00"
"kic9244wh","2023-10-28 00:00:00"
"kic9358bkt","2023-10-28 00:00:00"
"kic9539bkt","2023-10-30 00:00:00"
"genaf1153bbs","2023-12-20 00:00:00"
"genkw1021mbk","2023-11-30 00:00:00"
"kic16100sd27","2023-11-27 00:00:00"
"kic16102bkt27","2023-11-13 00:00:00"
"kic16102sd30","2023-11-27 00:00:00"
"kic16103azt30","2023-11-13 00:00:00"
"hin900852fbnlwd","2023-10-31 00:00:00"
"min2405680","2024-02-21 00:00:00"
"kic15764cbr30","2023-12-25 00:00:00"
"kic15780azt27r","2023-10-30 00:00:00"
"kic15782azt27r","2023-11-20 00:00:00"
"kic15871tzt27","2023-11-20 00:00:00"
"kic16151bkt30","2023-10-28 00:00:00"
"kic16153bkt30","2023-10-30 00:00:00"
"kic16154cbr30","2023-10-26 00:00:00"
"kic16157cbr30","2023-10-26 00:00:00"
"kic16158cbr30","2023-10-28 00:00:00"
"kic43495nbr","2023-10-30 00:00:00"
"kic8881ni","2023-10-28 00:00:00"
"hin990024fmm","2023-11-11 00:00:00"
"kic360000mwh","2023-11-03 00:00:00"
"out8883a39","2023-11-29 00:00:00"
"kic55097ch","2023-10-30 00:00:00"
"minf802lorb","2023-12-27 00:00:00"
"hin38894bk","2023-11-01 00:00:00"
"hin3231oz","2023-11-02 00:00:00"
"hin3301an","2023-10-28 00:00:00"
"hin3301br","2023-10-28 00:00:00"
"hin3302an","2023-10-29 00:00:00"
"hin3522bc","2023-11-16 00:00:00"
"hin52112pn","2023-11-16 00:00:00"
"hin54622cm","2023-10-28 00:00:00"
"hin54624cm","2023-10-29 00:00:00"
"kic49925oz","2023-10-30 00:00:00"
"hin3744hb","2023-11-10 00:00:00"
"hin38250bx","2023-11-01 00:00:00"
"hin50642bx","2023-10-29 00:00:00"
"hin50710hb","2023-10-28 00:00:00"
"frefr31100hbrsm","2023-10-29 00:00:00"
"frefr31107hbrsm","2023-10-29 00:00:00"
"gencw1212bbs","2023-12-26 00:00:00"
"genkt1321mc1","2023-12-28 00:00:00"
"lar853450cm","2023-10-28 00:00:00"
"hin53182hb","2023-11-01 00:00:00"
"kuzat67006bk","2023-12-21 00:00:00"
"zlt3433vmb","2023-11-17 00:00:00"
"wynwcf111172dgbcxsxxmxx","2023-10-27 00:00:00"
"wynwcf111172dgbcxsxxm70","2023-10-27 00:00:00"
"wynwcf111172dgbcmunsmxx","2023-10-27 00:00:00"
"wynwcf111172dgbcmunsm70","2023-10-27 00:00:00"
"wynwcf111172dgbc2unsmxx","2023-10-27 00:00:00"
"wynwcf111172dgbwcunsmxx","2023-10-27 00:00:00"
"wynwcf111172dgbc2unsm70","2023-10-27 00:00:00"
"wynwcf111172dgbwcunsm70","2023-10-27 00:00:00"
"hun19575","2024-01-15 00:00:00"
"kic55140bk","2023-10-30 00:00:00"
"kic55143bnb","2023-10-30 00:00:00"
"hin45006bx","2023-10-29 00:00:00"
"hin5163bk","2023-11-16 00:00:00"
"kic330243sbk","2023-10-28 00:00:00"
"hun13075","2024-01-20 00:00:00"
"hun13078","2024-01-20 00:00:00"
"lar83855bk","2023-10-28 00:00:00"
"min620184","2023-11-29 00:00:00"
"far217819","2023-11-27 00:00:00"
"far233067","2023-10-30 00:00:00"
"far233121","2023-10-30 00:00:00"
"far233133","2023-10-30 00:00:00"
"far233134","2023-10-30 00:00:00"
"far233146","2023-10-30 00:00:00"
"far233185","2023-10-30 00:00:00"
"far233204","2023-10-27 00:00:00"
"far233213","2023-10-30 00:00:00"
"far217424","2023-10-30 00:00:00"
"far217488","2023-10-30 00:00:00"
"far218360","2023-10-30 00:00:00"
"far218679","2023-10-30 00:00:00"
"far218807","2023-10-30 00:00:00"
"far218938","2023-10-30 00:00:00"
"far233272","2023-10-28 00:00:00"
"far219450","2023-10-28 00:00:00"
"far233304","2023-11-27 00:00:00"
"far233318","2023-11-13 00:00:00"
"far233325","2023-11-27 00:00:00"
"far233327","2023-11-13 00:00:00"
"farw252276","2023-10-31 00:00:00"
"far233427","2023-10-30 00:00:00"
"far233429","2023-11-20 00:00:00"
"far233444","2023-11-20 00:00:00"
"far233523","2023-10-28 00:00:00"
"far233535","2023-10-30 00:00:00"
"far233556","2023-10-26 00:00:00"
"far233562","2023-10-28 00:00:00"
"far217820","2023-10-30 00:00:00"
"far219400","2023-10-28 00:00:00"
"far500481","2023-11-11 00:00:00"
"far500168","2023-11-03 00:00:00"
"far239774","2023-10-30 00:00:00"
"far249859","2023-10-30 00:00:00"
"far249870","2023-10-30 00:00:00"
"far250632","2023-10-28 00:00:00"
"sea8313802en315","2024-01-05 00:00:00"
"kic15820cbr30","2023-11-20 00:00:00"
"kic49776bk","2023-11-20 00:00:00"
"kic49829oz","2023-12-27 00:00:00"
"kic49830oz","2023-11-20 00:00:00"
"kic49980bkt","2023-11-06 00:00:00"
"kic5337nis","2023-10-26 00:00:00"
"gencp1081ai","2024-01-03 00:00:00"
"utt28287","2023-11-20 00:00:00"
"kic52176bk","2023-10-28 00:00:00"
"kic59024bk","2023-10-30 00:00:00"
"gol3688a1wabblk","2023-10-27 00:00:00"
"kic15765bkt27r","2023-10-26 00:00:00"
"kic15765bkt30r","2023-11-20 00:00:00"
"kic16152azt27","2023-10-26 00:00:00"
"kic59061bsl","2023-11-20 00:00:00"
"out7126066","2023-11-13 00:00:00"
"kic52437bk","2023-10-30 00:00:00"
"kic52442ni","2023-12-27 00:00:00"
"kic52444bk","2023-12-25 00:00:00"
"kic55121bk","2023-10-30 00:00:00"
"murol8600rszt","2023-10-31 00:00:00"
"kic15764bkt30r","2023-10-26 00:00:00"
"kic15820bkt27","2023-10-28 00:00:00"
"kuzvl18532bk","2023-12-19 00:00:00"
"kuzvl18532bn","2023-11-17 00:00:00"
"kuzws39210bg","2023-12-12 00:00:00"
"kuz494418bk","2023-12-19 00:00:00"
"kuzvl72221bk","2023-12-19 00:00:00"
"kuzvl63425bn","2023-11-08 00:00:00"
"alopd541014mbop","2023-12-13 00:00:00"
"alopd401606mbop","2023-12-12 00:00:00"
"far218923","2023-11-20 00:00:00"
"far218932","2023-12-27 00:00:00"
"far219012","2023-11-06 00:00:00"
"far232675","2023-10-27 00:00:00"
"far233423","2023-11-20 00:00:00"
"far233526","2023-10-26 00:00:00"
"far251157","2023-10-30 00:00:00"
"far251161","2023-12-27 00:00:00"
"far251166","2023-12-25 00:00:00"
"far251179","2023-10-30 00:00:00"
"far251244","2023-10-26 00:00:00"
"far251249","2023-10-28 00:00:00"
"murf33224adb","2023-11-30 00:00:00"
"sea856070271","2023-11-17 00:00:00"
"sea8690901d12","2023-10-31 00:00:00"
"crw0409w81101","2023-11-08 00:00:00"
"crw0413p81101","2023-11-29 00:00:00"
"crw0414pt101101","2023-11-08 00:00:00"
"crw1034p309101","2023-11-29 00:00:00"
"crw1246w5101","2023-12-07 00:00:00"
"sea5179403962","2023-11-21 00:00:00"
"sea873870312","2024-03-08 00:00:00"
"genksc10018bbscg","2023-12-11 00:00:00"
"crw1695w61101","2023-11-08 00:00:00"
"avacoventryv48nt","2023-10-30 00:00:00"
"avacoventryv72gt","2023-10-30 00:00:00"
"avacoventryv72nt","2023-10-30 00:00:00"
"alg020246010fr001","2023-12-07 00:00:00"
"alg028751017fr001","2023-12-07 00:00:00"
"alg025720018fr001","2023-12-07 00:00:00"
"alg025742018fr001","2023-12-07 00:00:00"
"gol1051ba1sbz","2023-11-16 00:00:00"
"gol43093pblksd","2023-12-01 00:00:00"
"gol3306ba3abop","2023-11-22 00:00:00"
"klc9003mb","2023-12-07 00:00:00"
"klc2914ac","2023-12-07 00:00:00"
"klc6313ac","2023-12-01 00:00:00"
"klc6601ez","2023-12-07 00:00:00"
"klc6606ez","2023-11-20 00:00:00"
"klc7091vi","2023-11-20 00:00:00"
"klc7095vi","2023-12-27 00:00:00"
"klc400622mz","2023-12-07 00:00:00"
"klc501130bzg","2023-10-31 00:00:00"
"klc312133sn","2023-11-20 00:00:00"
"klc310470bvb","2023-12-07 00:00:00"
"hin2524ls","2023-11-09 00:00:00"
"klc505820ol","2023-11-17 00:00:00"
"klc505840ol","2023-10-31 00:00:00"
"alg030258038","2023-12-27 00:00:00"
"klc316331gn","2023-12-07 00:00:00"
"klc404452fg","2023-11-17 00:00:00"
"klc506270mgm","2023-10-31 00:00:00"
"klc508531bpn","2023-12-07 00:00:00"
"gol6070ba1blkblk","2023-11-01 00:00:00"
"kic2520ni","2023-11-06 00:00:00"
"kic43193aub","2023-11-07 00:00:00"
"kic43982bk","2023-11-13 00:00:00"
"klc509160osl","2023-11-17 00:00:00"
"genkc1008bbs","2023-11-17 00:00:00"
"genkf1011mbk","2023-12-01 00:00:00"
"genkp1001bbs","2023-12-13 00:00:00"
"gol0305ba3chclr","2023-10-27 00:00:00"
"golddddba3","2023-11-01 00:00:00"
"gol98082wblk","2023-11-21 00:00:00"
"klc513311nb","2023-12-07 00:00:00"
"klc509751pn","2023-12-07 00:00:00"
"klc512111pn","2023-11-20 00:00:00"
"klc512155wb","2023-12-07 00:00:00"
"alg037257010fr001","2023-12-07 00:00:00"
"sea8531701en312","2023-10-31 00:00:00"
"gol990318bi","2023-11-16 00:00:00"
"gol14176blk","2023-12-09 00:00:00"
"klc302833sn","2023-12-07 00:00:00"
"klc404450fg","2023-12-07 00:00:00"
"klc509952wb","2023-12-01 00:00:00"
"alg031954039fr001","2023-12-07 00:00:00"
"alg032151043fr001","2023-12-07 00:00:00"
"gol18216abicdw","2023-11-01 00:00:00"
"gol31626blkhwg","2023-11-16 00:00:00"
"min2246281","2024-02-21 00:00:00"
"min3287589","2024-02-21 00:00:00"
"klc513721bnb","2023-12-07 00:00:00"
"gol8355pw","2023-11-16 00:00:00"
"gol9128fm10bcbop","2023-11-21 00:00:00"
"alg036655010fr001","2023-12-07 00:00:00"
"alg036661038fr001","2023-12-01 00:00:00"
"alg026353010fr000","2023-12-07 00:00:00"
"alg030255010","2023-12-01 00:00:00"
"hin1646skll","2023-11-09 00:00:00"
"hin1648skll","2023-11-09 00:00:00"
"hin1639bzled","2023-11-09 00:00:00"
"gol20733pblkclr","2023-11-01 00:00:00"
"klc313531ch","2023-12-07 00:00:00"
"klc315031sn","2023-11-20 00:00:00"
"klc390452sl","2023-12-07 00:00:00"
"klc403821cp","2023-11-17 00:00:00"
"klc501122ps","2023-11-20 00:00:00"
"klc501851mc","2023-12-07 00:00:00"
"klc515255mb","2023-12-07 00:00:00"
"klc515456mb","2023-12-07 00:00:00"
"klc7096vi","2023-12-07 00:00:00"
"sea3124309en05","2023-12-21 00:00:00"
"sea3187908en848","2023-10-31 00:00:00"
"sea4102801en305","2023-11-07 00:00:00"
"sea4190301en305","2023-10-31 00:00:00"
"sea4487902en848","2023-10-31 00:00:00"
"sea7543415","2024-02-07 00:00:00"
"sea7716502en3112","2023-10-31 00:00:00"
"gencw1151mbkbbs","2024-01-31 00:00:00"
"gol2122sfmbsblk","2024-02-15 00:00:00"
"gol2122sfmbsge","2024-02-15 00:00:00"
"wynwcf111166dgbcxsxxmxx","2023-10-27 00:00:00"
"wynwcf111166dgbcxsxxm58","2023-10-27 00:00:00"
"wynwcf111166dgbcmunsmxx","2023-10-27 00:00:00"
"wynwcf111166dgbcmunsm58","2023-10-27 00:00:00"
"wynwcf111166dgbc2unsmxx","2023-10-27 00:00:00"
"wynwcf111166dgbwcunsmxx","2023-10-27 00:00:00"
"wynwcf111166dgbc2unsm58","2023-10-27 00:00:00"
"wynwcf111166dgbwcunsm58","2023-10-27 00:00:00"
"alovl524326agop","2023-11-17 00:00:00"
"gol10845fmblkbw","2023-12-09 00:00:00"
"gol1094owmnbhcg","2023-12-09 00:00:00"
"gol1157fmbcb","2023-11-01 00:00:00"
"gol9126fm18wgop","2023-11-01 00:00:00"
"mon3tthr44sbd","2023-11-29 00:00:00"
"gol0868sfbc","2023-11-21 00:00:00"
"gol11401wblkhwg","2023-12-25 00:00:00"
"kuzsf59708bkop","2023-12-21 00:00:00"
"alg038161044fr001","2023-12-07 00:00:00"
"kic55163cpz","2023-11-07 00:00:00"
"kic55157pn","2023-11-07 00:00:00"
"kic52565cpzwh","2023-11-07 00:00:00"
"klc518462wb","2023-11-20 00:00:00"
"klc518755wb","2023-12-01 00:00:00"
"klc519611stb","2023-11-09 00:00:00"
"klc519671stb","2023-11-20 00:00:00"
"alg037922038fr001","2023-12-07 00:00:00"
"alg039561062fr001","2023-12-01 00:00:00"
"alg039871062fr001","2023-12-07 00:00:00"
"alg039872062fr001","2023-12-01 00:00:00"
"utt23770","2023-11-07 00:00:00"
"crystal6077","2023-12-07 00:00:00"
"crystal6103","2023-12-07 00:00:00"
"crystal6114","2023-12-07 00:00:00"
"crystal6115","2023-12-07 00:00:00"
"far232211","2023-11-16 00:00:00"
"far205940","2023-12-01 00:00:00"
"far205505","2023-11-22 00:00:00"
"far246133","2023-12-07 00:00:00"
"far246151","2023-12-07 00:00:00"
"far246163","2023-12-01 00:00:00"
"far246167","2023-12-07 00:00:00"
"far246169","2023-11-20 00:00:00"
"far246171","2023-11-20 00:00:00"
"far246172","2023-12-27 00:00:00"
"far246194","2023-12-07 00:00:00"
"far246205","2023-10-31 00:00:00"
"far246216","2023-11-20 00:00:00"
"farw242042","2023-12-07 00:00:00"
"far246293","2023-11-17 00:00:00"
"far246294","2023-10-31 00:00:00"
"crystal6072","2023-12-27 00:00:00"
"far246309","2023-12-07 00:00:00"
"far118002","2023-11-17 00:00:00"
"far246321","2023-10-31 00:00:00"
"far246341","2023-12-07 00:00:00"
"farw206007","2023-11-01 00:00:00"
"far217749","2023-11-07 00:00:00"
"far218078","2023-11-13 00:00:00"
"far246379","2023-11-17 00:00:00"
"far232261","2023-10-27 00:00:00"
"far232412","2023-11-01 00:00:00"
"far232627","2023-11-21 00:00:00"
"far246458","2023-12-07 00:00:00"
"far246468","2023-12-07 00:00:00"
"far246470","2023-11-20 00:00:00"
"far246479","2023-12-07 00:00:00"
"crystal8921","2023-12-07 00:00:00"
"far206214","2023-11-16 00:00:00"
"far232724","2023-12-09 00:00:00"
"far246486","2023-12-07 00:00:00"
"far246542","2023-12-07 00:00:00"
"far246600","2023-12-01 00:00:00"
"crystal8948","2023-12-07 00:00:00"
"crystal8949","2023-12-07 00:00:00"
"far232783","2023-11-01 00:00:00"
"far232785","2023-11-16 00:00:00"
"far246623","2023-12-07 00:00:00"
"far232939","2023-11-16 00:00:00"
"far232943","2023-11-21 00:00:00"
"crystal9005","2023-12-07 00:00:00"
"crystal9012","2023-12-01 00:00:00"
"crystal9135","2023-12-07 00:00:00"
"crystal6151","2023-12-01 00:00:00"
"farw240834","2023-11-09 00:00:00"
"farw240837","2023-11-09 00:00:00"
"farw232967","2023-11-01 00:00:00"
"far246720","2023-12-07 00:00:00"
"far246739","2023-11-20 00:00:00"
"far246769","2023-12-07 00:00:00"
"far246789","2023-11-17 00:00:00"
"far246800","2023-11-20 00:00:00"
"far246810","2023-12-07 00:00:00"
"far246861","2023-12-07 00:00:00"
"far246869","2023-12-07 00:00:00"
"far246892","2023-12-07 00:00:00"
"far244810","2024-02-15 00:00:00"
"far244811","2024-02-15 00:00:00"
"far250569","2023-12-09 00:00:00"
"far250573","2023-12-09 00:00:00"
"far250578","2023-11-01 00:00:00"
"far250613","2023-11-01 00:00:00"
"far251750","2023-11-29 00:00:00"
"far251756","2023-11-21 00:00:00"
"far251765","2023-12-25 00:00:00"
"far252416","2023-11-07 00:00:00"
"far252428","2023-11-07 00:00:00"
"far252483","2023-11-07 00:00:00"
"far252724","2023-11-20 00:00:00"
"far252727","2023-12-01 00:00:00"
"far252738","2023-11-09 00:00:00"
"far252740","2023-11-20 00:00:00"
"crystal9506","2023-12-07 00:00:00"
"crystal9518","2023-12-01 00:00:00"
"crystal9520","2023-12-07 00:00:00"
"crystal9521","2023-12-01 00:00:00"
"kic42190ni","2024-01-15 00:00:00"
"kic43857nbr","2023-11-03 00:00:00"
"kic43924ni","2024-01-29 00:00:00"
"kic45570ni","2023-11-01 00:00:00"
"kic49186tz","2024-01-15 00:00:00"
"kic9023bk","2023-10-30 00:00:00"
"kic9142bk","2023-10-30 00:00:00"
"kic9653tz","2024-02-09 00:00:00"
"kic9835tz","2023-11-01 00:00:00"
"kic9850tz","2024-01-15 00:00:00"
"kic52030bk","2023-10-30 00:00:00"
"kic55002bk","2023-11-13 00:00:00"
"gencc13810pn","2024-01-15 00:00:00"
"genct1231mbk1","2024-01-25 00:00:00"
"kuzfm52719wt","2023-12-16 00:00:00"
"alomp316402vbms","2023-10-31 00:00:00"
"alomp316406vbms","2023-12-19 00:00:00"
"alowv316402ubms","2023-11-06 00:00:00"
"kuz402601bgled","2023-12-21 00:00:00"
"kuzws83218bg","2023-12-09 00:00:00"
"kuzws83218ch","2023-11-17 00:00:00"
"kuzvl63624bn","2023-11-17 00:00:00"
"alopd311030ubbg","2023-12-16 00:00:00"
"kuzew71309bk","2023-10-31 00:00:00"
"kuzpd87148wh","2024-01-10 00:00:00"
"kuzpd87772bg","2024-01-23 00:00:00"
"kuzpd1706ch","2023-12-23 00:00:00"
"kuzew19404bk","2023-12-21 00:00:00"
"kuzew3212bk","2023-11-08 00:00:00"
"kuzew71205bk","2023-12-21 00:00:00"
"kuz494502lbk","2023-12-21 00:00:00"
"kuzpd72208bk","2023-12-11 00:00:00"
"kuzpd88548bk","2023-11-06 00:00:00"
"alowv309033pncg","2023-12-28 00:00:00"
"kuzer3005bk","2023-11-08 00:00:00"
"kuzer3005wh","2023-11-08 00:00:00"
"kuzpd19804bk","2023-12-16 00:00:00"
"kuzec18705wh","2023-11-17 00:00:00"
"alopd307931vbtl","2023-12-28 00:00:00"
"kuzfm18247bk","2023-11-17 00:00:00"
"kuzat7924bk","2023-11-22 00:00:00"
"alowv323225pnar","2023-11-17 00:00:00"
"alowv323225vbar","2023-11-06 00:00:00"
"kuzmp89590bg","2023-11-06 00:00:00"
"kuzmp89590bk","2023-12-13 00:00:00"
"kic45689cpz","2023-11-13 00:00:00"
"alovl638221agcl","2023-12-16 00:00:00"
"alopd584510mb","2023-12-22 00:00:00"
"alosf563012bgcl","2023-12-23 00:00:00"
"alosf563012mbcl","2023-12-21 00:00:00"
"alofl485058mb","2023-12-23 00:00:00"
"alopd475113mbcl","2023-12-22 00:00:00"
"alowv418006bg","2023-12-16 00:00:00"
"alowv418006wh","2023-12-23 00:00:00"
"alowv464002mb","2023-12-21 00:00:00"
"kuzew48006bk","2023-11-03 00:00:00"
"far219408","2023-10-30 00:00:00"
"far219485","2024-02-09 00:00:00"
"far219526","2023-11-01 00:00:00"
"far251395","2023-11-13 00:00:00"
"frefr43412cpg","2023-11-10 00:00:00"
"hun53294","2023-12-01 00:00:00"
"hin15708bz","2023-10-25 00:00:00"
"hin2005ds","2023-11-10 00:00:00"
"hin2568mb","2023-11-21 00:00:00"
"frefr40905bng","2023-11-10 00:00:00"
"frefr40906bng","2023-11-10 00:00:00"
"frefr48605mmb","2023-11-06 00:00:00"
"kic15805bkt27r","2023-10-26 00:00:00"
"hin5662hbll","2023-11-01 00:00:00"
"frefr46102hbr","2023-11-01 00:00:00"
"hin10645tk","2023-10-25 00:00:00"
"hin2364mbll","2023-10-25 00:00:00"
"hin2566oz","2023-10-25 00:00:00"
"hin2810bk","2023-10-25 00:00:00"
"hin3641bncs","2023-11-01 00:00:00"
"hin3650bk","2023-11-01 00:00:00"
"hin4738bng","2023-11-06 00:00:00"
"hin51153hb","2023-11-01 00:00:00"
"hin5972hb","2023-11-01 00:00:00"
"frefr32709cpg","2023-11-10 00:00:00"
"frefr33104slf","2023-11-06 00:00:00"
"frefr33105slf","2023-11-10 00:00:00"
"frefr40904bng","2023-11-06 00:00:00"
"hun51111","2023-11-20 00:00:00"
"hin17460blc","2023-10-25 00:00:00"
"hin18081dsz","2023-10-25 00:00:00"
"hin39054bk","2023-11-01 00:00:00"
"hin39674bk","2023-11-01 00:00:00"
"hin5050cm","2023-11-01 00:00:00"
"hin5232cm","2023-11-01 00:00:00"
"hin55022bn","2023-11-01 00:00:00"
"hin55024bn","2023-11-01 00:00:00"
"hun19023","2024-01-20 00:00:00"
"wynwcf292930swbcxsxxm24","2023-10-31 00:00:00"
"wynwcf292930swgcxsxxm24","2023-10-31 00:00:00"
"wynwcf292930swhcxsxxm24","2023-10-31 00:00:00"
"wynwcf292930swbcmunsm24","2023-10-31 00:00:00"
"wynwcf292930swgcmunsm24","2023-10-31 00:00:00"
"wynwcf292930swhcmunsm24","2023-10-31 00:00:00"
"wynwcf292930swbc2unsm24","2023-10-31 00:00:00"
"wynwcf292930swgc2unsm24","2023-10-31 00:00:00"
"wynwcf292930swhc2unsm24","2023-10-31 00:00:00"
"hin24024bk","2023-10-25 00:00:00"
"hin3678cpg","2023-11-06 00:00:00"
"hin54302bk","2023-11-01 00:00:00"
"hin54302hb","2023-11-16 00:00:00"
"hin54302pn","2023-11-01 00:00:00"
"frefr30811bng","2023-11-06 00:00:00"
"frefr30815bng","2023-11-06 00:00:00"
"kic55126oz","2023-10-30 00:00:00"
"hin3381bx","2023-11-01 00:00:00"
"hin3640bncs","2023-11-01 00:00:00"
"hin3640hbcs","2023-11-01 00:00:00"
"kuz401215bnled","2023-10-31 00:00:00"
"hun51681","2023-11-30 00:00:00"
"hin17025ozll","2023-11-22 00:00:00"
"hin3650sgn","2023-11-01 00:00:00"
"frefr30200bng","2023-11-06 00:00:00"
"frefr30203bngbg","2023-11-06 00:00:00"
"frefr30816bng","2023-11-10 00:00:00"
"aloch485245mbop","2023-12-21 00:00:00"
"far252287","2023-11-10 00:00:00"
"farw253032","2023-11-01 00:00:00"
"far251190","2023-10-30 00:00:00"
"acl5187bksd","2023-11-24 00:00:00"
"hin1604mb","2023-10-31 00:00:00"
"sea8304701en3714","2023-11-28 00:00:00"
"sea8304801en3714","2023-10-31 00:00:00"
"kic44034ni","2023-11-01 00:00:00"
"kic44030ni","2023-11-06 00:00:00"
"out72487143c","2024-01-15 00:00:00"
"hin5172bk","2023-10-31 00:00:00"
"sea3121605en3112","2023-10-31 00:00:00"
"hin1548bzll","2023-10-31 00:00:00"
"hin1403ocll","2023-10-31 00:00:00"
"hin14064bu","2023-10-31 00:00:00"
"hin1502bzll","2023-11-22 00:00:00"
"hin2800dzll","2023-11-03 00:00:00"
"max11223ftoi","2023-11-16 00:00:00"
"hin2803bk","2023-10-31 00:00:00"
"hin2806bkll","2023-11-22 00:00:00"
"hin47093bk","2023-10-31 00:00:00"
"hin49067hbhb","2023-11-08 00:00:00"
"sea7716503en3962","2023-10-31 00:00:00"
"sea831380115t","2023-10-31 00:00:00"
"sea854770104t","2023-10-31 00:00:00"
"gencw1202ai","2023-12-08 00:00:00"
"gol3692a1wblkmws","2023-11-16 00:00:00"
"lar83017lcb","2023-10-24 00:00:00"
"lar83034bk","2023-10-24 00:00:00"
"lar83037bk","2023-10-24 00:00:00"
"lar83057lcb","2023-11-14 00:00:00"
"lar83070bk","2023-10-24 00:00:00"
"lar83072bk","2023-10-24 00:00:00"
"lar83117bk","2023-11-14 00:00:00"
"lar83117lcb","2023-10-24 00:00:00"
"lar83307mw","2023-10-24 00:00:00"
"lar85000lcb","2023-11-14 00:00:00"
"lar85400lcb","2023-10-24 00:00:00"
"min719655l","2023-11-29 00:00:00"
"kuzpd9108whsv","2023-10-31 00:00:00"
"aloch309012ubcg","2023-11-06 00:00:00"
"alowv323112vbar","2024-01-23 00:00:00"
"metn7994572l","2023-10-27 00:00:00"
"hin3691pn","2023-10-31 00:00:00"
"hin43013hb","2023-10-31 00:00:00"
"hin58063hb","2023-10-31 00:00:00"
"lar83301bk","2023-10-24 00:00:00"
"lar84437lcb","2023-10-24 00:00:00"
"utt22571","2023-12-10 00:00:00"
"far228938","2023-11-24 00:00:00"
"farw253237","2023-10-31 00:00:00"
"far218128","2023-11-01 00:00:00"
"far218116","2023-11-06 00:00:00"
"far246048","2023-11-16 00:00:00"
"wynwcs141460dgycmunom24","2023-12-31 00:00:00"
"wynwcs141460dgycmunsm24","2023-12-31 00:00:00"
"wynwcs141460dgycxsxxm24","2023-12-31 00:00:00"
"wynwcs141472dgycmunom24","2023-12-31 00:00:00"
"wynwcs141472dgycmunsm24","2023-12-31 00:00:00"
"wynwcs141472dgycxsxxm24","2023-12-31 00:00:00"
"alg11195010fr001","2023-12-27 00:00:00"
"alg11634018fr001","2023-12-07 00:00:00"
"klc311353pn","2023-12-07 00:00:00"
"min3281589","2024-02-21 00:00:00"
"kic43115bk","2023-10-28 00:00:00"
"kic43115nbr","2023-10-30 00:00:00"
"kic43497bk","2023-11-13 00:00:00"
"kic42121ni","2023-10-26 00:00:00"
"kic5078ch","2023-11-08 00:00:00"
"kic9655tz","2024-01-09 00:00:00"
"utt06103","2023-12-11 00:00:00"
"kic45886bk","2023-10-28 00:00:00"
"hin41710hb","2023-11-02 00:00:00"
"klc513661bwb","2023-12-07 00:00:00"
"sea8631702en310","2023-10-31 00:00:00"
"hin3220hb","2023-11-01 00:00:00"
"hin3487hb","2023-10-31 00:00:00"
"hin51150pn","2023-11-18 00:00:00"
"klc511821bcg","2023-12-07 00:00:00"
"klc511841bcg","2023-11-20 00:00:00"
"klc405521bsg","2023-12-27 00:00:00"
"kic330016mwh","2023-11-20 00:00:00"
"alg037558010fr001","2023-12-07 00:00:00"
"min4460273","2024-01-17 00:00:00"
"kic52419bkled","2023-11-27 00:00:00"
"kic8112bk","2023-10-28 00:00:00"
"kic8880ni","2023-10-28 00:00:00"
"alg11520010fr001","2023-12-07 00:00:00"
"alg11804010fr001","2023-12-07 00:00:00"
"frefr30105hbr","2023-11-01 00:00:00"
"hin54623cm","2023-11-01 00:00:00"
"mon3mgmr60mbkmbk","2024-01-24 00:00:00"
"wynwcs141460dgyc2unsm24","2023-12-31 00:00:00"
"wynwcs141460dgywcunsm24","2023-12-31 00:00:00"
"wynwcs141472dgyc2unsm24","2023-12-31 00:00:00"
"wynwcs141472dgywcunsm24","2023-12-31 00:00:00"
"tol36bn1025","2023-10-30 00:00:00"
"tol36bn407","2023-10-30 00:00:00"
"tol36bn408","2023-10-30 00:00:00"
"tol36bn4155","2023-10-30 00:00:00"
"tol36bn416","2023-10-30 00:00:00"
"tol36bn4165","2023-10-30 00:00:00"
"tol36bn421","2023-10-30 00:00:00"
"tol36bn425","2023-10-30 00:00:00"
"tol36bn426","2023-10-30 00:00:00"
"tol36bn427","2023-10-30 00:00:00"
"tol36bn435","2023-10-30 00:00:00"
"tol36bn437","2023-10-30 00:00:00"
"tol36bn438","2023-10-30 00:00:00"
"tol36bn441","2023-10-30 00:00:00"
"tol36bn444","2023-10-30 00:00:00"
"tol36bn447","2023-10-30 00:00:00"
"tol36bn448","2023-10-30 00:00:00"
"tol36bn451","2023-10-30 00:00:00"
"tol36bn454","2023-10-30 00:00:00"
"tol36bn458","2023-11-30 00:00:00"
"tol36bn5054","2023-10-30 00:00:00"
"tol36bn5055","2023-10-30 00:00:00"
"tol36bn5057","2023-10-30 00:00:00"
"tol36bn5064","2023-10-30 00:00:00"
"tol36bn5065","2023-10-30 00:00:00"
"tol36bn5066","2023-10-30 00:00:00"
"tol36bn5067","2023-10-30 00:00:00"
"tol36bn508","2023-10-30 00:00:00"
"tol36bn603","2023-10-30 00:00:00"
"tol36bn604","2023-10-30 00:00:00"
"tol36bn615","2023-10-30 00:00:00"
"tol36bn681","2023-10-30 00:00:00"
"tol36bn700","2023-10-30 00:00:00"
"tol36bn701","2023-10-30 00:00:00"
"tol36bn702","2023-10-30 00:00:00"
"tol36bn706","2023-10-30 00:00:00"
"tol36bn709","2023-10-30 00:00:00"
"tol36bn7145","2023-10-30 00:00:00"
"tol36bn7195","2023-10-30 00:00:00"
"tol36bn720","2023-10-30 00:00:00"
"tol36bn721","2023-10-30 00:00:00"
"tol36bn725","2023-10-30 00:00:00"
"tol36bn726","2023-10-30 00:00:00"
"tol36bn729","2023-10-30 00:00:00"
"tol36bn730","2023-10-30 00:00:00"
"tol36bn736","2023-10-30 00:00:00"
"tol36bn751","2023-10-30 00:00:00"
"tol36bn755","2023-10-30 00:00:00"
"tol36bn756","2023-10-30 00:00:00"
"tol36bn759","2023-10-30 00:00:00"
"tol36bn783","2023-10-30 00:00:00"
"tol36bn9105","2023-10-30 00:00:00"
"tol36bn9485","2023-10-30 00:00:00"
"tol36bn9905","2023-10-30 00:00:00"
"tol36bn9955","2023-10-30 00:00:00"
"tol98nab4681","2023-12-01 00:00:00"
"tol98nab4730","2023-12-01 00:00:00"
"tol98nab4731","2023-12-01 00:00:00"
"hin3747bk","2023-11-01 00:00:00"
"alg037911010fr001","2023-11-09 00:00:00"
"klc315233ch","2023-12-07 00:00:00"
"klc390450sl","2023-12-07 00:00:00"
"klc513622bwb","2023-11-15 00:00:00"
"hin50902hb","2023-11-01 00:00:00"
"tol36bn4811","2023-11-30 00:00:00"
"genaet1101txw1","2023-11-27 00:00:00"
"gencw1081pn","2023-11-10 00:00:00"
"gentt1061bbs1","2023-12-05 00:00:00"
"kic52476grg","2023-11-27 00:00:00"
"kuzch18537bn","2023-12-28 00:00:00"
"kuzch87832bg","2023-12-21 00:00:00"
"kuzpd87724bk","2023-12-21 00:00:00"
"kuzpd87724wh","2023-12-21 00:00:00"
"kuzeg26718bk","2023-12-28 00:00:00"
"alosf361212ub","2023-12-21 00:00:00"
"kuzpd53330ch","2023-12-31 00:00:00"
"kuzws9809bn","2023-12-21 00:00:00"
"kuzws74114ch","2023-12-21 00:00:00"
"kuzeg64816bk","2023-12-28 00:00:00"
"aloch309021ubcg","2023-12-30 00:00:00"
"alowv309002pncg","2023-12-30 00:00:00"
"kuzvl13424bk","2023-12-21 00:00:00"
"kuzvl13424bn","2023-12-21 00:00:00"
"alowv307919antl","2023-12-30 00:00:00"
"alowv323112pnar","2023-12-21 00:00:00"
"alowv323112ubar","2023-12-21 00:00:00"
"kuzlp63436bk","2023-12-21 00:00:00"
"alopd470108mbgo","2023-12-21 00:00:00"
"alopd548315mbcl","2023-12-21 00:00:00"
"kuzfm18247bg","2023-12-21 00:00:00"
"gol6952sfbcbclr","2023-12-15 00:00:00"
"aloch485245whop","2023-11-17 00:00:00"
"alopd475120mbcl","2023-12-21 00:00:00"
"alopd485214mbop","2023-12-21 00:00:00"
"alowv417510bgcr","2023-12-21 00:00:00"
"alowv417510mbcr","2023-12-21 00:00:00"
"alowv461102ag","2023-12-21 00:00:00"
"alowv607201mb","2023-12-13 00:00:00"
"alowv607202ag","2023-12-28 00:00:00"
"alowv607202mb","2023-12-13 00:00:00"
"tol3413bn202","2023-10-30 00:00:00"
"alg040057010fr001","2023-12-07 00:00:00"
"alowv346006vbar","2023-12-21 00:00:00"
"crystal8645","2023-12-27 00:00:00"
"crystal6101","2023-12-07 00:00:00"
"far246213","2023-12-07 00:00:00"
"far217693","2023-10-28 00:00:00"
"far217694","2023-10-30 00:00:00"
"far217825","2023-11-13 00:00:00"
"far233229","2023-10-26 00:00:00"
"far219489","2024-01-09 00:00:00"
"far218605","2023-10-28 00:00:00"
"far246465","2023-12-07 00:00:00"
"farw253054","2023-11-01 00:00:00"
"far246584","2023-12-07 00:00:00"
"far246585","2023-11-20 00:00:00"
"far246596","2023-12-27 00:00:00"
"crystal8988","2023-12-07 00:00:00"
"far233908","2023-10-28 00:00:00"
"far233922","2023-10-28 00:00:00"
"crystal9078","2023-12-07 00:00:00"
"crystal9178","2023-12-07 00:00:00"
"farw237656","2024-01-24 00:00:00"
"crystal9229","2023-11-09 00:00:00"
"far246754","2023-12-07 00:00:00"
"far246767","2023-12-07 00:00:00"
"far246841","2023-11-15 00:00:00"
"far251320","2023-11-27 00:00:00"
"far250607","2023-12-15 00:00:00"
"crystal9524","2023-12-07 00:00:00"
"gol1567m1lpc","2023-11-01 00:00:00"
"hin1800oz","2023-10-26 00:00:00"
"hin1802oz","2023-10-26 00:00:00"
"hin1800bk","2023-10-26 00:00:00"
"hin1784skll","2023-10-26 00:00:00"
"murol14403sbl","2023-11-10 00:00:00"
"gol60709blkblk","2023-11-21 00:00:00"
"kic43362bk","2023-10-28 00:00:00"
"kic15309azt","2023-10-28 00:00:00"
"kic15803azt27r","2023-10-28 00:00:00"
"kic15803azt30r","2023-11-02 00:00:00"
"kic15848azt","2023-10-28 00:00:00"
"kic300027ap","2023-11-08 00:00:00"
"kic330001bss","2023-11-08 00:00:00"
"kic44085oz","2023-11-07 00:00:00"
"kic45298nbr","2023-10-28 00:00:00"
"kic49071bst","2023-11-01 00:00:00"
"kic49073bst","2023-12-25 00:00:00"
"kic49475rz","2023-11-20 00:00:00"
"kic49735oz","2023-11-03 00:00:00"
"kic49841oz","2023-11-20 00:00:00"
"kic9356ld","2023-10-28 00:00:00"
"genec1025mbk","2023-11-30 00:00:00"
"hin56000bk","2023-11-04 00:00:00"
"hin2940oz","2023-11-05 00:00:00"
"kic330000sbk","2023-11-13 00:00:00"
"kic330016snbs","2023-11-08 00:00:00"
"kic59007wzc","2023-11-20 00:00:00"
"hin2567mb","2023-11-30 00:00:00"
"hin2684bk","2023-11-05 00:00:00"
"hin2693bk","2023-10-26 00:00:00"
"hin51152bx","2023-11-18 00:00:00"
"sea60941en312","2023-10-31 00:00:00"
"sea8890901en312","2024-02-07 00:00:00"
"hin10443tk","2023-10-26 00:00:00"
"hin1860oz","2023-11-10 00:00:00"
"hin21003mb","2023-10-26 00:00:00"
"murvs22103sn","2024-02-16 00:00:00"
"minf602lrrb","2023-10-27 00:00:00"
"hun99704","2023-11-10 00:00:00"
"metn69651267b","2023-10-27 00:00:00"
"kic59085bk","2023-11-03 00:00:00"
"kovp3808077","2024-02-21 00:00:00"
"hin11194mb","2023-10-26 00:00:00"
"hin12074al","2023-11-05 00:00:00"
"hin12312bz","2023-11-22 00:00:00"
"hin51000bz","2023-11-22 00:00:00"
"mon6lfr72rzwd","2024-04-09 00:00:00"
"kic49908rz","2023-11-01 00:00:00"
"kic49910rz","2023-11-13 00:00:00"
"kic49909rz","2023-11-01 00:00:00"
"hin2369mb","2023-11-10 00:00:00"
"hin25655mb","2023-11-10 00:00:00"
"kic59098bk","2023-11-01 00:00:00"
"kic59099bk","2023-11-17 00:00:00"
"kic59101bk","2023-11-20 00:00:00"
"sea6684901en3115","2023-11-07 00:00:00"
"sea6884901en3115","2023-11-07 00:00:00"
"sea75435en3112","2024-01-08 00:00:00"
"gencc1254bbs","2023-12-20 00:00:00"
"gencc12812pn","2024-03-01 00:00:00"
"gencv1022bbs","2023-11-15 00:00:00"
"lar82030mb","2023-11-04 00:00:00"
"hin17464mb","2023-11-10 00:00:00"
"hin17467blc","2023-11-22 00:00:00"
"hin2688bk","2023-11-04 00:00:00"
"mon3jvr58mbk","2023-11-29 00:00:00"
"alopd524110mbop","2023-10-31 00:00:00"
"hin1003si","2023-11-10 00:00:00"
"utt24987","2024-01-24 00:00:00"
"alopd321712nb","2024-01-03 00:00:00"
"kic59089bk","2023-10-30 00:00:00"
"kic59009bkt","2023-10-30 00:00:00"
"kic45971bk","2024-01-29 00:00:00"
"kic45972bk","2024-01-29 00:00:00"
"kic45973bk","2024-01-29 00:00:00"
"kic45974bk","2024-01-29 00:00:00"
"kic43850bk","2024-01-15 00:00:00"
"kic43851bk","2024-01-15 00:00:00"
"kic43852bk","2024-01-15 00:00:00"
"kic43853bk","2024-01-15 00:00:00"
"kic42296bk","2024-01-15 00:00:00"
"kic59006bkt","2023-11-03 00:00:00"
"kic59007bkt","2023-11-03 00:00:00"
"far232212","2023-11-01 00:00:00"
"farw206001","2023-11-21 00:00:00"
"far217794","2023-10-28 00:00:00"
"far233107","2023-10-28 00:00:00"
"far233164","2023-10-28 00:00:00"
"far233165","2023-11-02 00:00:00"
"far233200","2023-10-28 00:00:00"
"far217283","2023-11-08 00:00:00"
"far218685","2023-12-25 00:00:00"
"far218796","2023-11-20 00:00:00"
"far218902","2023-11-03 00:00:00"
"far218948","2023-11-20 00:00:00"
"far217306","2023-11-08 00:00:00"
"far253095","2023-11-30 00:00:00"
"far237655","2024-04-09 00:00:00"
"far239736","2023-11-13 00:00:00"
"far251195","2023-11-01 00:00:00"
"far251197","2023-11-17 00:00:00"
"far251201","2023-11-20 00:00:00"
"farw253732","2023-10-25 00:00:00"
"farw253893","2023-11-29 00:00:00"
"farw253889","2023-11-11 00:00:00"
"hin5103an","2023-11-02 00:00:00"
"hin3200br","2023-11-02 00:00:00"
"hin5105an","2023-11-02 00:00:00"
"hin3301oz","2023-11-02 00:00:00"
"liv260261","2023-12-30 00:00:00"
"hin3302ancl","2023-11-02 00:00:00"
"sea75435en3848","2023-12-04 00:00:00"
"hin3230dz","2023-11-02 00:00:00"
"kic2664pn","2023-11-20 00:00:00"
"kic44086ni","2023-11-20 00:00:00"
"kic45921oz","2023-11-03 00:00:00"
"kic45922oz","2023-11-03 00:00:00"
"kic49342az","2023-12-27 00:00:00"
"kic49389oz","2023-11-20 00:00:00"
"kic49512oz","2023-11-07 00:00:00"
"kic49865wzc","2023-11-07 00:00:00"
"tol2636mb458","2023-11-30 00:00:00"
"kic52130bnb","2023-12-27 00:00:00"
"et2e25038wtbk","2023-11-06 00:00:00"
"hin51150hb","2023-11-18 00:00:00"
"liv4964514","2024-01-01 00:00:00"
"max5840mrwt","2023-11-21 00:00:00"
"max5841mrwt","2023-11-21 00:00:00"
"zlt2302f4rb","2023-11-17 00:00:00"
"hin3204kz","2023-11-02 00:00:00"
"tol162dg458","2023-11-30 00:00:00"
"tol163dg458","2023-11-30 00:00:00"
"tol164dg458","2023-11-30 00:00:00"
"tol172bn458","2023-11-30 00:00:00"
"tol172brz458","2023-11-30 00:00:00"
"tol173bc458","2023-11-30 00:00:00"
"tol173bn458","2023-11-30 00:00:00"
"tol173brz458","2023-11-30 00:00:00"
"tol174bc458","2023-11-30 00:00:00"
"tol174bn458","2023-11-30 00:00:00"
"tol174brz458","2023-11-30 00:00:00"
"tol182dg458","2023-11-30 00:00:00"
"tol552gp458","2023-11-30 00:00:00"
"tol553dg458","2023-11-30 00:00:00"
"tol553gp458","2023-11-30 00:00:00"
"tol553mb458","2023-11-30 00:00:00"
"tol554dg458","2023-11-30 00:00:00"
"tol554gp458","2023-11-30 00:00:00"
"tol554mb458","2023-11-30 00:00:00"
"tol594dg458","2023-11-30 00:00:00"
"tol3424bn458","2023-11-30 00:00:00"
"tol3424mbbn458","2023-11-30 00:00:00"
"tol3424mbbr458","2023-11-30 00:00:00"
"tol28bn458","2023-11-30 00:00:00"
"tol28dg458","2023-11-30 00:00:00"
"tol28mb458","2023-11-30 00:00:00"
"tol2636bn458","2023-11-30 00:00:00"
"tol140as458","2023-11-30 00:00:00"
"tol31brz458","2023-11-30 00:00:00"
"tol35brz458","2023-11-30 00:00:00"
"tol61dg458","2023-11-30 00:00:00"
"tol25bn458","2023-11-30 00:00:00"
"tol25dg458","2023-11-30 00:00:00"
"tol36brz458","2023-11-30 00:00:00"
"tol36dg458","2023-11-30 00:00:00"
"tol22bc458","2023-11-30 00:00:00"
"tol22bn458","2023-11-30 00:00:00"
"tol22ch458","2023-11-30 00:00:00"
"tol22dg458","2023-11-30 00:00:00"
"tol23bc458","2023-11-30 00:00:00"
"tol23bn458","2023-11-30 00:00:00"
"tol23ch458","2023-11-30 00:00:00"
"tol23dg458","2023-11-30 00:00:00"
"tol80as458","2023-11-30 00:00:00"
"tol80dg458","2023-11-30 00:00:00"
"tol141dg458","2023-11-30 00:00:00"
"tol161dg458","2023-11-30 00:00:00"
"tol40bn458","2023-11-30 00:00:00"
"tol40brz458","2023-11-30 00:00:00"
"tol40ch458","2023-11-30 00:00:00"
"tol40dg458","2023-11-30 00:00:00"
"tol40mb458","2023-11-30 00:00:00"
"tol551gp458","2023-11-30 00:00:00"
"tol551mb458","2023-11-30 00:00:00"
"tol591dg458","2023-11-30 00:00:00"
"sea4437304en3962","2024-06-05 00:00:00"
"tol80mb458","2023-11-30 00:00:00"
"tol5911bn458","2023-11-30 00:00:00"
"tol5911mb458","2023-11-30 00:00:00"
"tol5912bn458","2023-11-30 00:00:00"
"tol5912mb458","2023-11-30 00:00:00"
"tol5913bn458","2023-11-30 00:00:00"
"tol5913mb458","2023-11-30 00:00:00"
"kuzpd87132bk","2023-12-25 00:00:00"
"kuzvl18248bg","2024-01-01 00:00:00"
"alowv572205whag","2023-12-25 00:00:00"
"alosf550332mbag","2024-01-01 00:00:00"
"alosf550332whag","2023-12-25 00:00:00"
"aloch548518bgop","2023-12-25 00:00:00"
"kuzeb40910bk","2023-12-25 00:00:00"
"kuzpd24724bg","2023-10-31 00:00:00"
"tol3401bn458","2023-11-30 00:00:00"
"far100776","2023-12-30 00:00:00"
"far218643","2023-11-03 00:00:00"
"far218767","2023-12-27 00:00:00"
"far219164","2023-12-27 00:00:00"
"far235055","2024-01-01 00:00:00"
"mon3dstr57bsd","2024-03-26 00:00:00"
"sea7813801en3753","2023-10-31 00:00:00"
"kic42298snled","2023-11-04 00:00:00"
"kic49837bk","2023-11-03 00:00:00"
"kic15470cbr","2023-12-27 00:00:00"
"kic2031tz","2023-11-06 00:00:00"
"kic45457clp","2023-10-28 00:00:00"
"kic45570oz","2023-10-30 00:00:00"
"kic45582ch","2023-12-01 00:00:00"
"kic45839ozled","2023-11-04 00:00:00"
"kic49200bk","2023-11-01 00:00:00"
"kic49201bk","2023-10-30 00:00:00"
"kic49736oz","2023-12-25 00:00:00"
"kic49834oz","2023-12-27 00:00:00"
"kic49892oz","2023-11-20 00:00:00"
"kic49918bk","2023-10-30 00:00:00"
"kic49925bkt","2023-10-30 00:00:00"
"kic49926bkt","2023-11-03 00:00:00"
"kic9533bkt","2023-11-17 00:00:00"
"kic9938bk","2023-11-20 00:00:00"
"ela83736","2023-11-04 00:00:00"
"ela83743","2023-11-13 00:00:00"
"ela83792","2023-11-04 00:00:00"
"ela83816","2023-11-13 00:00:00"
"ela84186","2023-11-04 00:00:00"
"ela84067cg","2023-11-04 00:00:00"
"ela84068cg","2023-11-04 00:00:00"
"ela84070cg","2023-11-04 00:00:00"
"kic49991bk","2023-11-03 00:00:00"
"kic52035aco","2023-11-15 00:00:00"
"kic59037bkled","2023-11-20 00:00:00"
"ela84081mbk","2023-11-04 00:00:00"
"kic16100bkt27","2024-01-08 00:00:00"
"kic16101azt30","2023-11-13 00:00:00"
"kic16103bkt27","2024-01-08 00:00:00"
"sea871930112","2024-01-12 00:00:00"
"kic15384cbr","2023-11-23 00:00:00"
"kic15485cbr","2023-11-13 00:00:00"
"kic15486cbr","2023-11-13 00:00:00"
"kic15495cbr","2023-11-13 00:00:00"
"kic15498cbr","2023-11-06 00:00:00"
"kic15499cbr","2023-11-13 00:00:00"
"kic15502cbr","2023-11-20 00:00:00"
"kic15507cbr","2023-11-06 00:00:00"
"kic15508cbr","2023-11-06 00:00:00"
"kic16027ss27","2023-11-06 00:00:00"
"kic16210bkt30","2023-11-13 00:00:00"
"kic16216azt30","2023-11-13 00:00:00"
"kic16220bkt30","2023-10-26 00:00:00"
"kic49892bk","2023-11-03 00:00:00"
"kic49893bk","2023-11-01 00:00:00"
"kic55102bk","2023-11-03 00:00:00"
"kic59060oz","2023-12-27 00:00:00"
"kic59087bk","2023-11-03 00:00:00"
"kic15500cbr","2023-11-23 00:00:00"
"kic55002ni","2023-10-30 00:00:00"
"kic15786cbrd","2023-11-13 00:00:00"
"kic45943bk","2023-11-07 00:00:00"
"kic45945bk","2023-11-15 00:00:00"
"kic59017bk","2023-11-01 00:00:00"
"kic52444oz","2023-12-25 00:00:00"
"sea7728502en712","2023-10-31 00:00:00"
"sea8560701pm71","2023-12-28 00:00:00"
"gencw1212ai","2024-01-26 00:00:00"
"genep1221mwtpn","2023-12-11 00:00:00"
"kuzmp95103bg","2024-01-03 00:00:00"
"kic55002cpz","2023-11-01 00:00:00"
"kic15pr1200ss","2023-12-01 00:00:00"
"kic15pr600ss","2023-10-30 00:00:00"
"kic15pr900ss","2023-10-30 00:00:00"
"kic55000cpz","2023-10-30 00:00:00"
"alowv548217bgcp","2024-01-04 00:00:00"
"zlt520mbkled","2023-11-09 00:00:00"
"alopd461101ag","2023-12-28 00:00:00"
"utt22911","2023-12-27 00:00:00"
"far217497","2023-11-04 00:00:00"
"far218946","2023-11-03 00:00:00"
"far218413","2023-10-28 00:00:00"
"farw218487","2023-12-01 00:00:00"
"far218942","2023-12-27 00:00:00"
"far218970","2023-11-20 00:00:00"
"far219462","2023-11-17 00:00:00"
"far231265","2023-11-04 00:00:00"
"far231268","2023-11-13 00:00:00"
"far231284","2023-11-04 00:00:00"
"far231287","2023-11-13 00:00:00"
"far231377","2023-11-04 00:00:00"
"far216019","2023-11-04 00:00:00"
"far216020","2023-11-04 00:00:00"
"far219104","2023-11-15 00:00:00"
"far216022","2023-11-04 00:00:00"
"far233298","2024-01-08 00:00:00"
"far233307","2023-11-13 00:00:00"
"far233381","2023-11-23 00:00:00"
"far233392","2023-11-13 00:00:00"
"far233393","2023-11-13 00:00:00"
"far233399","2023-11-13 00:00:00"
"far233494","2023-11-06 00:00:00"
"far233596","2023-10-26 00:00:00"
"far233889","2023-11-03 00:00:00"
"far239795","2023-11-23 00:00:00"
"far239711","2023-10-30 00:00:00"
"far239827","2023-11-13 00:00:00"
"far239767","2023-11-07 00:00:00"
"far239781","2023-11-15 00:00:00"
"far251168","2023-12-25 00:00:00"
"far249523","2023-10-31 00:00:00"
"far251391","2023-11-01 00:00:00"
"far245669","2023-10-30 00:00:00"
"far245736","2023-10-30 00:00:00"
"frefr40571irr","2023-11-09 00:00:00"
"minf689wh","2023-11-10 00:00:00"
"murol11602orbled","2023-11-15 00:00:00"
"out72486143c","2024-01-15 00:00:00"
"kic3349ni","2023-10-26 00:00:00"
"kic3694ni","2023-12-04 00:00:00"
"kic42122ni","2023-10-26 00:00:00"
"kic43682wh","2023-11-13 00:00:00"
"kic45151ap","2023-12-04 00:00:00"
"kic45151ch","2023-10-28 00:00:00"
"gencc1084adb","2024-01-25 00:00:00"
"sea4128801en305","2023-10-31 00:00:00"
"sea8731701en3753","2023-10-31 00:00:00"
"sea4421603en305","2023-10-31 00:00:00"
"hin41310bgr","2023-11-02 00:00:00"
"hin5070cm","2023-11-22 00:00:00"
"hin5073cr","2023-11-22 00:00:00"
"hin51152pn","2023-11-18 00:00:00"
"hin5940sq","2023-11-09 00:00:00"
"kic52339cg","2023-11-27 00:00:00"
"kic8112ni","2023-10-28 00:00:00"
"hin30602bk","2023-11-02 00:00:00"
"hin50871bn","2023-11-22 00:00:00"
"hin29703vi","2023-11-02 00:00:00"
"mon5aspr56mbk","2023-12-06 00:00:00"
"mon5aspr70bs","2023-12-06 00:00:00"
"mondrc24rzw","2023-11-03 00:00:00"
"hin4893ws","2023-11-02 00:00:00"
"hin50872bk","2023-11-22 00:00:00"
"hin41063blk","2023-11-02 00:00:00"
"kic45295bk","2023-10-28 00:00:00"
"sea3190305en778","2023-10-31 00:00:00"
"sea75435112","2023-12-29 00:00:00"
"gencc1378bbs","2023-12-07 00:00:00"
"genksw1001bbs","2024-02-28 00:00:00"
"kic52505bnb","2023-10-30 00:00:00"
"min287477l","2024-01-12 00:00:00"
"hin53060lcb","2023-11-22 00:00:00"
"hin53060pn","2023-11-22 00:00:00"
"gol08921wai","2024-02-16 00:00:00"
"utt04353","2023-12-11 00:00:00"
"utt22918","2024-01-03 00:00:00"
"far217430","2023-12-04 00:00:00"
"far233231","2023-10-26 00:00:00"
"far217931","2023-11-13 00:00:00"
"far218347","2023-12-04 00:00:00"
"far218348","2023-10-28 00:00:00"
"far233910","2023-10-28 00:00:00"
"far237628","2023-12-06 00:00:00"
"far500429","2023-11-03 00:00:00"
"far251134","2023-10-28 00:00:00"
"far249855","2023-10-30 00:00:00"
"far252650","2024-02-16 00:00:00"
"acl5208bksd","2023-10-30 00:00:00"
"kovp5046084l","2023-11-17 00:00:00"
"hin2126pz","2023-11-08 00:00:00"
"hin1858dz","2023-11-08 00:00:00"
"out71251640","2023-12-18 00:00:00"
"sea89806en312","2023-10-31 00:00:00"
"murvs24402sn","2023-12-01 00:00:00"
"kic15821cbr27","2023-11-20 00:00:00"
"kic15821cbr30","2023-11-20 00:00:00"
"kic42591bk","2023-11-20 00:00:00"
"kic43363bk","2023-10-26 00:00:00"
"kic10769ozled","2023-10-30 00:00:00"
"kic15211bkt","2023-11-20 00:00:00"
"kic15326azt","2023-11-06 00:00:00"
"kic15820co27","2023-10-28 00:00:00"
"kic15826bkt27r","2023-11-20 00:00:00"
"kic15833azt27r","2023-10-26 00:00:00"
"kic15839co27r","2023-11-20 00:00:00"
"kic15850co30r","2023-10-26 00:00:00"
"kic15871tzt","2023-11-20 00:00:00"
"kic16120azt27","2023-11-20 00:00:00"
"kic16120bkt27","2023-10-27 00:00:00"
"kic16124agz27","2023-11-20 00:00:00"
"kic2093ni","2023-11-27 00:00:00"
"kic2664oz","2023-11-20 00:00:00"
"kic2665oz","2023-11-20 00:00:00"
"kic2666pn","2023-11-20 00:00:00"
"kic3623ni","2023-10-26 00:00:00"
"kic42246ni","2023-11-20 00:00:00"
"kic42328nics","2023-11-09 00:00:00"
"kic42526oz","2023-11-20 00:00:00"
"kic43301ni","2023-11-20 00:00:00"
"kic43301oz","2023-11-20 00:00:00"
"kic43304ni","2023-11-07 00:00:00"
"kic43712pn","2023-11-27 00:00:00"
"kic43715pn","2023-11-27 00:00:00"
"kic43764pn","2023-11-20 00:00:00"
"kic45193ch","2023-11-27 00:00:00"
"kic45298ch","2023-11-27 00:00:00"
"kic45299nbr","2023-11-27 00:00:00"
"kic45392ch","2023-11-27 00:00:00"
"kic49121avi","2023-11-20 00:00:00"
"kic49127dbk","2023-11-07 00:00:00"
"kic49297bktled","2023-11-20 00:00:00"
"kic49337az","2023-11-20 00:00:00"
"kic49339az","2023-11-20 00:00:00"
"kic49447az","2023-11-20 00:00:00"
"kic49478rz","2023-11-20 00:00:00"
"kic49506oz","2023-11-20 00:00:00"
"kic49557azled","2023-11-20 00:00:00"
"kic49558azled","2023-11-20 00:00:00"
"kic49569wzc","2023-11-20 00:00:00"
"kic49571wzc","2023-11-20 00:00:00"
"kic49738oz","2023-11-20 00:00:00"
"kic49743wzc","2023-11-20 00:00:00"
"kic49777bk","2023-11-20 00:00:00"
"kic49844oz","2023-11-20 00:00:00"
"kic49859bkt","2023-11-20 00:00:00"
"kic49945bktled","2023-11-20 00:00:00"
"kic49982bkt","2023-11-20 00:00:00"
"kic5077ch","2023-11-27 00:00:00"
"kic6324ni","2023-11-27 00:00:00"
"kic9041bk","2023-11-20 00:00:00"
"kic9234wh","2023-11-20 00:00:00"
"kic9532bkt","2023-11-20 00:00:00"
"kic9559ld","2023-11-20 00:00:00"
"kic9564bkt","2023-11-20 00:00:00"
"kic9918bk","2023-11-20 00:00:00"
"kic9938rz","2023-11-20 00:00:00"
"kic49876bk","2023-11-20 00:00:00"
"kic49877bk","2023-11-20 00:00:00"
"hin4697hbdz","2023-11-22 00:00:00"
"kic45973nbr","2023-10-30 00:00:00"
"kic52129bk","2023-11-20 00:00:00"
"kic52130bk","2023-11-20 00:00:00"
"kic59036bkled","2023-11-20 00:00:00"
"kic59037baled","2023-11-20 00:00:00"
"kic15494cbr","2023-11-20 00:00:00"
"kic16100gry30","2024-01-08 00:00:00"
"kic16102cbr27","2024-01-08 00:00:00"
"kic16102sd27","2024-01-08 00:00:00"
"kic16103bkt30","2024-01-08 00:00:00"
"kic16103cbr27","2024-01-08 00:00:00"
"hin900752fbnlwd","2023-11-02 00:00:00"
"hin900752fgtlwd","2023-11-11 00:00:00"
"hin900860fbnlwd","2023-11-02 00:00:00"
"hin902152fmwlwd","2023-11-11 00:00:00"
"hin51152hb","2023-11-18 00:00:00"
"kic10763niled","2023-10-28 00:00:00"
"kic10784ozled","2023-10-28 00:00:00"
"kic15005bkt","2023-11-20 00:00:00"
"kic15066azt","2023-11-20 00:00:00"
"kic15205azt","2023-11-20 00:00:00"
"kic15231bkt","2023-11-20 00:00:00"
"kic15251azt","2023-10-27 00:00:00"
"kic15384bkt","2023-11-20 00:00:00"
"kic15483cbr","2023-11-06 00:00:00"
"kic15810cbr27","2023-10-27 00:00:00"
"kic15878cbr27","2023-11-20 00:00:00"
"kic16111azt30","2023-11-20 00:00:00"
"kic16140cbr30","2023-10-26 00:00:00"
"kic16151azt27","2023-10-28 00:00:00"
"kic16152azt30","2023-10-26 00:00:00"
"kic16152bkt27","2023-10-26 00:00:00"
"kic16153azt30","2023-10-28 00:00:00"
"kic43494nbr","2023-11-27 00:00:00"
"kic45910oz","2023-10-28 00:00:00"
"kic5019ni","2023-10-30 00:00:00"
"kic9618oz","2023-11-02 00:00:00"
"hin930006fcw","2023-11-02 00:00:00"
"hin990024fmw","2023-11-02 00:00:00"
"hin990036fmb","2023-11-02 00:00:00"
"hin990072fgt","2023-11-02 00:00:00"
"kic360000nbr","2023-10-28 00:00:00"
"minf522lbwh","2024-02-21 00:00:00"
"hin903352fbnlia","2023-11-02 00:00:00"
"kic52418bnbled","2023-11-27 00:00:00"
"kic52419bnbled","2023-11-27 00:00:00"
"kic52427pn","2023-11-27 00:00:00"
"kic52428bnb","2023-11-27 00:00:00"
"kic55107sn","2023-11-27 00:00:00"
"kic59056bkt","2023-11-20 00:00:00"
"kic59062oz","2023-11-20 00:00:00"
"kic59064bsl","2023-11-20 00:00:00"
"kic8109ni","2023-11-27 00:00:00"
"zlt473p16bn","2024-01-10 00:00:00"
"hin38113hb","2023-11-08 00:00:00"
"hin51452bx","2023-11-08 00:00:00"
"hin51452hb","2023-11-08 00:00:00"
"hin52883hb","2023-11-22 00:00:00"
"hin52884hb","2023-11-08 00:00:00"
"hin53772bk","2023-11-29 00:00:00"
"hin2201dz","2023-11-08 00:00:00"
"max1000bk","2023-12-06 00:00:00"
"tol3424bn4811","2023-11-30 00:00:00"
"tol3424mbbn4811","2023-11-30 00:00:00"
"tol3424mbbr4811","2023-11-30 00:00:00"
"tol3409bn4811","2023-11-30 00:00:00"
"tol3409mbbr4811","2023-11-30 00:00:00"
"tol3415mbbn4811","2023-11-30 00:00:00"
"tol3415bn4811","2023-11-30 00:00:00"
"tol2601bn4811","2023-11-30 00:00:00"
"tol2601mb4811","2023-11-30 00:00:00"
"tol3421bn4811","2023-11-30 00:00:00"
"tol3421mbbn4811","2023-11-30 00:00:00"
"tol3421mbbr4811","2023-11-30 00:00:00"
"kic45391ni","2023-11-27 00:00:00"
"kic45393bk","2023-11-27 00:00:00"
"kic59018bk","2023-11-20 00:00:00"
"kic55018ni","2023-11-20 00:00:00"
"kic16172cbr27","2023-11-20 00:00:00"
"tol3415mbbr4811","2023-11-30 00:00:00"
"tol2611bn4811","2023-11-30 00:00:00"
"tol2611mb4811","2023-11-30 00:00:00"
"tol2612bn4811","2023-11-30 00:00:00"
"tol2612mb4811","2023-11-30 00:00:00"
"tol1185bn4811","2023-11-30 00:00:00"
"tol2613bn4811","2023-11-30 00:00:00"
"tol2613mb4811","2023-11-30 00:00:00"
"tol2614bn4811","2023-11-30 00:00:00"
"tol2614mb4811","2023-11-30 00:00:00"
"tol3403mbbr4811","2023-11-30 00:00:00"
"tol51dg4811","2023-11-30 00:00:00"
"tol2183bn4811","2023-11-30 00:00:00"
"tol2183brz4811","2023-11-30 00:00:00"
"tol2183ch4811","2023-11-30 00:00:00"
"tol2183dg4811","2023-11-30 00:00:00"
"tol2183es4811","2023-11-30 00:00:00"
"tol2183mb4811","2023-11-30 00:00:00"
"tol2183nab4811","2023-11-30 00:00:00"
"hin49065hbhb","2023-11-08 00:00:00"
"hin51113hb","2023-11-08 00:00:00"
"hin903056fbnlid","2023-11-02 00:00:00"
"kic42275bk","2023-11-20 00:00:00"
"kic42276bk","2023-11-20 00:00:00"
"kic43115clp","2023-11-27 00:00:00"
"kic59100ba","2023-11-20 00:00:00"
"kic59104oz","2023-11-20 00:00:00"
"tol901mb4811","2023-11-30 00:00:00"
"tol25bn4811","2023-11-30 00:00:00"
"tol2143bn4811","2023-11-30 00:00:00"
"tol2143brz4811","2023-11-30 00:00:00"
"tol2143ch4811","2023-11-30 00:00:00"
"tol2143dg4811","2023-11-30 00:00:00"
"tol2143es4811","2023-11-30 00:00:00"
"tol2143mb4811","2023-11-30 00:00:00"
"tol2143nab4811","2023-11-30 00:00:00"
"sea6537001en7710","2023-10-31 00:00:00"
"sea7739002en3710","2023-10-31 00:00:00"
"genct1161bbs1","2023-12-11 00:00:00"
"tol551gp4811","2023-11-30 00:00:00"
"tol551mb4811","2023-11-30 00:00:00"
"tol552gp4811","2023-11-30 00:00:00"
"tol552mb4811","2023-11-30 00:00:00"
"tol80mb4811","2023-11-30 00:00:00"
"tol553dg4811","2023-11-30 00:00:00"
"tol553gp4811","2023-11-30 00:00:00"
"tol553mb4811","2023-11-30 00:00:00"
"kic15079bkt","2023-11-06 00:00:00"
"kic15800bkt30r","2023-11-02 00:00:00"
"kic15857bkt30r","2023-11-20 00:00:00"
"tol554dg4811","2023-11-30 00:00:00"
"tol554gp4811","2023-11-30 00:00:00"
"tol554mb4811","2023-11-30 00:00:00"
"tol3405bn4811","2023-11-30 00:00:00"
"tol5911bn4811","2023-11-30 00:00:00"
"tol5911mb4811","2023-11-30 00:00:00"
"tol5912bn4811","2023-11-30 00:00:00"
"tol5912mb4811","2023-11-30 00:00:00"
"tol5913bn4811","2023-11-30 00:00:00"
"tol5913mb4811","2023-11-30 00:00:00"
"kuzpd52724bk","2024-01-06 00:00:00"
"kuzws19707bk","2024-01-01 00:00:00"
"kuzpd22735wh","2023-12-28 00:00:00"
"kuzvl6220ch","2024-01-04 00:00:00"
"kuzfm43414whgd","2023-10-31 00:00:00"
"alofm321201nb","2024-01-06 00:00:00"
"kuzws25350bk","2024-01-04 00:00:00"
"kuzws25350bn","2024-01-04 00:00:00"
"kuzvl60624ch","2023-10-31 00:00:00"
"alopl307931vbcl","2024-01-05 00:00:00"
"alopl307931vbtl","2024-01-05 00:00:00"
"kuzew22109wh","2023-12-28 00:00:00"
"alowv334215ubar","2024-01-04 00:00:00"
"kic15igt300","2023-10-30 00:00:00"
"hun51694","2023-12-18 00:00:00"
"kic55142bnb","2023-11-27 00:00:00"
"kic52516bk","2023-11-27 00:00:00"
"kic52516bnb","2023-11-27 00:00:00"
"alopd536005mbwc","2024-01-04 00:00:00"
"alopd502204bncr","2024-01-09 00:00:00"
"alopd520516agcl","2024-01-04 00:00:00"
"alopd504016sl","2023-12-28 00:00:00"
"alopd524110mbcl","2023-12-28 00:00:00"
"alofm522012mbop","2023-12-21 00:00:00"
"alopd522016agop","2023-12-28 00:00:00"
"alopd601710mbsm","2023-12-28 00:00:00"
"alolp302005mbbg","2024-01-01 00:00:00"
"kuzlp10345bg","2024-01-04 00:00:00"
"kuzws18224bg","2023-12-18 00:00:00"
"hin901058fmbndd","2023-10-31 00:00:00"
"hin901072fmbndd","2023-10-31 00:00:00"
"hin38113hbpt","2023-11-08 00:00:00"
"hin43010hb","2023-11-08 00:00:00"
"hin43012hb","2023-11-08 00:00:00"
"hin47095hb","2023-11-29 00:00:00"
"hin58064bk","2023-11-08 00:00:00"
"kuzfm31205bkwh","2024-01-11 00:00:00"
"kuzvl23532bg","2024-01-04 00:00:00"
"kuzvl23532bk","2024-01-04 00:00:00"
"kuzvl31218bkwh","2024-01-11 00:00:00"
"kuzvl31224bkwh","2024-01-11 00:00:00"
"alowv485007bg","2024-01-04 00:00:00"
"alowv485007wh","2023-10-31 00:00:00"
"kic52601bk","2023-11-27 00:00:00"
"kic55153ch","2023-10-28 00:00:00"
"tol2901gpdw4811","2023-11-30 00:00:00"
"kic59005bkt","2023-11-20 00:00:00"
"mon5com52mbkdv1","2023-11-17 00:00:00"
"sea3180706848","2023-12-01 00:00:00"
"sea3182706en848","2023-11-07 00:00:00"
"sea5279403en965","2023-11-07 00:00:00"
"far228940","2023-10-30 00:00:00"
"farw201002","2023-11-08 00:00:00"
"far253077","2023-11-08 00:00:00"
"far233044","2023-11-20 00:00:00"
"far233045","2023-11-20 00:00:00"
"far217796","2023-10-26 00:00:00"
"far217012","2023-10-30 00:00:00"
"far233101","2023-11-20 00:00:00"
"far233184","2023-10-28 00:00:00"
"far233202","2023-10-26 00:00:00"
"far233209","2023-11-20 00:00:00"
"far233210","2023-11-20 00:00:00"
"far233212","2023-10-27 00:00:00"
"far217084","2023-11-20 00:00:00"
"far217086","2023-11-20 00:00:00"
"far217089","2023-11-20 00:00:00"
"far217422","2023-10-26 00:00:00"
"far217486","2023-11-20 00:00:00"
"far217500","2023-11-09 00:00:00"
"far217779","2023-11-20 00:00:00"
"far217782","2023-11-07 00:00:00"
"far217949","2023-11-27 00:00:00"
"far217951","2023-11-27 00:00:00"
"far217975","2023-11-20 00:00:00"
"far218353","2023-11-27 00:00:00"
"far218361","2023-11-27 00:00:00"
"far218398","2023-11-27 00:00:00"
"far218691","2023-11-20 00:00:00"
"far218757","2023-11-20 00:00:00"
"far218764","2023-11-20 00:00:00"
"far218798","2023-11-20 00:00:00"
"far218815","2023-11-20 00:00:00"
"far218831","2023-11-20 00:00:00"
"far218833","2023-11-20 00:00:00"
"far218835","2023-11-20 00:00:00"
"far218837","2023-11-20 00:00:00"
"far218924","2023-11-20 00:00:00"
"far218998","2023-11-20 00:00:00"
"far219018","2023-11-20 00:00:00"
"far219384","2023-11-27 00:00:00"
"far219430","2023-11-20 00:00:00"
"far233267","2023-11-20 00:00:00"
"far219460","2023-11-20 00:00:00"
"far219539","2023-11-20 00:00:00"
"far219160","2023-11-20 00:00:00"
"far219163","2023-11-20 00:00:00"
"far233303","2024-01-08 00:00:00"
"far233320","2024-01-08 00:00:00"
"far233324","2024-01-08 00:00:00"
"farw252272","2023-11-02 00:00:00"
"farw252273","2023-11-11 00:00:00"
"farw252279","2023-11-02 00:00:00"
"far233337","2023-10-28 00:00:00"
"far233354","2023-11-20 00:00:00"
"far233358","2023-11-20 00:00:00"
"far233366","2023-11-20 00:00:00"
"far233369","2023-11-20 00:00:00"
"far233372","2023-10-27 00:00:00"
"far233380","2023-11-20 00:00:00"
"far233439","2023-10-27 00:00:00"
"far233445","2023-11-20 00:00:00"
"far233504","2023-11-20 00:00:00"
"far233509","2023-10-26 00:00:00"
"far233520","2023-10-28 00:00:00"
"far233527","2023-10-26 00:00:00"
"far233528","2023-10-26 00:00:00"
"far233533","2023-10-28 00:00:00"
"far217817","2023-11-27 00:00:00"
"far218636","2023-10-28 00:00:00"
"far233611","2023-10-30 00:00:00"
"far500489","2023-11-02 00:00:00"
"far500783","2023-11-02 00:00:00"
"far500500","2023-11-02 00:00:00"
"far500169","2023-10-28 00:00:00"
"far233782","2023-11-27 00:00:00"
"far233856","2023-11-20 00:00:00"
"far233903","2023-11-27 00:00:00"
"far239730","2023-11-27 00:00:00"
"far239777","2023-11-20 00:00:00"
"far239847","2023-11-20 00:00:00"
"far251559","2023-11-02 00:00:00"
"far251110","2023-11-20 00:00:00"
"far251111","2023-11-20 00:00:00"
"far251112","2023-11-27 00:00:00"
"far251198","2023-11-20 00:00:00"
"far251203","2023-11-20 00:00:00"
"far249249","2023-10-31 00:00:00"
"far251245","2023-11-06 00:00:00"
"far251248","2023-11-02 00:00:00"
"far251254","2023-11-20 00:00:00"
"far249867","2023-11-27 00:00:00"
"far249884","2023-11-27 00:00:00"
"far249885","2023-11-27 00:00:00"
"far252383","2023-11-27 00:00:00"
"far252398","2023-10-28 00:00:00"
"klc500251fg","2023-12-07 00:00:00"
"farw118005","2023-12-07 00:00:00"
"alg11192010fr001","2023-12-07 00:00:00"
"gol11574pch","2024-01-17 00:00:00"
"gol127013ch","2023-11-22 00:00:00"
"gol40743rbz","2023-12-25 00:00:00"
"klc9001mb","2023-12-07 00:00:00"
"klc2700ob","2023-12-07 00:00:00"
"klc9417mb","2023-12-07 00:00:00"
"klc500572ch","2023-12-07 00:00:00"
"klc312133vbz","2023-12-07 00:00:00"
"klc312520pn","2023-12-27 00:00:00"
"liv255604","2023-11-29 00:00:00"
"liv4002591","2023-12-30 00:00:00"
"sea65062715","2023-12-26 00:00:00"
"sea853870112","2023-11-22 00:00:00"
"alg11195038fr001","2023-12-07 00:00:00"
"sea75435848","2023-11-27 00:00:00"
"sea75434en315","2024-03-06 00:00:00"
"hin1002si","2023-11-22 00:00:00"
"alg012122045fr001","2023-12-27 00:00:00"
"klc305031pn","2023-12-07 00:00:00"
"alg035520010fr001","2023-11-09 00:00:00"
"alg035561010fr001","2023-12-07 00:00:00"
"alg035562010fr001","2023-12-07 00:00:00"
"alg030230038","2023-12-07 00:00:00"
"alg030232038","2023-12-27 00:00:00"
"alg030257038","2023-12-07 00:00:00"
"gol36023lpblkblk","2023-10-27 00:00:00"
"kic43926oz","2024-02-22 00:00:00"
"kic45152ap","2023-11-14 00:00:00"
"kic45690ni","2024-02-22 00:00:00"
"kic9650tz","2023-10-27 00:00:00"
"kic9736tz","2024-02-22 00:00:00"
"kic9776bk","2023-11-01 00:00:00"
"murol13209pdb","2024-02-12 00:00:00"
"murp1442snl1","2023-12-01 00:00:00"
"crw1084p52601rc2c","2023-11-08 00:00:00"
"crw1156p9625","2023-11-08 00:00:00"
"gol0806sabi","2023-12-13 00:00:00"
"gol08384pvs","2024-01-03 00:00:00"
"alg034920010fr001","2023-12-07 00:00:00"
"alg036152052fr001","2023-12-07 00:00:00"
"crw1232w4036a","2023-11-08 00:00:00"
"sea4118501en3962","2023-10-31 00:00:00"
"sea4130701en3962","2023-10-31 00:00:00"
"sea5202508en848","2023-10-31 00:00:00"
"sea8631702753","2024-02-21 00:00:00"
"sea3121605en3962","2023-10-31 00:00:00"
"seafm312en3orb","2023-10-31 00:00:00"
"hin1001si","2023-11-22 00:00:00"
"hin21005mb","2023-11-22 00:00:00"
"crw1206p247629","2023-12-13 00:00:00"
"crw1225p51613","2023-12-13 00:00:00"
"klc302835sn","2023-12-07 00:00:00"
"klc302835vbz","2023-12-07 00:00:00"
"klc308420wb","2023-12-27 00:00:00"
"klc310471wvb","2023-12-07 00:00:00"
"klc315940nrb","2023-11-20 00:00:00"
"klc509921wb","2023-11-20 00:00:00"
"alg036721051fr001","2023-12-07 00:00:00"
"max5881wtsn","2023-12-01 00:00:00"
"hin1518skll","2023-11-30 00:00:00"
"kic360006pn","2024-02-22 00:00:00"
"mondr24gry","2024-02-09 00:00:00"
"minf900lbcw","2023-12-13 00:00:00"
"min341184","2024-02-21 00:00:00"
"alg031723010fr000","2023-12-07 00:00:00"
"alg020244010fr001","2023-12-07 00:00:00"
"alg030259038","2023-12-07 00:00:00"
"alg012122010fr001","2023-12-07 00:00:00"
"crw1121p4828602","2023-12-13 00:00:00"
"crw1247p2012602","2023-11-08 00:00:00"
"hin1805bk","2023-11-22 00:00:00"
"hin1805cw","2023-11-22 00:00:00"
"crw0417p91101","2023-11-08 00:00:00"
"crw0418w7s3","2023-11-08 00:00:00"
"klc304852cg","2023-12-07 00:00:00"
"klc310410bvb","2023-11-20 00:00:00"
"crw1297p41602","2023-11-08 00:00:00"
"gol10846blkbw","2023-10-27 00:00:00"
"gol6070fmbcbbcb","2023-12-16 00:00:00"
"hin13302bk","2023-11-22 00:00:00"
"hin2369oz","2023-11-22 00:00:00"
"sea602293s15","2024-02-28 00:00:00"
"sea6514303962","2023-11-29 00:00:00"
"sea8438751en312","2023-12-08 00:00:00"
"genlc1018twb","2024-01-05 00:00:00"
"uttw261071","2023-11-24 00:00:00"
"metn7353790","2023-12-27 00:00:00"
"hin10014bk","2023-11-22 00:00:00"
"hin15501sk","2023-11-22 00:00:00"
"hin17020ozll","2023-11-22 00:00:00"
"crw1695w71101","2023-11-08 00:00:00"
"crw1592p323612","2023-11-08 00:00:00"
"gol3118lblkclr","2023-10-27 00:00:00"
"alg038756052fr001","2023-12-07 00:00:00"
"alg095522052fr001","2023-12-27 00:00:00"
"alg039356039fr001","2023-12-07 00:00:00"
"lar82310bk","2023-11-22 00:00:00"
"gol3160fmnbhwg","2024-01-19 00:00:00"
"klc519273wb","2023-12-07 00:00:00"
"klc519221wb","2023-12-27 00:00:00"
"klc518722wb","2023-11-09 00:00:00"
"klc518756wb","2023-11-09 00:00:00"
"alg028392010fr001","2023-12-07 00:00:00"
"alg090021064fr001","2023-11-15 00:00:00"
"alg090022064fr001","2023-11-15 00:00:00"
"sea4198101962","2024-02-16 00:00:00"
"sea5279404en848","2023-12-06 00:00:00"
"sea5291004en848","2023-11-07 00:00:00"
"crystal8662","2023-12-07 00:00:00"
"far205019","2024-01-17 00:00:00"
"farw205032","2023-11-22 00:00:00"
"far232224","2023-12-25 00:00:00"
"far246128","2023-12-07 00:00:00"
"far246143","2023-12-07 00:00:00"
"far246182","2023-12-07 00:00:00"
"far246202","2023-12-07 00:00:00"
"far246217","2023-12-07 00:00:00"
"far246219","2023-12-27 00:00:00"
"far100739","2023-11-29 00:00:00"
"far100840","2023-12-30 00:00:00"
"crystal8687","2023-12-07 00:00:00"
"far253088","2023-11-22 00:00:00"
"crystal8752","2023-12-27 00:00:00"
"far246280","2023-12-07 00:00:00"
"crystal6137","2023-11-09 00:00:00"
"crystal8819","2023-12-07 00:00:00"
"crystal6138","2023-12-07 00:00:00"
"crystal6049","2023-12-07 00:00:00"
"crystal6053","2023-12-27 00:00:00"
"crystal6070","2023-12-07 00:00:00"
"farw205643","2023-10-27 00:00:00"
"far218048","2024-02-22 00:00:00"
"far218349","2023-11-14 00:00:00"
"far218548","2024-02-22 00:00:00"
"far219481","2023-10-27 00:00:00"
"far219508","2024-02-22 00:00:00"
"far219509","2023-11-01 00:00:00"
"far246104","2024-02-12 00:00:00"
"far232266","2023-12-13 00:00:00"
"far232270","2024-01-03 00:00:00"
"crystal8832","2023-12-07 00:00:00"
"crystal8868","2023-12-07 00:00:00"
"far253107","2023-11-22 00:00:00"
"farw240909","2023-11-22 00:00:00"
"far246490","2023-12-07 00:00:00"
"far246491","2023-12-07 00:00:00"
"far246494","2023-12-27 00:00:00"
"far246526","2023-12-07 00:00:00"
"far246531","2023-11-20 00:00:00"
"far246598","2023-11-20 00:00:00"
"crystal8975","2023-12-07 00:00:00"
"far500307","2024-02-22 00:00:00"
"far500092","2024-02-09 00:00:00"
"crystal9027","2023-12-07 00:00:00"
"crystal9089","2023-12-07 00:00:00"
"crystal6152","2023-12-07 00:00:00"
"crystal9185","2023-12-07 00:00:00"
"far246665","2023-12-07 00:00:00"
"far246689","2023-11-20 00:00:00"
"far245970","2023-10-27 00:00:00"
"farw246008","2023-12-16 00:00:00"
"far250548","2023-11-24 00:00:00"
"far251768","2023-10-27 00:00:00"
"far252659","2024-01-19 00:00:00"
"far252715","2023-12-07 00:00:00"
"far252717","2023-12-27 00:00:00"
"far252726","2023-11-09 00:00:00"
"far252728","2023-11-09 00:00:00"
"crystal9502","2023-12-07 00:00:00"
"crystal9525","2023-11-15 00:00:00"
"crystal9526","2023-11-15 00:00:00"
"wynwcs141480dgycxsxxm24","2023-12-31 00:00:00"
"ele1212d60fb","2024-01-31 00:00:00"
"hin5656bn","2023-11-16 00:00:00"
"hun59269","2023-12-01 00:00:00"
"liv7619807","2023-12-30 00:00:00"
"tol82dg715","2023-11-30 00:00:00"
"utt27520","2023-10-25 00:00:00"
"utt23954","2023-11-14 00:00:00"
"hin2105bk","2023-11-14 00:00:00"
"hin3302brcl","2023-11-10 00:00:00"
"hin5005ob","2023-11-10 00:00:00"
"hin67012oz","2023-11-16 00:00:00"
"hin67072en","2023-11-16 00:00:00"
"acl1500rb","2023-12-08 00:00:00"
"out72172189l","2023-10-27 00:00:00"
"wynwcs141460skgcxsxxm58","2023-12-31 00:00:00"
"wynwcs141460dkgcxsxxm58","2023-12-31 00:00:00"
"wynwcs141460skgcmunom58","2023-12-31 00:00:00"
"wynwcs141460skgcmunsm58","2023-12-31 00:00:00"
"wynwcs141460dkgcmunom58","2023-12-31 00:00:00"
"wynwcs141460dkgcmunsm58","2023-12-31 00:00:00"
"ele3501d48c","2023-11-03 00:00:00"
"ele3501w24c","2023-12-19 00:00:00"
"ele3502d47c","2023-11-03 00:00:00"
"ele3502w35c","2023-11-15 00:00:00"
"ele3503f18c","2023-11-03 00:00:00"
"ele3801d4c","2023-11-29 00:00:00"
"liv4112391","2024-01-01 00:00:00"
"kic49830wh","2023-11-06 00:00:00"
"kic11251azt30","2023-11-20 00:00:00"
"kic2020ab","2023-10-30 00:00:00"
"kic2771ni","2023-10-30 00:00:00"
"kic310112dbk","2023-10-28 00:00:00"
"kic42141ozcs","2023-11-06 00:00:00"
"kic42891oz","2023-10-30 00:00:00"
"kic43119ch","2023-10-30 00:00:00"
"kic43196ch","2023-11-06 00:00:00"
"kic43668oz","2023-10-30 00:00:00"
"kic43853oz","2023-11-03 00:00:00"
"kic43983bk","2023-10-30 00:00:00"
"kic44030oz","2023-10-30 00:00:00"
"kic45581nbr","2023-10-30 00:00:00"
"kic45640ch","2023-11-10 00:00:00"
"kic49060oz","2023-11-13 00:00:00"
"kic9023oz","2023-10-30 00:00:00"
"frefr46407blk","2024-02-20 00:00:00"
"ele1212d53fb","2024-01-31 00:00:00"
"tol2633bn715","2023-11-30 00:00:00"
"wynwcs202060ddecxsxxmed","2023-12-31 00:00:00"
"wynwcs202072ddecxsxxmed","2023-12-31 00:00:00"
"wynwcs202072dkgcxsxxm70","2023-12-31 00:00:00"
"wynwcs202080ddecxsxxmed","2023-12-31 00:00:00"
"wynwcs202080dkgcxsxxm70","2023-12-31 00:00:00"
"wynwcs202072ddecmunomed","2023-12-31 00:00:00"
"wynwcs202072ddecmunsmed","2023-12-31 00:00:00"
"wynwcs202072dkgcmunom70","2023-12-31 00:00:00"
"wynwcs202072dkgcmunsm70","2023-12-31 00:00:00"
"wynwcs202080ddecmunsmed","2023-12-31 00:00:00"
"wynwcs202080dkgcmunom70","2023-12-31 00:00:00"
"wynwcs202080dkgcmunsm70","2023-12-31 00:00:00"
"gol0865lagvai","2023-11-27 00:00:00"
"kic42046bk","2023-10-31 00:00:00"
"kic52011bk","2023-11-06 00:00:00"
"kic59023bk","2023-11-06 00:00:00"
"hin2594bk","2023-11-14 00:00:00"
"hin3742dz","2023-11-10 00:00:00"
"hin51150bx","2023-11-18 00:00:00"
"hin51153bx","2023-11-18 00:00:00"
"utt60173","2023-11-07 00:00:00"
"sea8593001en3965","2023-10-31 00:00:00"
"sea7852702en371","2023-10-31 00:00:00"
"sea89202en312","2023-10-31 00:00:00"
"hin30188hb","2023-11-18 00:00:00"
"hin3219kz","2023-11-10 00:00:00"
"hin3223hb","2023-11-10 00:00:00"
"hin5163hb","2023-11-18 00:00:00"
"ele3500d3rg","2023-12-19 00:00:00"
"ele3500d5rc","2023-12-19 00:00:00"
"ele3503d40g","2023-11-15 00:00:00"
"ele3505g12bk","2023-11-15 00:00:00"
"ele3505d28c","2023-11-15 00:00:00"
"ele3505d28bk","2023-11-15 00:00:00"
"kic330015wh","2023-11-13 00:00:00"
"kic330016sbk","2023-11-08 00:00:00"
"kic330140sbk","2023-10-28 00:00:00"
"kic52035nbr","2023-11-06 00:00:00"
"kic9022wh","2023-10-30 00:00:00"
"kic360002nbr","2023-10-28 00:00:00"
"kic360002obb","2023-10-31 00:00:00"
"hun99757","2023-11-03 00:00:00"
"kic55091bk","2023-11-06 00:00:00"
"kic625ni","2023-10-26 00:00:00"
"hin1547kzll","2023-11-14 00:00:00"
"hin2591bu","2023-11-14 00:00:00"
"hin38893pn","2023-11-16 00:00:00"
"hin52482hb","2023-11-16 00:00:00"
"frefr46400blk","2024-02-20 00:00:00"
"hin2304bk","2023-11-14 00:00:00"
"hin3643oz","2023-11-18 00:00:00"
"hin53552bn","2023-11-16 00:00:00"
"hin55020pn","2023-11-16 00:00:00"
"ele1219g40br","2023-11-16 00:00:00"
"ele2500d32c","2023-11-29 00:00:00"
"ele2500d32sg","2023-11-03 00:00:00"
"ele2500d44bk","2023-12-07 00:00:00"
"ele2500d50sg","2023-12-07 00:00:00"
"ele2500w19sg","2023-11-29 00:00:00"
"wynwcs202060ddewcunsmed","2023-12-31 00:00:00"
"wynwcs202072ddewcunsmed","2023-12-31 00:00:00"
"wynwcs202080ddewcunsmed","2023-12-31 00:00:00"
"wynwcs202072dkgwcunsm70","2023-12-31 00:00:00"
"wynwcs202080dkgwcunsm70","2023-12-31 00:00:00"
"wynwcs202060ddec2unsmed","2023-12-31 00:00:00"
"wynwcs202072ddec2unsmed","2023-12-31 00:00:00"
"wynwcs202072dkgc2unsm70","2023-12-31 00:00:00"
"wynwcs141460dkgc2unsm58","2023-12-31 00:00:00"
"wynwcs141460dkgwcunsm58","2023-12-31 00:00:00"
"wynwcs141460skgc2unsm58","2023-12-31 00:00:00"
"wynwcs141460skgwcunsm58","2023-12-31 00:00:00"
"wynwcs141480dgyc2unsm24","2023-12-31 00:00:00"
"wynwcs141480dgywcunsm24","2023-12-31 00:00:00"
"tol1932mbbr4110","2023-11-30 00:00:00"
"tol1933whbn4110","2023-11-30 00:00:00"
"tol373bn715","2023-11-30 00:00:00"
"tol373chmb715","2023-11-30 00:00:00"
"tol373dg715","2023-11-30 00:00:00"
"tol373mb715","2023-11-30 00:00:00"
"tol374bn715","2023-11-30 00:00:00"
"tol374brz715","2023-11-30 00:00:00"
"tol374chmb715","2023-11-30 00:00:00"
"tol374mb715","2023-11-30 00:00:00"
"tol803bn715","2023-11-30 00:00:00"
"tol803dg715","2023-11-30 00:00:00"
"tol804brz715","2023-11-30 00:00:00"
"tol823brz715","2023-11-30 00:00:00"
"tol824brz715","2023-11-30 00:00:00"
"tol863dg715","2023-11-30 00:00:00"
"tol873bn715","2023-11-30 00:00:00"
"tol873dg715","2023-11-30 00:00:00"
"tol874bn715","2023-11-30 00:00:00"
"tol874dg715","2023-11-30 00:00:00"
"tol274bn715","2023-11-30 00:00:00"
"tol1943whbn4110","2023-11-30 00:00:00"
"tol1945whbn4110","2023-11-30 00:00:00"
"tol42bn715","2023-11-30 00:00:00"
"tol48bn715","2023-11-30 00:00:00"
"tol48brz715","2023-11-30 00:00:00"
"tol48dg715","2023-11-30 00:00:00"
"tol1941whbn4110","2023-11-30 00:00:00"
"tol10bn715","2023-11-30 00:00:00"
"tol10brz715","2023-11-30 00:00:00"
"tol10ch715","2023-11-30 00:00:00"
"tol10dg715","2023-11-30 00:00:00"
"tol10mb715","2023-11-30 00:00:00"
"tol26bn715","2023-11-30 00:00:00"
"tol26brz715","2023-11-30 00:00:00"
"tol26ch715","2023-11-30 00:00:00"
"tol26dg715","2023-11-30 00:00:00"
"tol26mb715","2023-11-30 00:00:00"
"tol271bn715","2023-11-30 00:00:00"
"tol271dg715","2023-11-30 00:00:00"
"tol3401bn715","2023-11-30 00:00:00"
"tol3401mbbn715","2023-11-30 00:00:00"
"tol3401mbbr715","2023-11-30 00:00:00"
"tol900dg715","2023-11-30 00:00:00"
"tol121bc715","2023-11-30 00:00:00"
"tol121bn715","2023-11-30 00:00:00"
"tol121brz715","2023-11-30 00:00:00"
"tol121ch715","2023-11-30 00:00:00"
"tol121dg715","2023-11-30 00:00:00"
"tol121mb715","2023-11-30 00:00:00"
"tol1947whbn4110","2023-11-30 00:00:00"
"tol242as715","2023-11-30 00:00:00"
"tol242dg715","2023-11-30 00:00:00"
"tol565dg715","2023-11-30 00:00:00"
"tol565gp715","2023-11-30 00:00:00"
"tol565mb715","2023-11-30 00:00:00"
"tol909dg715","2023-11-30 00:00:00"
"tol1931whbn4110","2023-11-30 00:00:00"
"hin30520bk","2023-11-18 00:00:00"
"hin30520lcb","2023-11-16 00:00:00"
"hin3521an","2023-11-18 00:00:00"
"hin3643bk","2023-11-16 00:00:00"
"hin3643bkcs","2023-11-16 00:00:00"
"hin54150hb","2023-11-16 00:00:00"
"tol1945mbbr4110","2023-11-30 00:00:00"
"tol1947mbbn4110","2023-11-30 00:00:00"
"tol1947mbbr4110","2023-11-30 00:00:00"
"tol1931mbbr4110","2023-11-30 00:00:00"
"frefr31100hbrcl","2023-11-10 00:00:00"
"kic43846whled27","2023-10-30 00:00:00"
"kic43846whled40","2023-10-30 00:00:00"
"kic43848whled27t","2023-10-30 00:00:00"
"kic43848whled30t","2023-10-30 00:00:00"
"ele3000w8bk","2023-11-23 00:00:00"
"ele6200g42sg","2024-01-31 00:00:00"
"sea3124303848","2023-11-20 00:00:00"
"sea44807en305","2023-10-31 00:00:00"
"sea6524201112","2024-01-26 00:00:00"
"ele3502d38g","2023-11-03 00:00:00"
"ele3502d47g","2023-11-03 00:00:00"
"ele3503d26g","2023-11-15 00:00:00"
"ele3503d36c","2023-12-19 00:00:00"
"ele3503f22l2c","2023-11-15 00:00:00"
"ele3504d42l1c","2023-11-03 00:00:00"
"kic52459bk","2023-11-06 00:00:00"
"tol82mb715","2023-11-30 00:00:00"
"wynwcs202072dgbcxsxxm70","2023-12-31 00:00:00"
"wynwcs202080dgbcxsxxm70","2023-12-31 00:00:00"
"wynwcs202072dgbcmunom70","2023-12-31 00:00:00"
"wynwcs202072dgbcmunsm70","2023-12-31 00:00:00"
"wynwcs202080dgbcmunom70","2023-12-31 00:00:00"
"wynwcs202080dgbcmunsm70","2023-12-31 00:00:00"
"wynwcs202072dgbc2unsm70","2023-12-31 00:00:00"
"wynwcs202072dgbwcunsm70","2023-12-31 00:00:00"
"wynwcs202080dgbwcunsm70","2023-12-31 00:00:00"
"gol0318lvc","2023-11-01 00:00:00"
"tol900bn715","2023-11-30 00:00:00"
"tol900mb715","2023-11-30 00:00:00"
"kuzfm43315ch","2023-10-31 00:00:00"
"kuzpd80736","2023-10-31 00:00:00"
"kuzpd7916bor","2023-11-08 00:00:00"
"kuzvl19941bn","2024-01-30 00:00:00"
"alowv301001bg","2023-11-10 00:00:00"
"kuzws3313","2023-10-31 00:00:00"
"kuzvl62236ch","2023-11-17 00:00:00"
"kuzfm43419whgd","2023-12-09 00:00:00"
"kuzfm43423bkgd","2023-12-09 00:00:00"
"alosf361212vb","2023-10-31 00:00:00"
"kuzvl0118bn","2023-10-31 00:00:00"
"kuzvl63736ch","2024-01-30 00:00:00"
"kuz401214bgled","2023-10-31 00:00:00"
"kuz401215whled","2024-01-10 00:00:00"
"kuzpd74746bk","2023-12-09 00:00:00"
"kuzch14232bk","2023-10-31 00:00:00"
"alopl307912antl","2023-11-06 00:00:00"
"kuzlp18248bn","2024-01-10 00:00:00"
"alowv338101vbar","2023-10-31 00:00:00"
"alowv324230pngo","2023-10-31 00:00:00"
"kuzmp89570bg","2024-01-03 00:00:00"
"kic55092cpz","2023-10-30 00:00:00"
"wynwcf111172dkgcxsxxmxx","2023-10-27 00:00:00"
"wynwcf111172dkgcxsxxm70","2023-10-27 00:00:00"
"wynwcf111172dkgcmunsmxx","2023-10-27 00:00:00"
"wynwcf111172dkgcmunsm70","2023-10-27 00:00:00"
"wynwcf111172dkgc2unsmxx","2023-10-27 00:00:00"
"wynwcf111172dkgwcunsmxx","2023-10-27 00:00:00"
"wynwcf111172dkgc2unsm70","2023-10-27 00:00:00"
"wynwcf111172dkgwcunsm70","2023-10-27 00:00:00"
"hun51590","2023-11-03 00:00:00"
"alopd587105chcl","2023-10-31 00:00:00"
"alowv506108agop","2023-10-31 00:00:00"
"alopd517112mbcl","2023-11-06 00:00:00"
"alopd524214agop","2024-01-30 00:00:00"
"alofm503611mb","2023-11-17 00:00:00"
"alopd401505agcl","2024-01-03 00:00:00"
"alopd401505agop","2024-01-03 00:00:00"
"alopd601608mbop","2023-11-10 00:00:00"
"alowv548006mbsm","2023-12-09 00:00:00"
"hin0150bk","2023-11-22 00:00:00"
"hin45009hb","2023-11-10 00:00:00"
"hin5164bk","2023-11-16 00:00:00"
"frefr41023lcb","2023-11-16 00:00:00"
"kuzpd24732bg","2023-11-06 00:00:00"
"alopd406418bgwc","2024-01-13 00:00:00"
"alopd485214whop","2023-10-31 00:00:00"
"kuzpd58014bkgd","2024-01-10 00:00:00"
"hin52512bxled","2023-11-16 00:00:00"
"hin52512hbled","2023-11-16 00:00:00"
"alopd321720nb","2024-01-03 00:00:00"
"alopd355015ubgo","2023-10-31 00:00:00"
"alotl355022ubgo","2023-10-31 00:00:00"
"alowv355223ubgo","2023-10-31 00:00:00"
"alotl355022vbgo","2023-10-31 00:00:00"
"alowv355223vbgo","2023-10-31 00:00:00"
"ele2500g44l3bk","2024-01-31 00:00:00"
"ele2500g44l3c","2024-01-31 00:00:00"
"ele2500g44l3sg","2024-01-31 00:00:00"
"ele2500g48l3bk","2024-01-31 00:00:00"
"ele2500g48l3c","2024-01-31 00:00:00"
"ele2500g50l3c","2024-01-31 00:00:00"
"ele2500g50l3sg","2024-01-31 00:00:00"
"ele2502g46l3bk","2024-01-31 00:00:00"
"ele2502g46l3c","2024-01-31 00:00:00"
"ele2502g46l3sg","2024-01-31 00:00:00"
"ele3500d38c","2023-11-03 00:00:00"
"ele3500d38g","2023-11-03 00:00:00"
"ele3500d42g","2023-11-15 00:00:00"
"ele3801d4sg","2023-11-03 00:00:00"
"ele3813d30c","2023-11-03 00:00:00"
"ele3816d36c","2023-11-03 00:00:00"
"ele3816d36sg","2023-11-03 00:00:00"
"crystal4923","2024-01-31 00:00:00"
"farw253238","2023-11-16 00:00:00"
"far102592","2023-12-30 00:00:00"
"far229264","2023-12-08 00:00:00"
"crystal7980","2023-11-03 00:00:00"
"crystal7983","2023-12-19 00:00:00"
"crystal7987","2023-11-03 00:00:00"
"crystal7990","2023-11-15 00:00:00"
"crystal7994","2023-11-03 00:00:00"
"crystal8002","2023-11-29 00:00:00"
"far234232","2024-01-01 00:00:00"
"far218935","2023-11-06 00:00:00"
"far217058","2023-10-30 00:00:00"
"far217098","2023-10-30 00:00:00"
"far217222","2023-10-28 00:00:00"
"far217478","2023-11-06 00:00:00"
"far217612","2023-10-30 00:00:00"
"far217701","2023-10-30 00:00:00"
"far217758","2023-11-06 00:00:00"
"far217914","2023-10-30 00:00:00"
"far218079","2023-10-30 00:00:00"
"far218117","2023-10-30 00:00:00"
"farw218486","2023-10-30 00:00:00"
"far219410","2023-10-30 00:00:00"
"crystal8008","2024-01-31 00:00:00"
"farw232418","2023-11-27 00:00:00"
"far217453","2023-10-31 00:00:00"
"far219086","2023-11-06 00:00:00"
"far219353","2023-11-06 00:00:00"
"farw253727","2023-11-10 00:00:00"
"crystalw8066","2023-12-19 00:00:00"
"crystal8067","2023-12-19 00:00:00"
"crystal8084","2023-11-15 00:00:00"
"crystal8117","2023-11-15 00:00:00"
"crystal8124","2023-11-15 00:00:00"
"crystal8126","2023-11-15 00:00:00"
"far217303","2023-11-08 00:00:00"
"far217338","2023-10-28 00:00:00"
"far219105","2023-11-06 00:00:00"
"far500211","2023-10-28 00:00:00"
"far500213","2023-10-31 00:00:00"
"far233817","2023-11-06 00:00:00"
"far233898","2023-10-26 00:00:00"
"farw253050","2023-11-18 00:00:00"
"crystalw8468","2023-11-16 00:00:00"
"crystal8470","2023-11-29 00:00:00"
"crystal8471","2023-11-03 00:00:00"
"crystalw8481","2023-12-07 00:00:00"
"crystalw8489","2023-12-07 00:00:00"
"crystal8492","2023-11-29 00:00:00"
"farw253051","2023-11-16 00:00:00"
"farw253052","2023-11-16 00:00:00"
"far251116","2023-10-30 00:00:00"
"far251123","2023-10-30 00:00:00"
"crystal8575","2023-11-23 00:00:00"
"crystal8602","2024-01-31 00:00:00"
"crystal9279","2023-11-03 00:00:00"
"crystal9280","2023-11-03 00:00:00"
"crystal9285","2023-11-15 00:00:00"
"crystal9288","2023-12-19 00:00:00"
"crystal9302","2023-11-15 00:00:00"
"crystal9331","2023-11-03 00:00:00"
"far251278","2023-11-06 00:00:00"
"far244799","2023-11-01 00:00:00"
"far245739","2023-10-30 00:00:00"
"crystal9583","2024-01-31 00:00:00"
"crystal9594","2023-11-03 00:00:00"
"crystal9596","2023-11-15 00:00:00"
"kic49694bkt","2023-11-20 00:00:00"
"far218884","2023-11-20 00:00:00"
"frefr33738slf","2023-11-25 00:00:00"
"hin5310pz","2023-11-03 00:00:00"
"hin5310bb","2023-11-03 00:00:00"
"hin3335bz","2023-11-25 00:00:00"
"hin3335dz","2023-11-25 00:00:00"
"hin51824bn","2023-11-03 00:00:00"
"hin2800dz","2023-11-03 00:00:00"
"out881657","2024-02-21 00:00:00"
"hin2931dz","2023-11-29 00:00:00"
"hin5293an","2023-11-03 00:00:00"
"metn6775293","2023-11-20 00:00:00"
"hin3364an","2023-11-25 00:00:00"
"hin3364angr","2023-11-25 00:00:00"
"kic42044ozmer","2023-10-30 00:00:00"
"kic42475ozmer","2023-10-30 00:00:00"
"kic43191aub","2023-11-07 00:00:00"
"kic43491aub","2023-11-07 00:00:00"
"kic9033rz","2024-01-09 00:00:00"
"kic9653bk","2023-11-06 00:00:00"
"ela83227","2023-10-30 00:00:00"
"ela83239","2023-10-30 00:00:00"
"hin2390tk","2023-11-03 00:00:00"
"hin3690bk","2023-11-03 00:00:00"
"hin3690hb","2023-11-03 00:00:00"
"hin5042hb","2023-11-25 00:00:00"
"hin5044hb","2023-11-25 00:00:00"
"hin5133cm","2023-11-25 00:00:00"
"genkc1008mbk","2023-11-17 00:00:00"
"kic42296nbr","2023-10-30 00:00:00"
"kic52096bk","2023-10-30 00:00:00"
"kic52097bk","2023-10-30 00:00:00"
"hin3403bk","2023-11-29 00:00:00"
"hin4443blb","2023-11-03 00:00:00"
"hin4443hb","2023-11-03 00:00:00"
"hin5170bk","2023-11-29 00:00:00"
"sea859312","2024-01-25 00:00:00"
"hin2806oz","2023-11-22 00:00:00"
"hin3487sk","2023-11-22 00:00:00"
"hin3555dz","2023-11-25 00:00:00"
"hin5042cm","2023-11-25 00:00:00"
"hin5043cm","2023-11-25 00:00:00"
"kic9774bk","2024-01-09 00:00:00"
"hin11154bu","2023-11-03 00:00:00"
"hin14062bu","2023-11-03 00:00:00"
"hin1540cbll","2023-11-03 00:00:00"
"hin1554szll","2023-11-29 00:00:00"
"hin2805dzll","2023-11-03 00:00:00"
"hin3690hbcl","2023-11-22 00:00:00"
"hin37850hb","2023-11-03 00:00:00"
"hin39061hbr","2023-11-03 00:00:00"
"hin5132bk","2023-11-25 00:00:00"
"hin5133bk","2023-11-25 00:00:00"
"hin52882hb","2023-11-03 00:00:00"
"hin1970bk","2023-11-03 00:00:00"
"hin2240rb","2023-11-22 00:00:00"
"hin4360kz","2023-11-03 00:00:00"
"hin4744oz","2023-11-03 00:00:00"
"hin51820bn","2023-11-03 00:00:00"
"hin2800bkll","2023-11-29 00:00:00"
"hin2801bkll","2023-11-29 00:00:00"
"hin2805bkll","2023-11-22 00:00:00"
"hin42801hb","2023-11-03 00:00:00"
"hin45046bx","2023-11-03 00:00:00"
"hin51183bk","2023-11-03 00:00:00"
"kic43878whled30","2023-10-31 00:00:00"
"kic55087bk","2023-10-30 00:00:00"
"sea6524201en3112","2023-12-11 00:00:00"
"sea77064en315","2023-12-08 00:00:00"
"sea8548401en312","2023-11-07 00:00:00"
"ele3503f12bk","2023-11-15 00:00:00"
"hin3480pt","2023-11-03 00:00:00"
"hin3480sk","2023-11-29 00:00:00"
"kuzch87224wh","2024-01-03 00:00:00"
"kuzpd87172wh","2024-01-03 00:00:00"
"kuzpd1706bn","2024-01-03 00:00:00"
"kuzmp14960wh","2024-01-27 00:00:00"
"kuzpd22907bkwh","2023-12-09 00:00:00"
"kuzpd15519bg","2024-01-03 00:00:00"
"kuzpd22753wh","2023-10-31 00:00:00"
"kuzmp95103bk","2024-01-03 00:00:00"
"kuzvl61224ch","2024-01-03 00:00:00"
"kuzws8432bn","2023-12-09 00:00:00"
"alowv330324pn","2024-01-03 00:00:00"
"alowv330324ub","2024-01-03 00:00:00"
"alowv330324vb","2024-01-03 00:00:00"
"kuzmp89570bk","2024-01-03 00:00:00"
"kic55079bk","2023-10-30 00:00:00"
"hun51689","2023-12-15 00:00:00"
"alopd584510sl","2024-01-03 00:00:00"
"alopd560510mbcl","2024-01-03 00:00:00"
"alofm523013bg","2024-01-06 00:00:00"
"alopd523013bg","2024-01-06 00:00:00"
"alolp548848bgcp","2024-01-03 00:00:00"
"alolp548848bgop","2024-01-03 00:00:00"
"alowv548006bgop","2024-01-03 00:00:00"
"min71584l","2023-12-08 00:00:00"
"hin3690pn","2023-11-03 00:00:00"
"hin38111hb","2023-11-03 00:00:00"
"vaxt0661","2023-11-10 00:00:00"
"mon3adr52rzw","2023-11-03 00:00:00"
"kuzch96442bk","2024-01-03 00:00:00"
"kuzsf59708bksm","2024-01-03 00:00:00"
"kuzvl18236wh","2024-01-03 00:00:00"
"kuzws31205bkwh","2024-01-10 00:00:00"
"alowv461101mb","2024-01-03 00:00:00"
"kic52529bk","2023-10-30 00:00:00"
"hin5041bk","2023-11-25 00:00:00"
"hin5041cm","2023-11-25 00:00:00"
"hin5041hb","2023-11-25 00:00:00"
"kuzvl61224bg","2024-01-03 00:00:00"
"utt22914","2023-11-15 00:00:00"
"sea5279403en848","2023-11-07 00:00:00"
"far201022","2023-11-03 00:00:00"
"far201020","2023-11-03 00:00:00"
"far239663","2023-11-25 00:00:00"
"far217814","2023-11-07 00:00:00"
"far219421","2024-01-09 00:00:00"
"far231215","2023-10-30 00:00:00"
"far231217","2023-10-30 00:00:00"
"far217491","2023-10-30 00:00:00"
"far233931","2024-01-09 00:00:00"
"farw240914","2023-11-03 00:00:00"
"far253155","2023-11-03 00:00:00"
"far253159","2023-11-29 00:00:00"
"far251129","2023-10-31 00:00:00"
"far251174","2023-10-30 00:00:00"
"crystal9293","2023-11-15 00:00:00"
"far251018","2023-11-10 00:00:00"
"far252492","2023-10-30 00:00:00"
"hin2361oz","2023-11-09 00:00:00"
"aclin41296pn","2023-11-05 00:00:00"
"sea65061en3962","2023-10-31 00:00:00"
"sea8547901en312","2023-10-31 00:00:00"
"hin1785bzll","2023-11-21 00:00:00"
"max11024sn","2023-11-08 00:00:00"
"wynwcs141430skgcxsxxm24","2023-12-31 00:00:00"
"wynwcs141430skgcxsxxmed","2023-12-31 00:00:00"
"wynwcs141430skgcxsxxmxx","2023-12-31 00:00:00"
"wynwcs141430skgcmunsm24","2023-12-31 00:00:00"
"wynwcs141430skgcmunsmed","2023-12-31 00:00:00"
"wynwcs141430skgcmunsmxx","2023-12-31 00:00:00"
"crw1040p42101o","2023-11-15 00:00:00"
"crw9969p185601","2023-11-16 00:00:00"
"crw9969p2412601","2023-11-16 00:00:00"
"kic45921ni","2023-11-09 00:00:00"
"kic9650bk","2023-10-27 00:00:00"
"kic9654bk","2023-10-27 00:00:00"
"kic9654tz","2023-11-01 00:00:00"
"kic9735tz","2023-11-20 00:00:00"
"hin29207dz","2023-11-09 00:00:00"
"gol7011ba3blkclr","2023-10-26 00:00:00"
"hin2566mb","2023-11-21 00:00:00"
"hin29208dz","2023-11-09 00:00:00"
"hin46318blk","2023-11-09 00:00:00"
"crw1214p3210236","2023-11-15 00:00:00"
"crw1220p24601c","2023-11-16 00:00:00"
"crw6603c20ch59","2023-11-15 00:00:00"
"ele1712g57br","2023-11-16 00:00:00"
"ele1712g79br","2023-11-16 00:00:00"
"hun99280","2023-12-15 00:00:00"
"hun99750","2024-01-22 00:00:00"
"hin18085dsz","2023-11-21 00:00:00"
"hin20017oz","2023-11-09 00:00:00"
"hin40384blk","2023-11-09 00:00:00"
"hin1802bk","2023-11-29 00:00:00"
"hin2564oz","2023-11-29 00:00:00"
"hin2850bz","2023-11-09 00:00:00"
"crw0417w71101","2023-11-15 00:00:00"
"crw0417w91101","2023-11-15 00:00:00"
"ele1219g40bk","2023-11-16 00:00:00"
"wynwcv252580dblwcunsm24","2023-11-10 00:00:00"
"wynwcs141430skgc2unsm24","2023-12-31 00:00:00"
"wynwcs141430skgc2unsmed","2023-12-31 00:00:00"
"wynwcs141430skgc2unsmxx","2023-12-31 00:00:00"
"wynwcs141460dgywcunsm58","2023-12-31 00:00:00"
"wynwcs141460dgywcunsmed","2023-12-31 00:00:00"
"wynwcs141460dgywcunsmxx","2023-12-31 00:00:00"
"wynwcs141480dgywcunsm70","2023-12-31 00:00:00"
"wynwcs141480dwhwcunsmed","2023-12-31 00:00:00"
"crw6606c20c","2023-11-15 00:00:00"
"hin12072bk","2023-11-29 00:00:00"
"hin20020bkll","2023-11-29 00:00:00"
"hin24028bk","2023-11-09 00:00:00"
"hin40385blkcml","2023-11-23 00:00:00"
"kic55125ni","2023-10-30 00:00:00"
"sea75445en3710","2023-10-31 00:00:00"
"sea8894012","2023-12-06 00:00:00"
"genct1061arcbbs1","2024-01-17 00:00:00"
"wynwcv252580dbbwcunsm24","2023-11-10 00:00:00"
"hin17460mb","2023-11-29 00:00:00"
"kuzws8332ch","2023-10-31 00:00:00"
"kuzpd82732wh","2023-10-31 00:00:00"
"kuzfm43121bk","2023-10-31 00:00:00"
"kuzec19408bk","2023-10-31 00:00:00"
"kuzsf16316bn","2023-10-31 00:00:00"
"kuzws74122ch","2024-01-23 00:00:00"
"kuzws74226bg","2024-01-23 00:00:00"
"kuzws74226bk","2024-02-09 00:00:00"
"kuzws74226ch","2023-11-08 00:00:00"
"kuzer7110gy","2023-10-31 00:00:00"
"kuzew9010gy","2023-10-31 00:00:00"
"kuzew27140bk","2023-10-31 00:00:00"
"kuzer3005bk12v","2023-10-31 00:00:00"
"alowv334105vbar","2023-11-06 00:00:00"
"hun19754","2024-01-15 00:00:00"
"alowv576027mbag","2023-10-31 00:00:00"
"crw1606p3337602","2023-11-16 00:00:00"
"hin23080mbgk","2023-11-29 00:00:00"
"kuzpd29226bk","2023-10-31 00:00:00"
"alosf607001ag","2023-10-31 00:00:00"
"hin12070bu","2023-11-29 00:00:00"
"hin12076bu","2023-11-09 00:00:00"
"lar82054bk","2023-11-29 00:00:00"
"minf625lcl","2023-12-01 00:00:00"
"minf644lwhf","2023-11-17 00:00:00"
"alopd344014pbgo","2023-10-31 00:00:00"
"alosf344012pbgo","2023-10-31 00:00:00"
"alopd344014pngo","2023-10-31 00:00:00"
"alosf344012pngo","2023-10-31 00:00:00"
"utt22921","2024-02-14 00:00:00"
"utt302341","2024-01-09 00:00:00"
"utt18081","2024-02-14 00:00:00"
"utt22917","2023-12-21 00:00:00"
"utt22940","2023-12-18 00:00:00"
"utt30226","2023-11-29 00:00:00"
"utt30227","2023-11-08 00:00:00"
"utt302361","2023-11-29 00:00:00"
"utt18083","2023-11-08 00:00:00"
"far229003","2023-11-05 00:00:00"
"far219480","2023-10-27 00:00:00"
"far219487","2023-11-01 00:00:00"
"farw232614","2023-10-26 00:00:00"
"crystal7812","2023-11-15 00:00:00"
"crystal8247","2023-11-16 00:00:00"
"crystal8250","2023-11-16 00:00:00"
"crystal7904","2023-11-15 00:00:00"
"crystalw8467","2023-11-16 00:00:00"
"far251186","2023-10-30 00:00:00"
"klc519121wb","2023-11-20 00:00:00"
"far252714","2023-11-20 00:00:00"
"wynwcs141460dgycmunom58","2023-12-31 00:00:00"
"wynwcs141460dgycmunomed","2023-12-31 00:00:00"
"wynwcs141460dgycmunomxx","2023-12-31 00:00:00"
"wynwcs141460dgycmunsm58","2023-12-31 00:00:00"
"wynwcs141460dgycmunsmed","2023-12-31 00:00:00"
"wynwcs141460dgycmunsmxx","2023-12-31 00:00:00"
"wynwcs141460dgycxsxxm58","2023-12-31 00:00:00"
"wynwcs141460dgycxsxxmed","2023-12-31 00:00:00"
"wynwcs141460dgycxsxxmxx","2023-12-31 00:00:00"
"frefr46806cpg","2023-11-10 00:00:00"
"frefr48602mmb","2023-11-10 00:00:00"
"hun59244","2023-11-04 00:00:00"
"vaxow33483bbz","2023-11-15 00:00:00"
"out8882a39","2023-11-20 00:00:00"
"sea7543515","2024-03-08 00:00:00"
"frefr48604dxg","2023-11-10 00:00:00"
"murol14408sbl","2024-01-09 00:00:00"
"min4764416","2024-02-21 00:00:00"
"kic45572ch","2024-01-29 00:00:00"
"kic45972ni","2023-10-30 00:00:00"
"kic45972oz","2023-10-31 00:00:00"
"kic49128dbk","2023-11-20 00:00:00"
"kic49723wzc","2023-11-20 00:00:00"
"kic9539rz","2023-10-30 00:00:00"
"hin35900shb","2023-11-10 00:00:00"
"hin35909shw","2023-11-10 00:00:00"
"sea8313901en312","2023-10-31 00:00:00"
"sea4430802en05","2023-10-31 00:00:00"
"sea8790901en312","2023-10-31 00:00:00"
"hin3067gg","2023-11-10 00:00:00"
"kic15871cbr27","2023-10-27 00:00:00"
"kic16111bkt27","2023-10-26 00:00:00"
"kic16213azt30","2023-10-26 00:00:00"
"kic16214azt30","2023-10-26 00:00:00"
"hin16004mzll","2023-11-09 00:00:00"
"min3295613","2024-02-21 00:00:00"
"hin1508cbll","2023-11-09 00:00:00"
"hin1555cbll","2023-11-09 00:00:00"
"frefr30206bng","2023-11-10 00:00:00"
"hin16507mz","2023-11-09 00:00:00"
"hin3023dg","2023-11-10 00:00:00"
"utt17974","2023-10-29 00:00:00"
"wynwcs141460dgyc2unsm58","2023-12-31 00:00:00"
"wynwcs141460dgyc2unsmed","2023-12-31 00:00:00"
"wynwcs141460dgyc2unsmxx","2023-12-31 00:00:00"
"acl1500bk","2023-12-08 00:00:00"
"min71666al","2023-11-27 00:00:00"
"kic44085bk","2023-11-20 00:00:00"
"sea4402803en3848","2023-11-07 00:00:00"
"sea7650893s71","2023-12-08 00:00:00"
"sea7750893s753","2023-12-27 00:00:00"
"sea8248401en312","2023-11-07 00:00:00"
"sea93481s849","2024-04-10 00:00:00"
"genaf1143bbs","2023-12-07 00:00:00"
"gencp1281mwtbbs","2024-01-15 00:00:00"
"gencv1021pn","2023-12-20 00:00:00"
"gencw1192ai","2023-11-30 00:00:00"
"genkst1031bbs1","2024-02-07 00:00:00"
"kovp191266al","2023-10-27 00:00:00"
"kuzch87232bg","2023-10-31 00:00:00"
"kuzpd87124bg","2023-10-31 00:00:00"
"kuztl25517bk","2023-10-31 00:00:00"
"kuzch88332bk","2023-11-17 00:00:00"
"kuzvl10337wh","2023-11-06 00:00:00"
"kuzat7950bn","2024-01-30 00:00:00"
"alowv335811pn","2024-01-27 00:00:00"
"alowv335811vb","2024-01-27 00:00:00"
"mon3jvr58rzw","2024-02-14 00:00:00"
"wynwcf111172dwhcxsxxmxx","2023-10-27 00:00:00"
"wynwcf111172dwhcxsxxm70","2023-10-27 00:00:00"
"wynwcf111172dwhcmunsmxx","2023-10-27 00:00:00"
"wynwcf111172dwhcmunsm70","2023-10-27 00:00:00"
"wynwcf111172dwhc2unsmxx","2023-10-27 00:00:00"
"wynwcf111172dwhwcunsmxx","2023-10-27 00:00:00"
"wynwcf111172dwhc2unsm70","2023-10-27 00:00:00"
"wynwcf111172dwhwcunsm70","2023-10-27 00:00:00"
"alowv550006whag","2023-11-17 00:00:00"
"alowv550224mbag","2023-11-10 00:00:00"
"kuzws25336bg","2023-11-06 00:00:00"
"mon3adr52bkbk","2023-12-01 00:00:00"
"kuzlp28760bk","2023-11-06 00:00:00"
"utt23682","2023-11-08 00:00:00"
"minf625lwhf","2023-11-02 00:00:00"
"utt302031","2023-11-27 00:00:00"
"far200242","2023-11-15 00:00:00"
"far251070","2024-01-29 00:00:00"
"far218667","2023-10-30 00:00:00"
"far218696","2023-11-20 00:00:00"
"far233443","2023-10-27 00:00:00"
"far233505","2023-10-26 00:00:00"
"far251802","2023-12-08 00:00:00"
"far251130","2023-11-20 00:00:00"
"wynwcs141460dwhcmunomed","2023-12-31 00:00:00"
"wynwcs141430sgycmunsm24","2023-12-31 00:00:00"
"wynwcs141430sgycxsxxm24","2023-12-31 00:00:00"
"wynwcs141436sgycmunom24","2023-12-31 00:00:00"
"wynwcs141436sgycmunomed","2023-12-31 00:00:00"
"wynwcs141436sgycmunomxx","2023-12-31 00:00:00"
"wynwcs141436sgycmunsm24","2023-12-31 00:00:00"
"wynwcs141436sgycmunsmed","2023-12-31 00:00:00"
"wynwcs141436sgycmunsmxx","2023-12-31 00:00:00"
"wynwcs141436sgycxsxxm24","2023-12-31 00:00:00"
"wynwcs141436sgycxsxxmed","2023-12-31 00:00:00"
"wynwcs141436sgycxsxxmxx","2023-12-31 00:00:00"
"wynwcs141448sgycmunom24","2023-12-31 00:00:00"
"wynwcs141448sgycmunsm24","2023-12-31 00:00:00"
"wynwcs141448sgycxsxxm24","2023-12-31 00:00:00"
"hin5317bb","2023-11-22 00:00:00"
"hin4102pl","2023-11-22 00:00:00"
"hin4102pz","2023-11-22 00:00:00"
"hin1419bk","2023-11-09 00:00:00"
"hin4102bb","2023-11-22 00:00:00"
"hin2579ar","2023-11-22 00:00:00"
"hin1530bz","2023-11-09 00:00:00"
"hin2915oz","2023-11-22 00:00:00"
"hin2645ob","2023-11-14 00:00:00"
"hin1194oz","2023-11-14 00:00:00"
"hin2806dz","2023-11-22 00:00:00"
"hin2930dz","2023-11-22 00:00:00"
"hin2935dz","2023-11-29 00:00:00"
"hin3395rs","2023-11-22 00:00:00"
"hin5292an","2023-11-22 00:00:00"
"hin51403bn","2023-11-09 00:00:00"
"wynwcs2020wcwh","2023-12-31 00:00:00"
"kic1687oz","2023-11-09 00:00:00"
"kic3497ni","2023-10-31 00:00:00"
"kic42475nimer","2023-11-13 00:00:00"
"kic43850ch","2023-11-20 00:00:00"
"kic43850oz","2023-11-02 00:00:00"
"kic43852ni","2023-10-31 00:00:00"
"kic45573ni","2023-11-02 00:00:00"
"kic45638ch","2023-11-03 00:00:00"
"kic45922ni","2023-11-03 00:00:00"
"kic45923oz","2023-11-06 00:00:00"
"kic49640oz","2023-11-07 00:00:00"
"kic49805wzc","2023-11-07 00:00:00"
"kic5079ni","2023-10-31 00:00:00"
"kic8405ni","2023-10-30 00:00:00"
"kic45974nbr","2023-11-01 00:00:00"
"kic49558bkled","2023-11-01 00:00:00"
"hin2778blb","2023-11-14 00:00:00"
"hin49067hb","2023-11-22 00:00:00"
"hin5172pn","2023-11-22 00:00:00"
"hin5173bk","2023-11-29 00:00:00"
"hin5174bk","2023-11-22 00:00:00"
"hun50260","2023-11-30 00:00:00"
"hin1195bk","2023-11-14 00:00:00"
"hin2805oz","2023-11-22 00:00:00"
"hin3483hb","2023-11-22 00:00:00"
"hin3483sk","2023-11-22 00:00:00"
"hin51402bk","2023-11-09 00:00:00"
"hin5810cm","2023-11-22 00:00:00"
"max57694wtbk","2023-10-30 00:00:00"
"max57692wtwt","2023-10-30 00:00:00"
"kic44381bkcs","2023-10-31 00:00:00"
"hin11154bk","2023-11-22 00:00:00"
"hin1529cbll","2023-11-22 00:00:00"
"hin1560arll","2023-11-22 00:00:00"
"hin1645skll","2023-11-09 00:00:00"
"hin2806dzll","2023-11-22 00:00:00"
"hin2840bk","2023-11-22 00:00:00"
"hin3690bkcl","2023-11-22 00:00:00"
"hin3691hb","2023-11-22 00:00:00"
"hin4444hb","2023-11-22 00:00:00"
"hin51452cm","2023-11-22 00:00:00"
"hin1110dz","2023-11-22 00:00:00"
"hin1665bz","2023-11-09 00:00:00"
"hin1769sk","2023-11-09 00:00:00"
"hin1834sk","2023-11-09 00:00:00"
"hin1974bk","2023-11-29 00:00:00"
"hin2574ar","2023-11-22 00:00:00"
"hin2575ar","2023-11-22 00:00:00"
"hin2640ob","2023-11-14 00:00:00"
"hin2715bz","2023-11-09 00:00:00"
"hin4780oz","2023-11-22 00:00:00"
"et2e23214wt","2023-11-06 00:00:00"
"wynwcs141430sgyc2unsm24","2023-12-31 00:00:00"
"wynwcs141436sgyc2unsm24","2023-12-31 00:00:00"
"wynwcs141436sgyc2unsmed","2023-12-31 00:00:00"
"wynwcs141436sgyc2unsmxx","2023-12-31 00:00:00"
"wynwcs141436sgywcunsm24","2023-12-31 00:00:00"
"wynwcs141436sgywcunsmed","2023-12-31 00:00:00"
"wynwcs141436sgywcunsmxx","2023-12-31 00:00:00"
"wynwcs141448sgyc2unsm24","2023-12-31 00:00:00"
"wynwcs141448sgywcunsm24","2023-12-31 00:00:00"
"kic55015ni","2023-11-07 00:00:00"
"hin3487sgn","2023-11-22 00:00:00"
"hin51272bk","2023-11-22 00:00:00"
"hin47094bk","2023-11-22 00:00:00"
"hin51180bk","2023-11-22 00:00:00"
"kic44380bkcs","2023-10-31 00:00:00"
"et2e3018201bk","2023-11-06 00:00:00"
"genlv1002twb","2024-01-15 00:00:00"
"lar83307bk","2023-11-14 00:00:00"
"lar85000bk","2023-11-14 00:00:00"
"lar85402cm","2023-11-14 00:00:00"
"wynwcs2020wcwb","2023-12-31 00:00:00"
"wynwcs2020wcwg","2023-12-31 00:00:00"
"kuzew71412gy","2023-11-08 00:00:00"
"kuzch87332bg","2024-01-13 00:00:00"
"kuz601464chled","2023-10-31 00:00:00"
"kuz494213bk","2023-10-31 00:00:00"
"kuz494216gy","2023-10-31 00:00:00"
"kuzpd80340wh","2023-10-31 00:00:00"
"kuzfm7920bk","2023-10-31 00:00:00"
"kuzfm7920wor","2023-10-31 00:00:00"
"kuzws16806bk","2023-11-17 00:00:00"
"kuzfm43920bkgd","2023-11-08 00:00:00"
"kuzfm43920whgd","2023-12-09 00:00:00"
"alopd321105nb","2023-12-13 00:00:00"
"kuzws10415wh","2023-12-13 00:00:00"
"kuzws10423bk","2023-12-09 00:00:00"
"kuzws10437wh","2024-01-13 00:00:00"
"kuzew60312bk","2023-11-22 00:00:00"
"kuz41411bg","2023-12-25 00:00:00"
"kuzvl61236ch","2024-01-06 00:00:00"
"kuzew3207gy","2024-01-23 00:00:00"
"kuztr10006bn","2023-11-22 00:00:00"
"kuztr10044bk","2023-10-31 00:00:00"
"kuzws9815bg","2023-10-31 00:00:00"
"kuzpd11706bk","2023-12-13 00:00:00"
"kuzch19234bkan","2023-11-17 00:00:00"
"kuzws47305ch","2023-10-31 00:00:00"
"kuzpd42502bk","2023-11-08 00:00:00"
"kuzvl17024bg","2023-11-22 00:00:00"
"kuzch14220bk","2023-12-13 00:00:00"
"kuzch14220bn","2023-12-13 00:00:00"
"kuzat68006wh","2023-10-31 00:00:00"
"kuzer3003bk12v","2023-11-08 00:00:00"
"kuzer3003bz12v","2024-01-06 00:00:00"
"kuzch10356bk","2024-01-06 00:00:00"
"kuzmp10305bk","2024-01-06 00:00:00"
"kuzew22109bk","2023-10-31 00:00:00"
"alowv323225ubar","2023-11-17 00:00:00"
"alowv338101ubar","2023-11-17 00:00:00"
"alowv338902pncc","2024-01-13 00:00:00"
"kic15pr300ss","2023-12-02 00:00:00"
"wynwcf111172dbncxsxxmxx","2023-10-27 00:00:00"
"wynwcf111172dbncxsxxm70","2023-10-27 00:00:00"
"wynwcf111172dbncmunsmxx","2023-10-27 00:00:00"
"wynwcf111172dbncmunsm70","2023-10-27 00:00:00"
"wynwcf111172dbnc2unsmxx","2023-10-27 00:00:00"
"wynwcf111172dbnwcunsmxx","2023-10-27 00:00:00"
"wynwcf111172dbnc2unsm70","2023-10-27 00:00:00"
"wynwcf111172dbnwcunsm70","2023-10-27 00:00:00"
"alopd543022agwl","2023-12-21 00:00:00"
"alopd546719mbwl","2024-01-10 00:00:00"
"alopd544517agwl","2023-10-31 00:00:00"
"alopd544517mbwl","2023-12-15 00:00:00"
"alopd548315mbop","2023-12-21 00:00:00"
"alowv648006mb","2023-12-25 00:00:00"
"kuz49108bkbk","2023-12-21 00:00:00"
"hin905236fhblwa","2024-03-11 00:00:00"
"hin2938dz","2023-11-22 00:00:00"
"max26101bz","2023-11-06 00:00:00"
"et2e25051chk","2023-12-13 00:00:00"
"kuzfm58306bgop","2023-12-28 00:00:00"
"kuzfm58306bkop","2023-11-22 00:00:00"
"kuzlp28748bk","2023-10-31 00:00:00"
"kuzpd11708bg","2023-12-16 00:00:00"
"kuzpd32901wk","2023-12-13 00:00:00"
"kuzpd32912wt","2023-11-17 00:00:00"
"hun13071","2023-12-23 00:00:00"
"lar83543bk","2023-11-14 00:00:00"
"lar83542lcbmw","2023-11-14 00:00:00"
"alowv320108ub","2023-12-30 00:00:00"
"alowv348222ubfr","2024-01-10 00:00:00"
"alowv320108vb","2023-10-31 00:00:00"
"aloch346046vbar","2023-12-28 00:00:00"
"alowv348222vbfr","2024-01-03 00:00:00"
"kuzvl61236bg","2024-01-06 00:00:00"
"far201030","2023-11-22 00:00:00"
"far201012","2023-11-22 00:00:00"
"far201013","2023-11-22 00:00:00"
"far201011","2023-11-22 00:00:00"
"far217037","2023-11-09 00:00:00"
"far217414","2023-10-31 00:00:00"
"far217541","2023-11-13 00:00:00"
"far217995","2023-11-02 00:00:00"
"far218000","2023-10-31 00:00:00"
"far218503","2023-11-03 00:00:00"
"far218859","2023-11-07 00:00:00"
"far218929","2023-11-07 00:00:00"
"far233261","2023-10-30 00:00:00"
"far218834","2023-11-01 00:00:00"
"farw242047","2023-11-22 00:00:00"
"farw240831","2023-11-09 00:00:00"
"far239794","2023-11-07 00:00:00"
"far251132","2023-10-31 00:00:00"
"far245666","2023-12-02 00:00:00"
"wynwcs141472dgycmunom70","2023-12-31 00:00:00"
"wynwcs141472dgycmunomed","2023-12-31 00:00:00"
"wynwcs141472dgycmunomxx","2023-12-31 00:00:00"
"wynwcs141472dgycmunsm70","2023-12-31 00:00:00"
"wynwcs141472dgycmunsmed","2023-12-31 00:00:00"
"wynwcs141472dgycmunsmxx","2023-12-31 00:00:00"
"wynwcs141472dgycxsxxm70","2023-12-31 00:00:00"
"wynwcs141472dgycxsxxmed","2023-12-31 00:00:00"
"wynwcs141472dgycxsxxmxx","2023-12-31 00:00:00"
"wynwcs141480dgycxsxxm70","2023-12-31 00:00:00"
"liv852564","2024-01-01 00:00:00"
"min324277","2024-02-21 00:00:00"
"out72502615bl","2023-12-27 00:00:00"
"gol3306fmchnvy","2023-11-01 00:00:00"
"kic1672oz","2023-10-30 00:00:00"
"kic42456chclr","2023-10-31 00:00:00"
"kic43925ni","2023-11-06 00:00:00"
"kic43926ni","2024-01-01 00:00:00"
"kic45893ni","2023-11-09 00:00:00"
"utt22150","2023-10-29 00:00:00"
"gencw1032adb","2024-01-25 00:00:00"
"kic42456bk","2023-11-13 00:00:00"
"sea6130701710","2023-11-17 00:00:00"
"sea8631702en312","2023-10-31 00:00:00"
"sea4421603962","2023-12-01 00:00:00"
"sea889090112","2024-01-31 00:00:00"
"gol3824a1wabblk","2023-11-01 00:00:00"
"hun99746","2023-11-03 00:00:00"
"minf588spbcw","2024-02-06 00:00:00"
"minrcs223","2023-11-06 00:00:00"
"hin2591bk","2023-11-13 00:00:00"
"wynwcs141472dgyc2unsm70","2023-12-31 00:00:00"
"wynwcs141472dgyc2unsmed","2023-12-31 00:00:00"
"wynwcs141472dgyc2unsmxx","2023-12-31 00:00:00"
"wynwcs141472dgywcunsm70","2023-12-31 00:00:00"
"wynwcs141472dgywcunsmed","2023-12-31 00:00:00"
"wynwcs141472dgywcunsmxx","2023-12-31 00:00:00"
"tol3424bn4812","2023-11-30 00:00:00"
"tol3424mbbn4812","2023-11-30 00:00:00"
"tol3424mbbr4812","2023-11-30 00:00:00"
"tol3409bn4812","2023-11-30 00:00:00"
"tol3409mbbr4812","2023-11-30 00:00:00"
"tol3415mbbn4812","2023-11-30 00:00:00"
"tol2601bn4812","2023-11-30 00:00:00"
"tol2601mb4812","2023-11-30 00:00:00"
"tol3421bn4812","2023-11-30 00:00:00"
"tol3421mbbn4812","2023-11-30 00:00:00"
"tol3421mbbr4812","2023-11-30 00:00:00"
"gol0806fmabi","2024-01-15 00:00:00"
"tol3415mbbr4812","2023-11-30 00:00:00"
"tol2611bn4812","2023-11-30 00:00:00"
"tol2611mb4812","2023-11-30 00:00:00"
"tol2612bn4812","2023-11-30 00:00:00"
"tol2612mb4812","2023-11-30 00:00:00"
"tol2613bn4812","2023-11-30 00:00:00"
"tol2613mb4812","2023-11-30 00:00:00"
"tol2614bn4812","2023-11-30 00:00:00"
"tol2614mb4812","2023-11-30 00:00:00"
"tol3401mbbr4812","2023-11-30 00:00:00"
"tol2183bn4812","2023-11-30 00:00:00"
"tol2183ch4812","2023-11-30 00:00:00"
"tol2183mb4812","2023-11-30 00:00:00"
"tol2183nab4812","2023-11-30 00:00:00"
"kic4d12v27wht","2023-11-13 00:00:00"
"kic6d24v27wht","2023-11-13 00:00:00"
"kic6d24v30wht","2023-11-13 00:00:00"
"tol901bn4812","2023-11-30 00:00:00"
"tol2143bn4812","2023-11-30 00:00:00"
"tol2143brz4812","2023-11-30 00:00:00"
"tol2143ch4812","2023-11-30 00:00:00"
"tol2143dg4812","2023-11-30 00:00:00"
"tol2143es4812","2023-11-30 00:00:00"
"tol2143mb4812","2023-11-30 00:00:00"
"tol2143nab4812","2023-11-30 00:00:00"
"sea4430802848","2024-01-24 00:00:00"
"sea4430802en848","2024-02-07 00:00:00"
"sea6115201en305","2023-10-31 00:00:00"
"sea8560701pmen315","2024-04-01 00:00:00"
"gencv1022pn","2023-12-13 00:00:00"
"genkc1064mbk","2024-01-15 00:00:00"
"tol551gp4812","2023-11-30 00:00:00"
"tol552gp4812","2023-11-30 00:00:00"
"tol552mb4812","2023-11-30 00:00:00"
"tol80mb4812","2023-11-30 00:00:00"
"tol553gp4812","2023-11-30 00:00:00"
"tol553mb4812","2023-11-30 00:00:00"
"tol566mb4812","2023-11-30 00:00:00"
"tol554gp4812","2023-11-30 00:00:00"
"tol554mb4812","2023-11-30 00:00:00"
"hin2592bull","2023-11-13 00:00:00"
"tol5911bn4812","2023-11-30 00:00:00"
"tol5911mb4812","2023-11-30 00:00:00"
"tol5912bn4812","2023-11-30 00:00:00"
"tol5912mb4812","2023-11-30 00:00:00"
"tol5913bn4812","2023-11-30 00:00:00"
"tol5913mb4812","2023-11-30 00:00:00"
"kuzpd22339bg","2024-01-23 00:00:00"
"kuzfm52719bn","2023-10-31 00:00:00"
"kuzpd87148bk","2023-12-09 00:00:00"
"kuzpd87160bk","2023-11-06 00:00:00"
"kuzpd87772bk","2023-11-06 00:00:00"
"kuzpd7916wor","2023-11-08 00:00:00"
"kuzpd9117bkbk","2023-11-08 00:00:00"
"kuzvl6236ch","2023-10-31 00:00:00"
"kuztr10031bk","2023-10-31 00:00:00"
"alomp321218nb","2023-10-31 00:00:00"
"kuzpd53305ch","2023-12-09 00:00:00"
"kuz494502mgy","2023-12-09 00:00:00"
"kuzvl60624bk","2023-10-31 00:00:00"
"kuzvl60637ch","2023-11-08 00:00:00"
"kuzvl17024bn","2023-11-17 00:00:00"
"kuzmp89370bk","2023-10-31 00:00:00"
"aloch506129mbcl","2023-12-09 00:00:00"
"alopd543022mbwl","2023-10-31 00:00:00"
"alopd524006agop","2023-10-31 00:00:00"
"alofm503509mb","2023-10-31 00:00:00"
"alopd601710mbop","2024-01-30 00:00:00"
"alolp548848bgcl","2023-11-08 00:00:00"
"alovl548322mbop","2023-12-09 00:00:00"
"gol3604m1lblkblk","2023-12-30 00:00:00"
"gol3604m1lblkrd","2023-11-01 00:00:00"
"mon3ikdr52rzwd","2024-02-21 00:00:00"
"et2e23222sa","2023-11-29 00:00:00"
"kuzfm57508bksm","2023-10-31 00:00:00"
"kuzlp73536bkwh","2023-10-31 00:00:00"
"tol2901mbwg4812","2023-11-30 00:00:00"
"hun48032","2024-01-20 00:00:00"
"gol0892sfai","2024-02-28 00:00:00"
"tol3906nab4812","2023-11-30 00:00:00"
"sea4198101848","2023-11-22 00:00:00"
"sea4298101848","2024-01-25 00:00:00"
"far102827","2024-01-01 00:00:00"
"far205522","2023-11-01 00:00:00"
"far217029","2023-10-30 00:00:00"
"far217534","2023-10-31 00:00:00"
"far217533","2023-11-13 00:00:00"
"far232680","2023-11-01 00:00:00"
"far239897","2024-01-15 00:00:00"
"far251230","2023-11-13 00:00:00"
"farw205889","2023-12-30 00:00:00"
"farw205891","2023-11-01 00:00:00"
"far252652","2024-02-28 00:00:00"
"max1074cleb","2023-11-16 00:00:00"
"murol7400astb","2024-01-15 00:00:00"
"metn69671267b","2024-01-03 00:00:00"
"utt24491","2023-11-30 00:00:00"
"sea65062en3715","2024-01-03 00:00:00"
"klc506272mgm","2023-11-17 00:00:00"
"kic300230ni","2023-11-08 00:00:00"
"kic330000ni","2023-11-13 00:00:00"
"kic42276ni","2023-12-25 00:00:00"
"kic42891ni","2023-11-01 00:00:00"
"kic43641oz","2024-02-22 00:00:00"
"kic43753aub","2023-11-03 00:00:00"
"kic43872clp","2023-11-15 00:00:00"
"kic43950oz","2023-11-03 00:00:00"
"kic5085ch","2023-11-08 00:00:00"
"kic9044ni","2023-11-01 00:00:00"
"murf328112adb","2024-01-25 00:00:00"
"kic44046aub","2023-11-03 00:00:00"
"kic49993bk","2023-11-15 00:00:00"
"kic16103azt27","2024-01-15 00:00:00"
"kic16103gry30","2024-01-15 00:00:00"
"zlt584bbk","2023-11-23 00:00:00"
"sea8313802en312","2023-11-28 00:00:00"
"kic330015sbk","2023-11-08 00:00:00"
"kic330015snb","2023-11-08 00:00:00"
"kic330016sbks","2023-11-08 00:00:00"
"kic330016snb","2023-11-08 00:00:00"
"kic330017ni","2023-10-26 00:00:00"
"kic330018mwh","2023-11-08 00:00:00"
"kic330018sbk","2023-11-13 00:00:00"
"kic330018snb","2023-11-08 00:00:00"
"kic330019sbk","2023-10-31 00:00:00"
"kic5019ch","2023-12-18 00:00:00"
"kic6052az","2023-12-18 00:00:00"
"kic9022ob","2023-11-01 00:00:00"
"zlt337p12bn","2023-11-21 00:00:00"
"hun59629","2023-12-15 00:00:00"
"out72212a144","2023-11-29 00:00:00"
"kic55101bk","2023-11-03 00:00:00"
"kic55105bk","2023-11-13 00:00:00"
"kic4u27k30wht","2023-12-25 00:00:00"
"sea3190305en962","2024-01-24 00:00:00"
"genksf1043bbs","2023-12-05 00:00:00"
"zlt340p8bn","2023-11-17 00:00:00"
"kic52460ni","2023-11-01 00:00:00"
"kic52470bk","2023-11-03 00:00:00"
"kic6t120h27wh","2023-11-01 00:00:00"
"alofl316655ubms","2023-10-31 00:00:00"
"alomp316403ubms","2023-12-09 00:00:00"
"alomp316403vbms","2023-10-31 00:00:00"
"kuzfm43311ch","2023-10-31 00:00:00"
"kuzfm43518wh","2023-10-31 00:00:00"
"alopd311025vbwg","2023-11-06 00:00:00"
"kuz599002bk","2023-10-31 00:00:00"
"kuzfm6012bn","2023-10-31 00:00:00"
"kuzfm6012ch","2023-12-09 00:00:00"
"kuzws16811lbk","2023-10-31 00:00:00"
"kuz492814whgd","2023-10-31 00:00:00"
"kuz493126whgd","2023-10-31 00:00:00"
"kuzws16907wh","2023-10-31 00:00:00"
"alopd302724cbgs","2023-10-31 00:00:00"
"kuzws2812bn","2023-12-09 00:00:00"
"kuzws2812ch","2023-10-31 00:00:00"
"kuzpd22723wh","2023-10-31 00:00:00"
"kuzfm43117cl","2023-10-31 00:00:00"
"kuzfm10205wh","2024-01-10 00:00:00"
"kuzfm1512bk","2024-01-13 00:00:00"
"kuztl25517wh","2023-12-09 00:00:00"
"kuzew3107gy","2024-01-16 00:00:00"
"aloch309012nbcg","2023-12-09 00:00:00"
"aloch309021nbcg","2023-10-31 00:00:00"
"alolp309007nbcg","2023-12-09 00:00:00"
"alolp309077nbcg","2023-10-31 00:00:00"
"alolp309077ubcg","2023-12-09 00:00:00"
"alowv309002ubcg","2023-10-31 00:00:00"
"kuzpd42502wh","2024-01-10 00:00:00"
"kuzer30103bk","2023-10-31 00:00:00"
"kuzer3003gy12v","2024-01-10 00:00:00"
"kuz402501bgled","2023-12-09 00:00:00"
"kuzvl10323wh","2024-01-10 00:00:00"
"kuzws54615bn","2023-10-31 00:00:00"
"alowv325106pnar","2023-10-31 00:00:00"
"alofm325108pnar","2023-12-09 00:00:00"
"alowv325326vbar","2023-12-09 00:00:00"
"kic52074sn","2023-11-03 00:00:00"
"kic55073cpz","2023-11-01 00:00:00"
"kic55075cpz","2023-11-03 00:00:00"
"kic52485bkb","2023-11-13 00:00:00"
"alofm554015ag","2023-12-09 00:00:00"
"alopd530313bnop","2023-12-09 00:00:00"
"aloew652707bkcl","2023-10-31 00:00:00"
"alopd506108agop","2024-01-10 00:00:00"
"alopd563012bgcl","2024-01-10 00:00:00"
"alopd563012mbcl","2024-01-10 00:00:00"
"alovl538322agcl","2023-11-17 00:00:00"
"alovl538322bncl","2024-01-10 00:00:00"
"alovl538322mbcl","2024-01-10 00:00:00"
"alopd545622mbwl","2024-01-10 00:00:00"
"alowv550224whag","2023-12-09 00:00:00"
"alowv533006mbcl","2023-10-31 00:00:00"
"utt60202","2023-12-24 00:00:00"
"gol0865a1wagvai","2024-02-16 00:00:00"
"kuzch89832bggo","2024-01-10 00:00:00"
"alopd417904bgcr","2024-01-10 00:00:00"
"kuzpd76316bkop","2023-12-09 00:00:00"
"kic52592bk","2023-11-13 00:00:00"
"kic52592cpz","2023-11-01 00:00:00"
"kic52602cpz","2023-11-13 00:00:00"
"kic55162cpz","2023-11-01 00:00:00"
"aloch352323aw","2024-01-26 00:00:00"
"aloch352430aw","2024-01-26 00:00:00"
"alowv352206aw","2024-01-26 00:00:00"
"aloch347646mbvb","2023-10-31 00:00:00"
"utt21589","2023-12-18 00:00:00"
"kic52616ni","2023-11-13 00:00:00"
"kic52616oz","2023-11-13 00:00:00"
"utt60207","2023-12-10 00:00:00"
"utt18082","2023-11-08 00:00:00"
"sea4198101965","2023-12-01 00:00:00"
"sea6677101848","2023-11-17 00:00:00"
"hun59580","2024-01-22 00:00:00"
"far246323","2023-11-17 00:00:00"
"far217152","2023-11-08 00:00:00"
"farw217969","2023-11-03 00:00:00"
"far218014","2023-11-15 00:00:00"
"far219056","2023-11-08 00:00:00"
"far219436","2023-11-01 00:00:00"
"far218140","2023-11-03 00:00:00"
"far219037","2023-11-15 00:00:00"
"far233326","2024-01-15 00:00:00"
"far217297","2023-11-08 00:00:00"
"far217304","2023-11-08 00:00:00"
"far217305","2023-11-08 00:00:00"
"far217313","2023-11-08 00:00:00"
"far217315","2023-11-13 00:00:00"
"far217319","2023-10-31 00:00:00"
"far251097","2023-12-18 00:00:00"
"far233612","2023-12-18 00:00:00"
"far233825","2023-11-03 00:00:00"
"far233827","2023-11-13 00:00:00"
"far251219","2023-12-25 00:00:00"
"far251281","2023-11-01 00:00:00"
"far251301","2023-11-03 00:00:00"
"far245682","2023-11-03 00:00:00"
"far245731","2023-11-01 00:00:00"
"far245735","2023-11-03 00:00:00"
"far250559","2024-02-16 00:00:00"
"far252350","2023-11-13 00:00:00"
"far252352","2023-11-01 00:00:00"
"far252377","2023-11-13 00:00:00"
"far252422","2023-11-01 00:00:00"
"hin1438rb","2023-11-29 00:00:00"
"hin2200dz","2023-11-29 00:00:00"
"hin1960oz","2023-11-21 00:00:00"
"hin1854lz","2023-11-29 00:00:00"
"seafm313bs","2023-11-17 00:00:00"
"sea65085715","2023-12-13 00:00:00"
"sea8305712","2023-11-28 00:00:00"
"sea8547701en344","2023-10-31 00:00:00"
"hin15501bz","2023-11-30 00:00:00"
"hin1788skll","2023-11-21 00:00:00"
"murol14404sbl","2023-11-10 00:00:00"
"ele3503f26l2c","2023-12-19 00:00:00"
"kic43496pn","2023-12-27 00:00:00"
"kic44168bk","2023-11-01 00:00:00"
"kic10301whled","2023-11-06 00:00:00"
"kic10303whled","2023-11-06 00:00:00"
"kic15232agz","2023-11-28 00:00:00"
"kic15350co","2023-12-25 00:00:00"
"kic15478cbr","2023-11-06 00:00:00"
"kic16124agz30","2023-12-27 00:00:00"
"kic16125azt27","2023-12-27 00:00:00"
"kic43362nbr","2023-12-27 00:00:00"
"kic43692oz","2023-11-02 00:00:00"
"kic43713pn","2023-11-13 00:00:00"
"kic45133ni","2023-11-01 00:00:00"
"kic49063oz","2023-11-01 00:00:00"
"kic49445ba","2023-12-27 00:00:00"
"kic49503oz","2023-12-27 00:00:00"
"kic49556bkt","2023-12-27 00:00:00"
"kic49985dbk","2023-12-25 00:00:00"
"kic5076ch","2023-12-27 00:00:00"
"kic9023ni","2023-11-01 00:00:00"
"kic9234ba","2023-12-27 00:00:00"
"kic9358ld","2023-12-27 00:00:00"
"kic9709bk","2023-12-27 00:00:00"
"kic43694nbr","2023-12-27 00:00:00"
"kic43696nbr","2023-12-27 00:00:00"
"kic49879bk","2023-12-27 00:00:00"
"klc509120osl","2023-12-07 00:00:00"
"hin1857dz","2023-11-29 00:00:00"
"hin2144tr","2023-11-21 00:00:00"
"hin2944oz","2023-11-21 00:00:00"
"kic42122clz","2023-11-13 00:00:00"
"kic42196clz","2023-11-13 00:00:00"
"kic49279bkled","2023-11-17 00:00:00"
"kic15079cbr","2023-12-27 00:00:00"
"hin3403kz","2023-11-29 00:00:00"
"hin900956fmmnwa","2023-11-11 00:00:00"
"hin900972fmwnwa","2023-11-11 00:00:00"
"hin901652fmbnwa","2023-11-11 00:00:00"
"sea6634507en962","2023-10-31 00:00:00"
"hin10231gw","2023-11-22 00:00:00"
"hin10443mr","2023-11-21 00:00:00"
"hin1861oz","2023-11-21 00:00:00"
"hin29060bu","2023-11-29 00:00:00"
"hin29064tk","2023-11-29 00:00:00"
"hin53060cm","2023-11-30 00:00:00"
"hin5944dz","2023-11-23 00:00:00"
"hin901660fmbnwa","2023-11-11 00:00:00"
"ele3503d40c","2023-11-15 00:00:00"
"ele3502w24g","2023-11-15 00:00:00"
"ele3502w32g","2023-11-15 00:00:00"
"ele3503d17g","2023-11-15 00:00:00"
"ele3503d23g","2023-11-15 00:00:00"
"ele3503d31g","2023-11-15 00:00:00"
"ele3503f18l2g","2023-11-15 00:00:00"
"ele3505d6c","2023-11-15 00:00:00"
"ele3505d28g","2023-11-15 00:00:00"
"ele3505g19bk","2023-11-15 00:00:00"
"ele3505g11c","2023-11-15 00:00:00"
"ele3505f5bk","2023-11-15 00:00:00"
"klc505541bi","2023-12-07 00:00:00"
"klc507551bi","2023-12-07 00:00:00"
"kic15005azt","2023-12-27 00:00:00"
"kic15381azt","2023-12-27 00:00:00"
"kic15396azt","2023-12-27 00:00:00"
"kic16151cbr30","2023-12-27 00:00:00"
"kic16152cbr30","2023-12-27 00:00:00"
"kic16153cbr27","2023-12-27 00:00:00"
"kic16156azt27","2023-12-27 00:00:00"
"kic16156bkt30","2023-12-27 00:00:00"
"kic16156cbr27","2023-12-27 00:00:00"
"kic43496nbr","2023-11-08 00:00:00"
"hin1561arll","2023-11-29 00:00:00"
"hin930006fmm","2023-11-11 00:00:00"
"hin990018fmm","2023-11-11 00:00:00"
"hin990048fmm","2023-11-11 00:00:00"
"min4879283","2024-02-21 00:00:00"
"kic10315wh","2023-11-06 00:00:00"
"kic52429bnb","2023-12-27 00:00:00"
"kic55106bk","2023-12-27 00:00:00"
"kic55106sn","2023-12-27 00:00:00"
"kic55111pn","2023-11-01 00:00:00"
"kic9848bk","2023-12-27 00:00:00"
"klc509145osl","2023-11-17 00:00:00"
"max57614wtwt","2023-11-12 00:00:00"
"hin11190bk","2023-11-30 00:00:00"
"hin11194bk","2023-11-21 00:00:00"
"hin2804ozll","2023-11-29 00:00:00"
"hin38113bn","2023-11-29 00:00:00"
"hin15601bz","2023-11-30 00:00:00"
"hin2320oz","2023-11-30 00:00:00"
"hin2366oz","2023-11-30 00:00:00"
"hin2562oz","2023-11-21 00:00:00"
"hin2575sk","2023-11-29 00:00:00"
"hin3260in","2023-11-23 00:00:00"
"hin51820kz","2023-11-29 00:00:00"
"max1025rp","2023-11-14 00:00:00"
"kic16026cbr30","2023-11-06 00:00:00"
"kic16171cbr30","2023-11-06 00:00:00"
"kic16172azt27","2023-11-13 00:00:00"
"hin4893ldb","2023-11-23 00:00:00"
"hin51273bk","2023-11-29 00:00:00"
"klc403822cp","2023-12-07 00:00:00"
"klc515045ol","2023-10-31 00:00:00"
"hin2802bkll","2023-11-29 00:00:00"
"hin32530bk","2023-11-29 00:00:00"
"hin32984bk","2023-11-29 00:00:00"
"hin51182bk","2023-11-29 00:00:00"
"hin902552fmwlwd","2023-11-11 00:00:00"
"kic43695bk","2023-12-27 00:00:00"
"sea4402804en305","2023-11-07 00:00:00"
"sea7518en315","2023-10-31 00:00:00"
"sea7518en3848","2023-10-31 00:00:00"
"gencc14812bbs","2023-11-30 00:00:00"
"gencp1361bbs","2024-01-31 00:00:00"
"ele3503f12g","2023-11-15 00:00:00"
"ele3503f18bk","2023-11-15 00:00:00"
"ele3503f22l2g","2023-11-15 00:00:00"
"ele3504g42l2c","2023-12-19 00:00:00"
"kic15821bkt27","2023-12-27 00:00:00"
"hin17465mb","2023-11-21 00:00:00"
"alofl316655vbms","2023-10-31 00:00:00"
"kuz601465chled","2023-10-31 00:00:00"
"alofm301001mb","2023-11-06 00:00:00"
"kuzws84218bg","2023-11-17 00:00:00"
"alowv309002nbcg","2023-10-31 00:00:00"
"kuzws17014bn","2023-11-17 00:00:00"
"kuzws70410bk","2023-10-31 00:00:00"
"kuzvl18248bk","2023-10-31 00:00:00"
"alowv322114pnar","2023-12-09 00:00:00"
"alowv324230vbgo","2023-11-06 00:00:00"
"alowv324114pngo","2023-11-06 00:00:00"
"kuzws62524bglg","2023-11-06 00:00:00"
"alowv330106vbcr","2023-12-09 00:00:00"
"kuzws63424bk","2023-11-06 00:00:00"
"kuzfm63432bk","2023-11-06 00:00:00"
"alowv339112vbcr","2023-10-31 00:00:00"
"kic52486nbrb","2023-12-27 00:00:00"
"kic52496bnb","2023-12-27 00:00:00"
"kic52517bnb","2023-12-27 00:00:00"
"alowv534007bgcl","2023-11-06 00:00:00"
"alopd470514mbgo","2023-11-06 00:00:00"
"alofm301001bg","2023-11-06 00:00:00"
"kuzmp18203bg","2023-12-09 00:00:00"
"utt25289","2023-12-14 00:00:00"
"hin15542oz","2023-11-21 00:00:00"
"hin27090mb","2023-11-21 00:00:00"
"hin38113hbhb","2023-11-29 00:00:00"
"hin47095bk","2023-11-29 00:00:00"
"kic300154mwh","2023-11-20 00:00:00"
"kuzch23534bk","2023-12-09 00:00:00"
"kuzpd24724bk","2023-10-31 00:00:00"
"kuzsf59706bgop","2023-10-31 00:00:00"
"kic52593cpz","2023-11-01 00:00:00"
"kic52581bk","2023-11-01 00:00:00"
"alg028095044fr001","2023-11-09 00:00:00"
"alg090322064fr001","2023-11-20 00:00:00"
"alg090423038fr001","2023-11-20 00:00:00"
"alolp355652ubgo","2023-11-06 00:00:00"
"alolp355652vbgo","2023-11-06 00:00:00"
"alowv549101agop","2023-10-31 00:00:00"
"kic59009wzc","2023-12-27 00:00:00"
"kic43499bk","2023-12-27 00:00:00"
"sea4187201962","2023-12-21 00:00:00"
"far222258","2023-11-10 00:00:00"
"crystal7996","2023-12-19 00:00:00"
"far217824","2023-12-27 00:00:00"
"far218210","2023-11-01 00:00:00"
"far233049","2023-11-06 00:00:00"
"far233050","2023-11-06 00:00:00"
"far233102","2023-11-28 00:00:00"
"far217795","2023-12-27 00:00:00"
"far217950","2023-11-13 00:00:00"
"far218790","2023-12-27 00:00:00"
"far218830","2023-12-27 00:00:00"
"far219044","2023-12-27 00:00:00"
"far219409","2023-11-01 00:00:00"
"far233265","2023-12-27 00:00:00"
"far219451","2023-12-27 00:00:00"
"far217944","2023-12-27 00:00:00"
"far218968","2023-12-27 00:00:00"
"far246374","2023-12-07 00:00:00"
"far233282","2023-11-13 00:00:00"
"far233284","2023-11-13 00:00:00"
"farw233288","2023-12-27 00:00:00"
"farw253890","2023-11-11 00:00:00"
"farw253731","2023-11-11 00:00:00"
"far253112","2023-11-29 00:00:00"
"crystal8083","2023-11-15 00:00:00"
"crystal8091","2023-11-15 00:00:00"
"crystal8092","2023-11-15 00:00:00"
"crystal8103","2023-11-15 00:00:00"
"crystal8104","2023-11-15 00:00:00"
"crystal8105","2023-11-15 00:00:00"
"crystal8107","2023-11-15 00:00:00"
"crystal8118","2023-11-15 00:00:00"
"crystal8125","2023-11-15 00:00:00"
"crystal8140","2023-11-15 00:00:00"
"crystalw8144","2023-11-15 00:00:00"
"crystal8149","2023-11-15 00:00:00"
"far246555","2023-12-07 00:00:00"
"far246566","2023-12-07 00:00:00"
"far233378","2023-12-27 00:00:00"
"far233525","2023-12-27 00:00:00"
"far233531","2023-12-27 00:00:00"
"far251092","2023-12-27 00:00:00"
"far233548","2023-12-27 00:00:00"
"far251095","2023-12-27 00:00:00"
"far217823","2023-11-08 00:00:00"
"far500480","2023-11-11 00:00:00"
"far500483","2023-11-11 00:00:00"
"far233622","2023-11-06 00:00:00"
"far233829","2023-12-27 00:00:00"
"far233939","2023-12-27 00:00:00"
"far246621","2023-11-17 00:00:00"
"far253153","2023-11-23 00:00:00"
"far239808","2023-11-06 00:00:00"
"far246790","2023-12-07 00:00:00"
"far246854","2023-10-31 00:00:00"
"far251114","2023-12-27 00:00:00"
"crystal9295","2023-11-15 00:00:00"
"crystal9296","2023-11-15 00:00:00"
"crystal9303","2023-11-15 00:00:00"
"crystal9337","2023-12-19 00:00:00"
"far251251","2023-12-27 00:00:00"
"far245789","2023-12-27 00:00:00"
"far249883","2023-12-27 00:00:00"
"far249888","2023-12-27 00:00:00"
"far250643","2023-11-20 00:00:00"
"far252355","2023-11-01 00:00:00"
"far252399","2023-11-01 00:00:00"
"crystal9500","2023-11-09 00:00:00"
"crystal9533","2023-11-20 00:00:00"
"crystal9536","2023-11-20 00:00:00"
"avamoderolt24wt","2023-10-31 00:00:00"
"avamoderov48wt","2023-11-03 00:00:00"
"avamadisonlt24to","2023-10-31 00:00:00"
"avacum18wt","2023-10-29 00:00:00"
"avacum20wtr","2023-10-29 00:00:00"
"avacum16wt","2023-10-29 00:00:00"
"avamadisonv48to","2023-10-31 00:00:00"
"avabrentwoodv25nw","2023-11-01 00:00:00"
"avabrentwoodv31nw","2023-11-01 00:00:00"
"avabrentwoodv49nw","2023-11-01 00:00:00"
"avamoderov60wta","2023-10-31 00:00:00"
"avabrentwoodvs31nwc","2023-11-18 00:00:00"
"avabrentwoodvs49nwc","2023-11-01 00:00:00"
"avabrooksv30wt","2023-11-03 00:00:00"
"avahamiltonv42fw","2023-11-01 00:00:00"
"avamadisonlt24wt","2023-11-03 00:00:00"
"avamadisonmc24to","2023-11-03 00:00:00"
"avamadisonmc24wt","2023-10-31 00:00:00"
"avamadisonmc28wt","2023-11-03 00:00:00"
"avamadisonv36wt","2023-11-03 00:00:00"
"avamadisonv48wt","2023-11-03 00:00:00"
"avamoderolt24cg","2023-10-31 00:00:00"
"avamoderov30wt","2023-10-31 00:00:00"
"avamoderov48cg","2023-10-31 00:00:00"
"avamoderov60cga","2023-11-03 00:00:00"
"avamoderov72cg","2023-10-31 00:00:00"
"avathompsonlt24cl","2023-10-31 00:00:00"
"avathompsonv24cl","2023-10-31 00:00:00"
"avathompsonv24fw","2023-10-31 00:00:00"
"avathompsonv30cl","2023-10-31 00:00:00"
"avathompsonv30fw","2023-11-03 00:00:00"
"avathompsonv36cl","2023-11-03 00:00:00"
"avathompsonv36fw","2023-11-03 00:00:00"
"avathompsonv48cl","2023-10-31 00:00:00"
"avathompsonv48fw","2023-10-31 00:00:00"
"avathompsonv60cl","2023-10-31 00:00:00"
"avathompsonv60fw","2023-11-03 00:00:00"
"avathompsonv72fw","2023-10-31 00:00:00"
"avathompsonvs72fwc","2023-10-31 00:00:00"
"ava170512mc22tgs","2023-10-31 00:00:00"
"avaaustenv48tgg","2023-11-03 00:00:00"
"avaaustenvs49tggc","2023-11-03 00:00:00"
"avaemmalt20dg","2023-11-01 00:00:00"
"avarileyvs31wt","2023-11-01 00:00:00"
"avarileyvs61wt","2023-11-01 00:00:00"
"avaalliev42wtg","2023-11-03 00:00:00"
"avaaustenv48wts","2023-11-03 00:00:00"
"avaaustenv72wts","2023-11-03 00:00:00"
"avaaustenvs49wtsc","2023-11-03 00:00:00"
"avaaustenvs73wtsc","2023-11-03 00:00:00"
"avamasonv24bkg","2023-10-31 00:00:00"
"avamasonv30bkg","2023-10-31 00:00:00"
"avamasonv30bks","2023-11-03 00:00:00"
"avamasonv48bkg","2023-10-31 00:00:00"
"avamasonv48bks","2023-10-31 00:00:00"
"avamasonv48nbg","2023-10-31 00:00:00"
"avamasonv48nbs","2023-11-03 00:00:00"
"avamasonv60wtg","2023-11-03 00:00:00"
"avamasonvs25bkgc","2023-10-31 00:00:00"
"avamasonvs31bksc","2023-11-18 00:00:00"
"avamasonvs49bkgc","2023-10-31 00:00:00"
"avamasonvs49bksc","2023-10-31 00:00:00"
"avamasonvs49nbgc","2023-10-31 00:00:00"
"avamasonvs49nbsc","2023-11-03 00:00:00"
"avamasonvs61wtgc","2023-11-03 00:00:00"
"ava14000mc24nb","2023-11-03 00:00:00"
"avabrooksv24nb","2023-11-03 00:00:00"
"avakaiv30brw","2023-11-15 00:00:00"
"avakaiv30nt","2023-11-15 00:00:00"
"avakaiv48brw","2023-11-15 00:00:00"
"avakaiv48nt","2023-11-15 00:00:00"
"avakaiv60brw","2023-11-15 00:00:00"
"avakaiv60nt","2023-11-15 00:00:00"
"avamoderolt24nb","2023-10-31 00:00:00"
"avamoderov30nb","2023-10-31 00:00:00"
"avamoderov60nb","2023-10-31 00:00:00"
"avamoderov72nb","2023-10-31 00:00:00"
"avamoderovs30nbc","2023-11-18 00:00:00"
"avamoderovs60nbc","2023-10-31 00:00:00"
"avamoderovs72nbc","2023-10-31 00:00:00"
"avabristolv48lg","2023-11-01 00:00:00"
"avabristolv48nb","2023-11-01 00:00:00"
"avabristolv48wt","2023-11-01 00:00:00"
"avabristolvs49lgc","2023-11-01 00:00:00"
"avabristolvs49nbc","2023-11-01 00:00:00"
"avabristolvs49wtc","2023-11-01 00:00:00"
"avaeverettev24wt","2023-11-01 00:00:00"
"avaeverettev30wd","2023-11-01 00:00:00"
"avaeverettev30wt","2023-11-01 00:00:00"
"avaeverettev42wd","2023-11-01 00:00:00"
"avaeverettev42wt","2023-11-01 00:00:00"
"avaeverettev60wd","2023-11-01 00:00:00"
"avaeverettev72wd","2023-11-01 00:00:00"
"avaeverettev72wt","2023-11-01 00:00:00"
"avaeverettevs25wtc","2023-11-01 00:00:00"
"avaeverettevs31wdc","2023-11-18 00:00:00"
"avaeverettevs31wtc","2023-11-18 00:00:00"
"avaeverettevs43wdc","2023-11-01 00:00:00"
"avaeverettevs43wtc","2023-11-01 00:00:00"
"avaeverettevs61wdc","2023-11-01 00:00:00"
"avaeverettevs73wdc","2023-11-01 00:00:00"
"avaeverettevs73wtc","2023-11-01 00:00:00"
"avaeverettem38wt","2023-11-01 00:00:00"
"avaledm39ss","2023-10-29 00:00:00"
"avasonomam39mb","2023-10-29 00:00:00"
"avasonomam39ss","2023-10-29 00:00:00"
"avasonomam59mb","2023-10-29 00:00:00"
"kic43696bk","2023-10-26 00:00:00"
"far251115","2023-10-26 00:00:00"
"gol3604labab","2024-01-17 00:00:00"
"hin1851dz","2023-10-31 00:00:00"
"liv200701","2023-12-30 00:00:00"
"utt21986","2023-10-26 00:00:00"
"sea69025en312","2023-10-31 00:00:00"
"kic310192wh","2023-11-03 00:00:00"
"kic42634ch","2023-11-01 00:00:00"
"kic45460ch","2023-11-06 00:00:00"
"kic45496oz","2024-02-22 00:00:00"
"kic9791bk","2023-11-01 00:00:00"
"kic9886tz","2023-11-01 00:00:00"
"kic9992bk","2023-11-01 00:00:00"
"ela83918","2023-11-01 00:00:00"
"ela84130","2023-11-01 00:00:00"
"genep1141mbk","2024-03-28 00:00:00"
"gentt1031bbs1","2023-11-30 00:00:00"
"hin41708hb","2023-11-02 00:00:00"
"sea8690901den312","2023-10-31 00:00:00"
"kic9859bk","2023-11-01 00:00:00"
"kic360001mwh","2023-11-15 00:00:00"
"kic360004dbk","2023-11-17 00:00:00"
"kic360006wsp","2023-11-17 00:00:00"
"hun22729","2024-01-22 00:00:00"
"hun99747","2023-11-18 00:00:00"
"gol08466ai","2023-12-13 00:00:00"
"gol127009blk","2023-11-01 00:00:00"
"utt23595","2023-11-22 00:00:00"
"utt60185","2023-12-10 00:00:00"
"vaxt0596","2023-11-15 00:00:00"
"max10211clbk","2023-12-07 00:00:00"
"max11842cdsn","2023-12-18 00:00:00"
"kic55013bk","2023-10-31 00:00:00"
"gol0508lmbsclr","2023-12-09 00:00:00"
"gol0508lmbsvmg","2023-12-09 00:00:00"
"gol0508mmbsclr","2023-12-09 00:00:00"
"sea3190305962","2024-01-17 00:00:00"
"sea6801801en704","2023-10-31 00:00:00"
"genco1023dwz","2023-12-14 00:00:00"
"gencw1081bbs","2023-12-01 00:00:00"
"gencw1151mwtbbs","2024-01-31 00:00:00"
"genec10015ai","2024-02-14 00:00:00"
"hun19567","2024-01-15 00:00:00"
"gol21221wmbsblk","2024-02-15 00:00:00"
"gol21221wmbsge","2024-02-15 00:00:00"
"hun19521","2023-12-28 00:00:00"
"hun19574","2023-11-19 00:00:00"
"hun19646","2023-11-19 00:00:00"
"hun19647","2023-11-19 00:00:00"
"hun19763","2024-01-15 00:00:00"
"kic330241sbk","2023-11-17 00:00:00"
"kic52525wh","2023-11-01 00:00:00"
"hun13062","2023-11-19 00:00:00"
"hun19849","2024-01-08 00:00:00"
"hun19939","2023-12-28 00:00:00"
"hun19945","2023-12-28 00:00:00"
"hun48029","2024-02-04 00:00:00"
"utt25734","2023-12-27 00:00:00"
"farw205857","2024-01-17 00:00:00"
"far100293","2023-12-30 00:00:00"
"far217250","2023-11-03 00:00:00"
"far218419","2023-11-06 00:00:00"
"far218432","2024-02-22 00:00:00"
"far219519","2023-11-01 00:00:00"
"far233278","2023-11-01 00:00:00"
"far231300","2023-11-01 00:00:00"
"far500189","2023-11-15 00:00:00"
"far500253","2023-11-17 00:00:00"
"far500314","2023-11-17 00:00:00"
"far232888","2023-12-13 00:00:00"
"farw232907","2023-11-01 00:00:00"
"far227575","2023-11-15 00:00:00"
"far245958","2023-12-09 00:00:00"
"far245959","2023-12-09 00:00:00"
"far245962","2023-12-09 00:00:00"
"far249399","2023-10-31 00:00:00"
"far244804","2024-02-15 00:00:00"
"far244805","2024-02-15 00:00:00"
"far250630","2023-11-17 00:00:00"
"far252487","2023-11-01 00:00:00"
"afxanf1214mbjt","2023-11-27 00:00:00"
"afxanf1214mblw","2023-11-27 00:00:00"
"afxanp1214mbsnjt","2023-11-27 00:00:00"
"afxanp1214mbsnlw","2023-11-27 00:00:00"
"afxapf1214mbesjt","2023-11-27 00:00:00"
"afxapf1214mbeslw","2023-11-27 00:00:00"
"afxapf1214mbwgjt","2023-11-27 00:00:00"
"afxapf1214mbwglw","2023-11-27 00:00:00"
"afxapp1214mbesjt","2023-11-27 00:00:00"
"afxapp1214mbeslw","2023-11-27 00:00:00"
"afxapp1214mbwgjt","2023-11-27 00:00:00"
"afxapp1214mbwglw","2023-11-27 00:00:00"
"afxbknp16qb","2023-11-15 00:00:00"
"afxbmw5212800l30mvtg","2024-02-08 00:00:00"
"afxbmw5212800l30mvtgpc","2024-02-08 00:00:00"
"afxcac121200l5ajd1","2023-11-06 00:00:00"
"afxcac243100lajd1","2023-11-27 00:00:00"
"afxcadp24l30udsn","2023-11-30 00:00:00"
"afxcadp48l30udbk","2023-11-27 00:00:00"
"afxcaf121200l5ajd1","2023-11-06 00:00:00"
"afxcaf141200l30mv","2023-11-27 00:00:00"
"afxcaf243100lajd1","2023-11-27 00:00:00"
"afxchv290520lajd2sn","2023-12-29 00:00:00"
"afxdaxv2705l30d1bk","2023-11-30 00:00:00"
"afxgats0610l30d1bk","2023-12-08 00:00:00"
"afxgatv2406l30d1bk","2023-11-15 00:00:00"
"afxhrp06mbsncl","2023-11-03 00:00:00"
"afxhrp06mbsncllnr3","2023-11-03 00:00:00"
"afxhrp06mbsnclrnd3","2023-11-03 00:00:00"
"afxhrp1000l30d1sncl","2023-11-03 00:00:00"
"afxhrp1000l30d2sncl","2023-11-03 00:00:00"
"afxhrp1000l40d1sncl","2023-11-03 00:00:00"
"afxhrp1000l40d2sncl","2023-11-03 00:00:00"
"afxhvnf13mbbk","2023-11-27 00:00:00"
"afxhvnf13mbsn","2023-11-27 00:00:00"
"afxhvnp13mbbk","2023-11-27 00:00:00"
"afxhvnp13mbsn","2023-11-27 00:00:00"
"afxleop04mbsn","2023-12-18 00:00:00"
"afxleop04mbsnlnr3","2023-12-18 00:00:00"
"afxleop04mbsnlnr4","2023-12-18 00:00:00"
"afxleop04mbsnrnd3","2023-12-18 00:00:00"
"afxleop04mbsnrnd6","2023-12-18 00:00:00"
"afxlrtp11mbbk","2023-12-29 00:00:00"
"afxlrtp99mbbkrnd6","2024-01-08 00:00:00"
"afxmcf1214mbbk","2023-11-27 00:00:00"
"afxmcf1214mbbksf","2023-11-27 00:00:00"
"afxmcf1214mbgy","2023-11-27 00:00:00"
"afxmcf1214mbgysf","2023-11-27 00:00:00"
"afxmcp1214mbbkbk","2023-11-27 00:00:00"
"afxmcp1214mbsnbk","2023-11-27 00:00:00"
"afxmcp1214mbsngy","2023-11-27 00:00:00"
"afxmetp27l30d1bk","2023-12-08 00:00:00"
"afxmetv3008l30d1bk","2023-11-03 00:00:00"
"afxmggf16l30d1sn","2023-12-15 00:00:00"
"afxnvs5131200l30d1sn","2023-12-19 00:00:00"
"afxprls0409l30d1sb","2023-12-25 00:00:00"
"afxprls0418l30d1bk","2023-11-03 00:00:00"
"afxsadw0512l30d1bk","2023-12-18 00:00:00"
"afxsaf1614mbjt","2023-11-27 00:00:00"
"afxsaf1614mblw","2023-11-27 00:00:00"
"afxsaf1824lajudlw","2023-11-30 00:00:00"
"afxsap1614mbsnjt","2023-11-27 00:00:00"
"afxsap1614mbsnlw","2023-11-27 00:00:00"
"afxt5l209rwh","2024-01-26 00:00:00"
"cas55068","2023-12-18 00:00:00"
"klc504634bi","2023-10-31 00:00:00"
"liv238102","2023-11-29 00:00:00"
"zlt412sf16","2023-12-15 00:00:00"
"min6912613","2024-02-21 00:00:00"
"ele1705d42sdg","2024-01-31 00:00:00"
"vaxp0249","2023-11-10 00:00:00"
"zlt917mp12bnled","2024-01-04 00:00:00"
"zlt917mp12bnled10lch","2024-01-04 00:00:00"
"zlt917mp12bnled11lch","2024-01-04 00:00:00"
"zlt917mp12bnled14lch","2024-01-04 00:00:00"
"zlt917mp12bnled2lbn","2024-01-04 00:00:00"
"zlt917mp12bnled2lch","2024-01-04 00:00:00"
"zlt917mp12bnled3lbn","2024-01-04 00:00:00"
"zlt917mp12bnled3lch","2024-01-04 00:00:00"
"zlt917mp12bnled4sch","2024-01-04 00:00:00"
"zlt917mp12bnled5rch","2024-01-04 00:00:00"
"zlt917mp12bnled8lch","2024-01-04 00:00:00"
"zlt917mp12bnled9rch","2024-01-04 00:00:00"
"zlt917mp12bnled9sch","2024-01-04 00:00:00"
"kic42046ch","2023-10-31 00:00:00"
"kic42047oz","2023-10-30 00:00:00"
"kic42387ap","2023-10-31 00:00:00"
"kic43639ni","2023-11-03 00:00:00"
"kic43670oz","2024-03-05 00:00:00"
"kic44081bk","2023-11-20 00:00:00"
"kic44082bk","2023-12-18 00:00:00"
"kic45495oz","2023-11-06 00:00:00"
"kic45637ch","2024-03-05 00:00:00"
"kic45638ni","2023-11-03 00:00:00"
"kic45685pnled","2023-11-09 00:00:00"
"kic45686pnled","2023-11-09 00:00:00"
"kic45839chled","2023-11-09 00:00:00"
"kic5076oz","2023-11-09 00:00:00"
"kic5078ni","2023-10-31 00:00:00"
"ela83965","2023-11-09 00:00:00"
"ela84051","2023-11-09 00:00:00"
"ela84083","2023-11-09 00:00:00"
"ela84187","2023-11-09 00:00:00"
"ela84197","2023-11-09 00:00:00"
"ela84202","2023-11-09 00:00:00"
"ele5200w5g","2023-12-19 00:00:00"
"klc513311mb","2023-11-15 00:00:00"
"zlt193532io","2024-01-17 00:00:00"
"sea5106712en112","2023-10-31 00:00:00"
"hin10685tk","2023-11-29 00:00:00"
"hin15222bz","2023-11-15 00:00:00"
"klc507520bi","2023-10-31 00:00:00"
"kic16027ss30","2023-11-06 00:00:00"
"kic360005ap","2023-10-31 00:00:00"
"kic360005bss","2023-10-31 00:00:00"
"zlt226sf","2023-11-28 00:00:00"
"zlt442mp12mb","2024-01-03 00:00:00"
"zlt70013vbn","2023-12-15 00:00:00"
"minf502lbcw","2023-10-27 00:00:00"
"kic15478azt","2023-11-06 00:00:00"
"kic44084bk","2023-11-10 00:00:00"
"zlt571xxlbk","2023-12-18 00:00:00"
"zlt7335vmb","2023-11-28 00:00:00"
"zlt1004p14mbch","2023-12-15 00:00:00"
"zlt1004p20mbbn","2023-12-15 00:00:00"
"zlt1004p20mbch","2023-12-15 00:00:00"
"zlt2302f1rb","2023-12-01 00:00:00"
"zlt6012p9sbk","2023-11-28 00:00:00"
"ela83995","2023-11-06 00:00:00"
"ela84163","2023-11-06 00:00:00"
"ela84167","2023-11-06 00:00:00"
"ela84168","2023-11-06 00:00:00"
"ela86004cg","2023-11-06 00:00:00"
"kic45657mbkled","2023-11-09 00:00:00"
"klc505521bi","2023-10-31 00:00:00"
"klc514957mb","2023-10-31 00:00:00"
"ele2200g42bk","2023-11-23 00:00:00"
"ele2200g42sg","2023-11-23 00:00:00"
"ele3000d36sg","2023-11-23 00:00:00"
"zlt493f4mb","2024-01-10 00:00:00"
"zlt8179bn","2024-01-15 00:00:00"
"kuzep68420bk","2023-10-31 00:00:00"
"kuz81711wh","2023-10-31 00:00:00"
"kuzew71305bk","2023-12-13 00:00:00"
"kuzfm22815bkwh","2023-10-31 00:00:00"
"kuzpd7916wh","2023-10-31 00:00:00"
"kuzpd9108whgd","2023-10-31 00:00:00"
"kuzws3909bn","2023-11-06 00:00:00"
"kuzws83421bk","2023-10-31 00:00:00"
"kuzew3207bk","2023-12-12 00:00:00"
"alomp321230nb","2023-10-31 00:00:00"
"kuzat6606bk","2023-10-31 00:00:00"
"kuzfm11410bk","2023-12-13 00:00:00"
"kuzfm11414bk","2023-10-31 00:00:00"
"kuzew3105bk","2023-10-31 00:00:00"
"kuzew3105gy","2024-01-07 00:00:00"
"kuzpd19804bn","2023-12-13 00:00:00"
"kuzpd62012bkcp","2023-11-17 00:00:00"
"kuzmp3006","2023-12-13 00:00:00"
"kuzpd3004","2023-12-21 00:00:00"
"kuzpd3005","2023-11-08 00:00:00"
"zlt3431sbn","2023-11-25 00:00:00"
"zlt735f1hbr","2023-12-11 00:00:00"
"kic45572bk","2024-03-05 00:00:00"
"alofm554015mb","2023-11-17 00:00:00"
"alolp549448agop","2023-10-31 00:00:00"
"alolp549448mbop","2023-11-22 00:00:00"
"alosf517112agcl","2023-12-16 00:00:00"
"aloch505426mbop","2023-12-28 00:00:00"
"alopd505108mbop","2024-01-06 00:00:00"
"alolp540334bngo","2023-12-13 00:00:00"
"zlt8194vmb","2024-01-11 00:00:00"
"zlt1943f12mgld","2024-01-04 00:00:00"
"zlt521chxlbk","2023-12-05 00:00:00"
"zlt739p12brzrb","2024-01-20 00:00:00"
"zlt739p24brzrb","2024-01-20 00:00:00"
"zlt739p24rb","2024-01-02 00:00:00"
"zlt739p32rb","2024-01-02 00:00:00"
"zlt822p26hb","2024-01-08 00:00:00"
"zlt822p9hb","2024-01-08 00:00:00"
"zlt576m2bkled","2024-01-21 00:00:00"
"zlt597mbk","2023-11-28 00:00:00"
"zlt739srb","2024-01-20 00:00:00"
"max32481swbknab","2023-11-09 00:00:00"
"alg090021052fr001","2023-11-20 00:00:00"
"alg090321064fr001","2023-11-09 00:00:00"
"alg095522064fr001","2023-11-20 00:00:00"
"alg095523064fr001","2023-11-09 00:00:00"
"alowv321628pn","2023-12-31 00:00:00"
"tol3905gp4811","2023-11-30 00:00:00"
"zlt651p27rbn","2023-11-28 00:00:00"
"zlt651p27rrb","2023-12-11 00:00:00"
"zlt651p5lrb","2023-12-11 00:00:00"
"zlt651p7lrb","2023-12-11 00:00:00"
"zlt740p27rbn","2023-11-28 00:00:00"
"zlt740p27rrb","2023-12-11 00:00:00"
"zlt740p7lrb","2023-12-11 00:00:00"
"far246251","2023-10-31 00:00:00"
"far100694","2023-11-29 00:00:00"
"crystal5534","2024-01-31 00:00:00"
"farw200153","2023-11-10 00:00:00"
"far217462","2023-10-30 00:00:00"
"far217523","2023-10-31 00:00:00"
"far218173","2023-11-20 00:00:00"
"far218175","2023-12-18 00:00:00"
"far218428","2023-11-06 00:00:00"
"far218497","2024-03-05 00:00:00"
"far218505","2023-11-03 00:00:00"
"far218541","2023-11-09 00:00:00"
"far218543","2023-11-09 00:00:00"
"far219046","2023-11-09 00:00:00"
"far219051","2023-10-31 00:00:00"
"far231310","2023-11-09 00:00:00"
"far231323","2023-11-09 00:00:00"
"far231378","2023-11-09 00:00:00"
"far231385","2023-11-09 00:00:00"
"far231390","2023-11-09 00:00:00"
"crystal8041","2023-12-19 00:00:00"
"far246457","2023-11-15 00:00:00"
"far246563","2023-10-31 00:00:00"
"far233495","2023-11-06 00:00:00"
"far500271","2023-10-31 00:00:00"
"far500275","2023-10-31 00:00:00"
"far233692","2023-11-10 00:00:00"
"far231413","2023-11-06 00:00:00"
"far231415","2023-11-06 00:00:00"
"far231416","2023-11-06 00:00:00"
"far231428","2023-11-06 00:00:00"
"far246830","2023-10-31 00:00:00"
"far246850","2023-10-31 00:00:00"
"crystal8547","2023-11-23 00:00:00"
"crystal8549","2023-11-23 00:00:00"
"crystalw8567","2023-11-23 00:00:00"
"crystal9532","2023-11-09 00:00:00"
"crystal9539","2023-11-20 00:00:00"
"crystal9540","2023-11-09 00:00:00"
"afxanf3044l5ajudjt","2023-11-03 00:00:00"
"afxanf3044l5ajudlw","2023-11-03 00:00:00"
"afxanp3044l5ajudsnjt","2023-11-03 00:00:00"
"afxapf1524mbeslw","2023-11-17 00:00:00"
"afxapf3044l5ajudesjt","2023-11-03 00:00:00"
"afxapf3044l5ajudeslw","2023-11-03 00:00:00"
"afxapf3044l5ajudwgjt","2023-11-03 00:00:00"
"afxapf3044l5ajudwglw","2023-11-03 00:00:00"
"afxapp1524mbeslw","2023-11-17 00:00:00"
"afxapp3044l5ajudesjt","2023-11-03 00:00:00"
"afxapp3044l5ajudeslw","2023-11-03 00:00:00"
"afxapp3044l5ajudwgjt","2023-11-03 00:00:00"
"afxapp3044l5ajudwglw","2023-11-03 00:00:00"
"afxmcf3044l5ajudbk","2023-11-03 00:00:00"
"afxmcf3044l5ajudbksf","2023-11-03 00:00:00"
"afxmcf3044l5ajudgy","2023-11-03 00:00:00"
"afxmcf3044l5ajudgysf","2023-11-03 00:00:00"
"afxmcp3044l5ajudbkbk","2023-11-03 00:00:00"
"afxmcp3044l5ajudsnbk","2023-11-03 00:00:00"
"afxmcp3044l5ajudsngy","2023-11-03 00:00:00"
"afxsadw0518l30d1bk","2023-12-18 00:00:00"
"afxsaf3244l5ajudlw","2023-11-03 00:00:00"
"afxsap3244l5ajudsnlw","2023-11-03 00:00:00"
"afxchrf4450l30sn","2023-11-03 00:00:00"
"hun59248","2023-11-20 00:00:00"
"sea61160962","2023-11-27 00:00:00"
"utt25789","2023-11-07 00:00:00"
"kic330000oz","2023-11-08 00:00:00"
"kic43095nbr","2023-11-07 00:00:00"
"kic44075bk","2023-11-07 00:00:00"
"kic45943oz","2023-11-13 00:00:00"
"kic45945oz","2023-11-07 00:00:00"
"kic49715oz","2023-11-13 00:00:00"
"kic9142oz","2023-11-13 00:00:00"
"mursf350pn","2023-11-17 00:00:00"
"kic43036dag","2023-11-13 00:00:00"
"genap1173bbs","2023-11-17 00:00:00"
"kic52029bk","2023-11-07 00:00:00"
"kic52033bk","2023-11-13 00:00:00"
"kic52036aco","2023-11-13 00:00:00"
"hun99749","2023-11-03 00:00:00"
"kic52350bk","2023-11-07 00:00:00"
"kic55063bk","2023-11-07 00:00:00"
"kic45944bk","2023-11-07 00:00:00"
"ela84324cg","2023-11-13 00:00:00"
"et2e23218bk","2023-12-13 00:00:00"
"gencc13810bbs","2023-12-19 00:00:00"
"gencp1112adb","2024-01-19 00:00:00"
"genef1005mbk","2024-01-23 00:00:00"
"kic52473bk","2023-11-13 00:00:00"
"zlt3431smb","2023-11-25 00:00:00"
"kic55100ni","2023-11-13 00:00:00"
"kic52405bk","2023-11-13 00:00:00"
"kic45576cpz","2023-11-13 00:00:00"
"kic45943cpz","2023-11-13 00:00:00"
"hun19741","2024-01-15 00:00:00"
"gol3602ba4blkbk","2024-03-01 00:00:00"
"kic52591cpz","2023-11-13 00:00:00"
"utt30237","2024-01-09 00:00:00"
"utt18096","2023-11-15 00:00:00"
"kic59052wh","2023-11-13 00:00:00"
"far217280","2023-11-08 00:00:00"
"far217687","2023-11-07 00:00:00"
"far218169","2023-11-07 00:00:00"
"far218658","2023-11-13 00:00:00"
"far218890","2023-11-13 00:00:00"
"far219442","2023-11-13 00:00:00"
"far217650","2023-11-13 00:00:00"
"far219095","2023-11-07 00:00:00"
"far219103","2023-11-13 00:00:00"
"far219107","2023-11-13 00:00:00"
"far233729","2023-11-07 00:00:00"
"far239706","2023-11-07 00:00:00"
"far250933","2023-11-13 00:00:00"
"far251310","2023-11-13 00:00:00"
"far245726","2023-11-13 00:00:00"
"far245773","2023-11-13 00:00:00"
"far245775","2023-11-13 00:00:00"
"far251773","2024-03-01 00:00:00"
"far252349","2023-11-13 00:00:00"
"afxprls0409l30d1bk","2023-11-03 00:00:00"
"wynwcs141436sescmunom24","2023-12-31 00:00:00"
"wynwcs141436sescmunomed","2023-12-31 00:00:00"
"wynwcs141436sescmunomxx","2023-12-31 00:00:00"
"wynwcs141436sescmunsm24","2023-12-31 00:00:00"
"wynwcs141436sescmunsmed","2023-12-31 00:00:00"
"wynwcs141436sescmunsmxx","2023-12-31 00:00:00"
"wynwcs141436sescxsxxm24","2023-12-31 00:00:00"
"wynwcs141436sescxsxxmed","2023-12-31 00:00:00"
"wynwcs141436sescxsxxmxx","2023-12-31 00:00:00"
"wynwcs141460dwhcmunsmed","2023-12-31 00:00:00"
"wynwcs141460dwhcxsxxmed","2023-12-31 00:00:00"
"wynwcs141472dwhcmunomed","2023-12-31 00:00:00"
"wynwcs141472dwhcmunsmed","2023-12-31 00:00:00"
"wynwcs141472dwhcxsxxmed","2023-12-31 00:00:00"
"wynwcs141480dwhcmunsmed","2023-12-31 00:00:00"
"wynwcs141480dwhcxsxxmed","2023-12-31 00:00:00"
"wynwcs141480dgycmunsm24","2023-12-31 00:00:00"
"wynwcs141480dgycmunsm70","2023-12-31 00:00:00"
"liv501291","2024-01-01 00:00:00"
"liv132191","2023-12-30 00:00:00"
"liv651601","2023-12-30 00:00:00"
"liv4087005","2023-12-30 00:00:00"
"max24153bcgs","2023-11-13 00:00:00"
"sea89102en312","2023-12-15 00:00:00"
"wynwcs202060swhcxsxxm58","2023-12-31 00:00:00"
"wynwcs202060dwhcxsxxm58","2023-12-31 00:00:00"
"wynwcs202060swhcmunsm58","2023-12-31 00:00:00"
"wynwcs202060dwhcmunsm58","2023-12-31 00:00:00"
"wynwcv252536skgcxsxxm24","2023-11-03 00:00:00"
"wynwcv252536skgcxsxxmxx","2023-11-03 00:00:00"
"wynwcv252536skgcxsxxmed","2023-11-03 00:00:00"
"wynwcv252536skgcmunsm24","2023-11-03 00:00:00"
"wynwcv252536skgcmunsmxx","2023-11-03 00:00:00"
"wynwcv252536skgcmunsmed","2023-11-03 00:00:00"
"zlt6010mphb","2024-01-11 00:00:00"
"kic10799niled","2023-11-13 00:00:00"
"kic15870azt30r","2023-11-06 00:00:00"
"kic42196ni","2023-11-08 00:00:00"
"kic6323ni","2023-11-08 00:00:00"
"kic9234az","2023-11-06 00:00:00"
"genet1161wdo1","2024-02-28 00:00:00"
"ela83245","2023-11-13 00:00:00"
"wynwcs202060ddecmunom24","2023-12-31 00:00:00"
"wynwcs202060ddecmunomed","2023-12-31 00:00:00"
"wynwcs202060ddecmunsm24","2023-12-31 00:00:00"
"wynwcs202060ddecmunsmed","2023-12-31 00:00:00"
"wynwcs202060dwhcmunom58","2023-12-31 00:00:00"
"wynwcs202060swhcmunom58","2023-12-31 00:00:00"
"kic16101bkt27","2023-11-13 00:00:00"
"kic16101gry30","2023-11-13 00:00:00"
"kic16102azt30","2023-11-13 00:00:00"
"wynwcv252560dblcxsxxm24","2023-11-10 00:00:00"
"wynwcv252572dblcxsxxm24","2023-11-10 00:00:00"
"wynwcv252580dblcxsxxm24","2023-11-10 00:00:00"
"wynwcv252560dblcmunsm24","2023-11-10 00:00:00"
"wynwcv252572dblcmunsm24","2023-11-10 00:00:00"
"wynwcv252580dblcmunsm24","2023-11-10 00:00:00"
"gol6071owsnbclr","2023-11-01 00:00:00"
"kic330017snb","2023-11-15 00:00:00"
"kic330019snb","2023-10-31 00:00:00"
"kic52384ni","2023-11-13 00:00:00"
"kovp1821248","2023-11-20 00:00:00"
"wynwcv252560dblwcunsm24","2023-11-10 00:00:00"
"wynwcv252572dblwcunsm24","2023-11-10 00:00:00"
"wynwcv252560dblc2unsm24","2023-11-10 00:00:00"
"wynwcv252572dblc2unsm24","2023-11-10 00:00:00"
"wynwcv252580dblc2unsm24","2023-11-10 00:00:00"
"wynwcs202060swhwcunsm58","2023-12-31 00:00:00"
"wynwcs202060dwhwcunsm58","2023-12-31 00:00:00"
"wynwcs202080ddec2unsmed","2023-12-31 00:00:00"
"wynwcs202080dkgc2unsm70","2023-12-31 00:00:00"
"wynwcs202060swhc2unsm58","2023-12-31 00:00:00"
"wynwcs202060dwhc2unsm58","2023-12-31 00:00:00"
"wynwcs141430sgywcunsm24","2023-12-31 00:00:00"
"wynwcs141430skgwcunsm24","2023-12-31 00:00:00"
"wynwcs141430skgwcunsmed","2023-12-31 00:00:00"
"wynwcs141430skgwcunsmxx","2023-12-31 00:00:00"
"wynwcs141436sesc2unsm24","2023-12-31 00:00:00"
"wynwcs141436sesc2unsmed","2023-12-31 00:00:00"
"wynwcs141436sesc2unsmxx","2023-12-31 00:00:00"
"wynwcs141436seswcunsm24","2023-12-31 00:00:00"
"wynwcs141436seswcunsmed","2023-12-31 00:00:00"
"wynwcs141436seswcunsmxx","2023-12-31 00:00:00"
"wynwcs141460dwhc2unsmed","2023-12-31 00:00:00"
"wynwcs141460dwhwcunsmed","2023-12-31 00:00:00"
"wynwcs141472dwhc2unsmed","2023-12-31 00:00:00"
"wynwcs141472dwhwcunsmed","2023-12-31 00:00:00"
"wynwcs141480dgyc2unsm70","2023-12-31 00:00:00"
"wynwcs141480dwhc2unsmed","2023-12-31 00:00:00"
"wynwcs202060dwgcxsxxm58","2023-12-31 00:00:00"
"wynwcs202060swgcxsxxm58","2023-12-31 00:00:00"
"wynwcs202060dwgc2unsm58","2023-12-31 00:00:00"
"wynwcs202060dwgwcunsm58","2023-12-31 00:00:00"
"wynwcs202060swgc2unsm58","2023-12-31 00:00:00"
"wynwcs202060swgwcunsm58","2023-12-31 00:00:00"
"wynwcs202060dwgcmunsm58","2023-12-31 00:00:00"
"wynwcs202060swgcmunsm58","2023-12-31 00:00:00"
"wynwcs202060dwgcmunom58","2023-12-31 00:00:00"
"wynwcs202060swgcmunom58","2023-12-31 00:00:00"
"acl87bk","2023-12-08 00:00:00"
"min3013572l","2023-10-27 00:00:00"
"wynwcf292930sbbwcunsm24","2023-10-27 00:00:00"
"wynwcf292930sblwcunsm24","2023-10-27 00:00:00"
"wynwcf292930sbnwcunsm24","2023-10-27 00:00:00"
"wynwcf292930swbwcunsm24","2023-10-31 00:00:00"
"wynwcf292930swgwcunsm24","2023-10-31 00:00:00"
"wynwcf292930swhwcunsm24","2023-10-31 00:00:00"
"wynwcf292936sgdcxsxxm34","2023-10-27 00:00:00"
"wynwcf292936sgdcxsxxmxx","2023-10-27 00:00:00"
"wynwcf292936sgecxsxxm34","2023-10-27 00:00:00"
"wynwcf292936sgecxsxxmxx","2023-10-27 00:00:00"
"wynwcf292936sgkcxsxxm34","2023-10-27 00:00:00"
"wynwcf292936sgkcxsxxmxx","2023-10-27 00:00:00"
"wynwcf292936sgdcmunsm34","2023-10-27 00:00:00"
"wynwcf292936sgdcmunsmxx","2023-10-27 00:00:00"
"wynwcf292936sgecmunsm34","2023-10-27 00:00:00"
"wynwcf292936sgecmunsmxx","2023-10-27 00:00:00"
"wynwcf292936sgkcmunsm34","2023-10-27 00:00:00"
"wynwcf292936sgkcmunsmxx","2023-10-27 00:00:00"
"wynwcf292936sgdc2unsm34","2023-10-27 00:00:00"
"wynwcf292936sgdc2unsmxx","2023-10-27 00:00:00"
"wynwcf292936sgec2unsm34","2023-10-27 00:00:00"
"wynwcf292936sgec2unsmxx","2023-10-27 00:00:00"
"wynwcf292936sgkc2unsm34","2023-10-27 00:00:00"
"wynwcf292936sgkc2unsmxx","2023-10-27 00:00:00"
"wynwcf292936sgdwcunsm34","2023-10-27 00:00:00"
"wynwcf292936sgdwcunsmxx","2023-10-27 00:00:00"
"wynwcf292936sgewcunsm34","2023-10-27 00:00:00"
"wynwcf292936sgewcunsmxx","2023-10-27 00:00:00"
"wynwcf292936sgkwcunsm34","2023-10-27 00:00:00"
"wynwcf292936sgkwcunsmxx","2023-10-27 00:00:00"
"sea4437302en3710","2024-06-05 00:00:00"
"sea5367pcen315","2023-10-31 00:00:00"
"sea843875112","2023-12-01 00:00:00"
"genaew1011mbk","2023-11-27 00:00:00"
"gencv1023bbs","2023-11-17 00:00:00"
"gencw1181bbs","2023-12-08 00:00:00"
"genksw1042bbs","2023-12-21 00:00:00"
"zlt19383vch","2023-11-17 00:00:00"
"kic52462chz","2023-11-06 00:00:00"
"wynwcs202060dwbcxsxxm58","2023-12-31 00:00:00"
"wynwcs202060swbcxsxxm58","2023-12-31 00:00:00"
"wynwcs202060dwbcmunom58","2023-12-31 00:00:00"
"wynwcs202060dwbcmunsm58","2023-12-31 00:00:00"
"wynwcs202060swbcmunom58","2023-12-31 00:00:00"
"wynwcs202060swbcmunsm58","2023-12-31 00:00:00"
"wynwcs202060dwbc2unsm58","2023-12-31 00:00:00"
"wynwcs202060dwbwcunsm58","2023-12-31 00:00:00"
"wynwcs202060swbc2unsm58","2023-12-31 00:00:00"
"wynwcs202060swbwcunsm58","2023-12-31 00:00:00"
"wynwcs202080dgbc2unsm70","2023-12-31 00:00:00"
"wynwcv252536sgbcxsxxmxx","2023-11-03 00:00:00"
"wynwcv252536sgbcxsxxm24","2023-11-03 00:00:00"
"wynwcv252536sgbcxsxxmed","2023-11-03 00:00:00"
"wynwcv252560dbbcxsxxm24","2023-11-10 00:00:00"
"wynwcv252572dbbcxsxxm24","2023-11-10 00:00:00"
"wynwcv252580dbbcxsxxm24","2023-11-10 00:00:00"
"wynwcv252536sgbcmunsm24","2023-11-03 00:00:00"
"wynwcv252536sgbcmunsmed","2023-11-03 00:00:00"
"wynwcv252536sgbcmunsmxx","2023-11-03 00:00:00"
"wynwcv252560dbbcmunsm24","2023-11-10 00:00:00"
"wynwcv252572dbbcmunsm24","2023-11-10 00:00:00"
"wynwcv252580dbbcmunsm24","2023-11-10 00:00:00"
"wynwcv252560dbbc2unsm24","2023-11-10 00:00:00"
"wynwcv252572dbbc2unsm24","2023-11-10 00:00:00"
"wynwcv252580dbbc2unsm24","2023-11-10 00:00:00"
"wynwcv252560dbbwcunsm24","2023-11-10 00:00:00"
"wynwcv252572dbbwcunsm24","2023-11-10 00:00:00"
"mon3jvr52bsd","2023-11-03 00:00:00"
"kic52491bnb","2023-11-08 00:00:00"
"utt60198","2024-01-22 00:00:00"
"gol6952mbcbclr","2023-12-15 00:00:00"
"kic52595pn","2023-11-06 00:00:00"
"kic52596bkcpz","2023-11-06 00:00:00"
"kic52597cpz","2023-11-06 00:00:00"
"kic52599bk","2023-11-06 00:00:00"
"kic55156ch","2023-11-06 00:00:00"
"kic55153bk","2023-11-06 00:00:00"
"utt22950","2023-11-23 00:00:00"
"kic310095mwh","2023-11-13 00:00:00"
"kic310265snb","2023-11-08 00:00:00"
"kic371042mul","2023-11-14 00:00:00"
"sea4487903962","2023-11-28 00:00:00"
"sea5392604en962","2023-10-31 00:00:00"
"sea6585101817","2024-03-13 00:00:00"
"far101455","2024-01-01 00:00:00"
"far100141","2023-12-30 00:00:00"
"far102380","2023-12-30 00:00:00"
"far101033","2023-12-30 00:00:00"
"far233059","2023-11-13 00:00:00"
"far233206","2023-11-06 00:00:00"
"far233233","2023-11-08 00:00:00"
"far219382","2023-11-08 00:00:00"
"far231218","2023-11-13 00:00:00"
"far233308","2023-11-13 00:00:00"
"far233313","2023-11-13 00:00:00"
"far232754","2023-11-01 00:00:00"
"far217311","2023-11-15 00:00:00"
"far217320","2023-10-31 00:00:00"
"far251988","2023-12-08 00:00:00"
"far251285","2023-11-06 00:00:00"
"far249898","2023-11-08 00:00:00"
"far250605","2023-12-15 00:00:00"
"far252363","2023-11-06 00:00:00"
"far252365","2023-11-06 00:00:00"
"far252367","2023-11-06 00:00:00"
"far252372","2023-11-06 00:00:00"
"far252395","2023-11-06 00:00:00"
"far252397","2023-11-06 00:00:00"
"kic9506bk","2023-12-25 00:00:00"
"kic9506oz","2023-10-30 00:00:00"
"kovp3051654l","2023-11-03 00:00:00"
"seaol5907bk","2023-12-11 00:00:00"
"utt24814","2023-11-21 00:00:00"
"sea82529en3746","2023-10-31 00:00:00"
"kic43742nbr","2023-11-15 00:00:00"
"kic49714oz","2023-11-07 00:00:00"
"gol3118sfrbzsd","2023-12-15 00:00:00"
"sea8831702en310","2023-10-31 00:00:00"
"kic9021oz","2023-11-07 00:00:00"
"out72400615b","2023-12-27 00:00:00"
"out9802144l","2024-02-21 00:00:00"
"kic52404pn","2023-11-07 00:00:00"
"kic55092pn","2023-11-15 00:00:00"
"zlt7261smbhbr","2023-12-11 00:00:00"
"gol08394pabi","2023-11-01 00:00:00"
"tol3424bn4101","2023-11-30 00:00:00"
"tol3424mbbn4101","2023-11-30 00:00:00"
"tol3424mbbr4101","2023-11-30 00:00:00"
"tol3409bn4101","2023-11-30 00:00:00"
"tol3415mbbn4101","2023-11-30 00:00:00"
"tol3415bn4101","2023-11-30 00:00:00"
"tol2601bn4101","2023-11-30 00:00:00"
"tol2601mb4101","2023-11-30 00:00:00"
"tol53nab4101","2023-11-30 00:00:00"
"tol3421bn4101","2023-11-30 00:00:00"
"tol3421mbbn4101","2023-11-30 00:00:00"
"tol3421mbbr4101","2023-11-30 00:00:00"
"max10212clbk","2023-11-13 00:00:00"
"kic55011bk","2023-11-06 00:00:00"
"tol3415mbbr4101","2023-11-30 00:00:00"
"tol2611bn4101","2023-11-30 00:00:00"
"tol2611mb4101","2023-11-30 00:00:00"
"tol2612bn4101","2023-11-30 00:00:00"
"tol2612mb4101","2023-11-30 00:00:00"
"min71466al","2023-11-27 00:00:00"
"tol2613bn4101","2023-11-30 00:00:00"
"tol2613mb4101","2023-11-30 00:00:00"
"tol3417mbbn4101","2023-11-30 00:00:00"
"tol5912mb4101","2023-11-30 00:00:00"
"tol2614bn4101","2023-11-30 00:00:00"
"tol2614mb4101","2023-11-30 00:00:00"
"gol7856sfcp","2023-12-09 00:00:00"
"tol2183bn4101","2023-11-30 00:00:00"
"tol2183brz4101","2023-11-30 00:00:00"
"tol2183ch4101","2023-11-30 00:00:00"
"tol2183dg4101","2023-11-30 00:00:00"
"tol2183es4101","2023-11-30 00:00:00"
"tol2183mb4101","2023-11-30 00:00:00"
"tol2183nab4101","2023-11-30 00:00:00"
"kic43848ozled30t","2023-10-30 00:00:00"
"kic43848whled40t","2023-10-30 00:00:00"
"tol901mb4101","2023-11-30 00:00:00"
"tol908dg4101","2023-11-30 00:00:00"
"tol28dg4101","2023-11-30 00:00:00"
"tol908mb4101","2023-11-30 00:00:00"
"tol2143bn4101","2023-11-30 00:00:00"
"tol2143brz4101","2023-11-30 00:00:00"
"tol2143ch4101","2023-11-30 00:00:00"
"tol2143dg4101","2023-11-30 00:00:00"
"tol2143es4101","2023-11-30 00:00:00"
"tol2143mb4101","2023-11-30 00:00:00"
"tol2143nab4101","2023-11-30 00:00:00"
"sea852070171","2023-11-17 00:00:00"
"sea8560701pm15","2024-03-25 00:00:00"
"genaep1001bbs","2024-01-23 00:00:00"
"genlt1021twb1","2024-01-05 00:00:00"
"genlw1022twb","2023-12-04 00:00:00"
"tol551gp4101","2023-11-30 00:00:00"
"tol551mb4101","2023-11-30 00:00:00"
"tol552gp4101","2023-11-30 00:00:00"
"tol552mb4101","2023-11-30 00:00:00"
"tol80mb4101","2023-11-30 00:00:00"
"tol553dg4101","2023-11-30 00:00:00"
"tol553gp4101","2023-11-30 00:00:00"
"tol553mb4101","2023-11-30 00:00:00"
"kic52461ni","2023-11-15 00:00:00"
"tol554dg4101","2023-11-30 00:00:00"
"tol554gp4101","2023-11-30 00:00:00"
"tol554mb4101","2023-11-30 00:00:00"
"tol3405bn4101","2023-11-30 00:00:00"
"tol5911bn4101","2023-11-30 00:00:00"
"tol5911mb4101","2023-11-30 00:00:00"
"tol5912bn4101","2023-11-30 00:00:00"
"tol5913bn4101","2023-11-30 00:00:00"
"tol5913mb4101","2023-11-30 00:00:00"
"kic52404bk","2023-11-15 00:00:00"
"mon3jvr58rzwd","2023-12-27 00:00:00"
"kic55091cpz","2023-11-15 00:00:00"
"kic52405bnb","2023-11-15 00:00:00"
"metn6660865","2023-11-22 00:00:00"
"hin0150ss","2024-03-04 00:00:00"
"kic55149cpz","2023-11-07 00:00:00"
"kic55161pn","2023-11-07 00:00:00"
"hun19791","2024-01-15 00:00:00"
"gol3306ba2chsf","2023-12-20 00:00:00"
"gol3306ba3absf","2023-12-20 00:00:00"
"gol3306ba3chsf","2023-12-20 00:00:00"
"gol3306ba3pwsf","2023-12-20 00:00:00"
"tol3904gp4101","2023-11-30 00:00:00"
"afxegrf12lajd1wh","2024-02-23 00:00:00"
"kic59112bkt","2023-11-20 00:00:00"
"kic59113bkt","2023-12-27 00:00:00"
"kic59119bkt","2023-12-27 00:00:00"
"kic59119oz","2023-12-27 00:00:00"
"kic59126bkt","2023-11-20 00:00:00"
"kic59127bkt","2023-12-27 00:00:00"
"far218889","2023-11-07 00:00:00"
"far232332","2023-12-15 00:00:00"
"far219403","2023-11-07 00:00:00"
"far232886","2023-11-01 00:00:00"
"far239782","2023-11-06 00:00:00"
"farw246016","2023-12-09 00:00:00"
"far251125","2023-10-30 00:00:00"
"far251283","2023-11-15 00:00:00"
"far251394","2023-11-15 00:00:00"
"far245771","2023-11-15 00:00:00"
"far252409","2023-11-07 00:00:00"
"far252420","2023-11-07 00:00:00"
"far252667","2023-12-20 00:00:00"
"far252669","2023-12-20 00:00:00"
"far252671","2023-12-20 00:00:00"
"far252672","2023-12-20 00:00:00"
"avaalliev30tgg","2023-11-03 00:00:00"
"avaallievs31tggc","2023-11-18 00:00:00"
"avaemmamc22wt","2023-11-01 00:00:00"
"avacoventryv60nt","2023-12-30 00:00:00"
"avaharperv48nt","2023-12-30 00:00:00"
"avaharperv60nt","2024-01-15 00:00:00"
"avaharperv72nt","2024-01-15 00:00:00"
"avacoventryvs61nt","2023-12-30 00:00:00"
"avaharpervs49nt","2023-12-30 00:00:00"
"avaharpervs61nt","2024-01-15 00:00:00"
"avaharpervs73nt","2024-01-15 00:00:00"
"ava170512lt24wtg","2023-11-03 00:00:00"
"crw5067p29c","2023-11-15 00:00:00"
"crw5479c24c3","2023-11-15 00:00:00"
"crw5523c22coffwhite","2023-11-29 00:00:00"
"crw5553p16clear","2023-11-15 00:00:00"
"crw5553p7smoke","2023-11-29 00:00:00"
"crw5571p21cr","2023-11-16 00:00:00"
"crw8001c14c","2023-11-29 00:00:00"
"crw8001p24c","2023-12-13 00:00:00"
"crw8001p32g","2023-11-16 00:00:00"
"crw8001p36g","2023-11-08 00:00:00"
"crw8001t14g","2023-11-08 00:00:00"
"crw8003c36c","2023-11-08 00:00:00"
"crw8003p30c","2023-11-29 00:00:00"
"crw8005c20cr","2023-11-08 00:00:00"
"crw9613w41126","2023-11-29 00:00:00"
"crw9641p204101","2023-11-15 00:00:00"
"crw9809c103109","2023-11-15 00:00:00"
"sea8231en12","2023-10-31 00:00:00"
"out909195","2024-02-21 00:00:00"
"utt04100","2024-01-02 00:00:00"
"sea6517401846","2024-02-16 00:00:00"
"sea8413897s10","2023-11-17 00:00:00"
"minf588sporb","2024-02-06 00:00:00"
"sea8638601en312","2023-10-31 00:00:00"
"sea89807en315","2023-10-31 00:00:00"
"murol14405sbl","2023-12-08 00:00:00"
"crw1015p177129","2023-11-29 00:00:00"
"crw1020p3616602","2023-11-08 00:00:00"
"crw1020p3945602","2023-11-08 00:00:00"
"crw1020p3970602","2023-11-08 00:00:00"
"crw1026p236193","2023-11-08 00:00:00"
"crw1034c408620","2023-11-15 00:00:00"
"crw1034p309620","2023-11-16 00:00:00"
"crw1042p32601r","2023-11-29 00:00:00"
"crw1094p266620","2023-11-16 00:00:00"
"crw1094p4710620","2023-11-29 00:00:00"
"crw7148w4101s","2023-11-29 00:00:00"
"crw9760p372101","2023-11-15 00:00:00"
"crw9957p204601","2023-12-13 00:00:00"
"crw9969p85601","2023-11-16 00:00:00"
"kic11301niled","2023-11-16 00:00:00"
"kic1673oz","2023-11-06 00:00:00"
"kic42141chclr","2023-11-03 00:00:00"
"kic42878ni","2023-11-20 00:00:00"
"kic43691ni","2023-11-03 00:00:00"
"kic43998ch","2023-10-30 00:00:00"
"kic44051ni","2023-11-16 00:00:00"
"kic44072ni","2023-11-23 00:00:00"
"kic45376ni","2023-11-06 00:00:00"
"kic45497oz","2023-10-26 00:00:00"
"kic45503ch","2023-11-08 00:00:00"
"kic45894oz","2023-11-23 00:00:00"
"kic45973oz","2023-10-28 00:00:00"
"kic45974ni","2023-10-28 00:00:00"
"crw1100w101169","2023-11-15 00:00:00"
"crw1125p3917268","2023-11-29 00:00:00"
"crw1153w101169","2023-12-13 00:00:00"
"sea7728803112","2024-02-07 00:00:00"
"seaol5901encb","2023-10-31 00:00:00"
"seaol5902encb","2023-10-31 00:00:00"
"sea4121601962","2023-12-12 00:00:00"
"sea859090112","2023-12-26 00:00:00"
"crw0096w71101","2023-11-29 00:00:00"
"crw0411pt91101","2023-11-29 00:00:00"
"ele3500d28g","2024-01-31 00:00:00"
"crw1178p4420601","2023-11-16 00:00:00"
"kic360000ap","2023-10-31 00:00:00"
"kic360000bss","2023-10-31 00:00:00"
"kic360000ni","2023-10-31 00:00:00"
"kic360000oz","2023-10-31 00:00:00"
"kic360000pn","2023-10-31 00:00:00"
"kic360000wh","2023-10-31 00:00:00"
"kic360001ap","2024-02-22 00:00:00"
"kic360001bss","2023-10-31 00:00:00"
"kic360001ni","2023-10-31 00:00:00"
"kic360001obb","2024-02-22 00:00:00"
"kic360001oz","2023-10-31 00:00:00"
"kic360001wh","2023-10-31 00:00:00"
"kic360002bss","2023-10-31 00:00:00"
"kic360002oz","2023-10-31 00:00:00"
"kic360002pn","2023-10-31 00:00:00"
"kic360002wh","2023-10-31 00:00:00"
"kic360003ap","2023-10-31 00:00:00"
"kic360003bss","2023-10-31 00:00:00"
"kic360003ni","2023-10-31 00:00:00"
"kic360003obb","2023-10-31 00:00:00"
"kic360003oz","2023-10-31 00:00:00"
"kic360003wh","2023-10-31 00:00:00"
"kic360004ap","2023-10-31 00:00:00"
"kic360004ni","2023-10-31 00:00:00"
"kic360004obb","2024-02-22 00:00:00"
"kic360004oz","2023-10-31 00:00:00"
"kic360004wh","2024-02-22 00:00:00"
"kic360005ni","2023-10-31 00:00:00"
"kic360006ap","2023-10-31 00:00:00"
"kic360006ni","2023-10-31 00:00:00"
"kic360006obb","2024-02-22 00:00:00"
"out893395","2024-02-21 00:00:00"
"crw1273p356101r","2023-11-29 00:00:00"
"crw0413w81101","2023-11-29 00:00:00"
"crw0417w111101","2023-11-29 00:00:00"
"crw5008p6st","2023-11-29 00:00:00"
"crw5062p24cclearw","2023-11-15 00:00:00"
"crw5067c18c","2023-11-15 00:00:00"
"crw5067p22c","2023-11-16 00:00:00"
"crw5078c20c","2023-11-16 00:00:00"
"crw5443t14cblack","2023-11-08 00:00:00"
"crw5464p22db8","2023-11-15 00:00:00"
"crw5523p22coffwhite","2023-11-08 00:00:00"
"crw5553p10clear","2023-11-08 00:00:00"
"crw5553p12clear2l","2023-12-13 00:00:00"
"crw5553p7clear","2023-11-29 00:00:00"
"crw5571p14cr","2023-11-15 00:00:00"
"crw5571p21cs","2023-11-15 00:00:00"
"crw8005c14cr","2023-11-29 00:00:00"
"crw8005w5cr","2023-11-16 00:00:00"
"crw8038c14cr","2023-11-15 00:00:00"
"crw9606f205101","2023-11-29 00:00:00"
"crw9807c143116","2023-11-08 00:00:00"
"sea442020305","2023-11-17 00:00:00"
"sea5134503en962","2023-10-31 00:00:00"
"sea781380115","2023-11-07 00:00:00"
"sea8293812","2023-11-22 00:00:00"
"genksv1013pngw","2023-11-30 00:00:00"
"zlt19383vmgld","2023-11-17 00:00:00"
"utt18009","2023-12-08 00:00:00"
"hun19442","2024-02-04 00:00:00"
"zlt1943p32mb","2024-02-19 00:00:00"
"crw1695pt61101","2023-11-29 00:00:00"
"hun19638","2023-11-19 00:00:00"
"minf625lorb","2023-11-07 00:00:00"
"minf756lcl","2023-10-27 00:00:00"
"kic52616bk","2023-11-16 00:00:00"
"afxidrv3605lajudbk","2023-11-27 00:00:00"
"kic310265ni","2023-11-13 00:00:00"
"kic310275ni","2023-11-13 00:00:00"
"kic310275snb","2023-11-13 00:00:00"
"kic310285ni","2023-11-13 00:00:00"
"kic310285snb","2023-11-13 00:00:00"
"sea3175905en3112","2023-10-31 00:00:00"
"crystal3593","2023-11-29 00:00:00"
"crystal2599","2023-12-13 00:00:00"
"crystal3226","2023-11-08 00:00:00"
"crystal2305","2023-11-08 00:00:00"
"crystal3315","2023-11-29 00:00:00"
"crystal2235","2023-11-15 00:00:00"
"crystal1260","2023-11-15 00:00:00"
"crystal7340","2023-11-16 00:00:00"
"crystal7352","2023-11-29 00:00:00"
"crystal7422","2023-11-16 00:00:00"
"crystal7424","2023-11-29 00:00:00"
"crystal7544","2023-11-15 00:00:00"
"far217031","2023-11-06 00:00:00"
"far217474","2023-11-03 00:00:00"
"far217596","2023-11-20 00:00:00"
"far218099","2023-10-30 00:00:00"
"far218141","2023-11-16 00:00:00"
"far218166","2023-11-23 00:00:00"
"far218436","2023-10-26 00:00:00"
"far218442","2023-11-08 00:00:00"
"far218621","2023-11-23 00:00:00"
"far218671","2023-10-28 00:00:00"
"far218673","2023-10-28 00:00:00"
"crystal7747","2023-11-29 00:00:00"
"crystal8072","2024-01-31 00:00:00"
"far500162","2023-10-31 00:00:00"
"far500165","2023-10-31 00:00:00"
"far500170","2023-10-31 00:00:00"
"far500173","2023-10-31 00:00:00"
"far500174","2023-10-31 00:00:00"
"far500179","2023-10-31 00:00:00"
"far500183","2024-02-22 00:00:00"
"far500186","2023-10-31 00:00:00"
"far500191","2023-10-31 00:00:00"
"far500192","2024-02-22 00:00:00"
"far500194","2023-10-31 00:00:00"
"far500200","2023-10-31 00:00:00"
"far500207","2023-10-31 00:00:00"
"far500215","2023-10-31 00:00:00"
"far500216","2023-10-31 00:00:00"
"far500221","2023-10-31 00:00:00"
"far500225","2023-10-31 00:00:00"
"far500228","2023-10-31 00:00:00"
"far500233","2023-10-31 00:00:00"
"far500234","2023-10-31 00:00:00"
"far500236","2023-10-31 00:00:00"
"far500242","2023-10-31 00:00:00"
"far500247","2023-10-31 00:00:00"
"far500256","2023-10-31 00:00:00"
"far500257","2024-02-22 00:00:00"
"far500259","2023-10-31 00:00:00"
"far500266","2024-02-22 00:00:00"
"far500280","2023-10-31 00:00:00"
"far500294","2023-10-31 00:00:00"
"far500303","2023-10-31 00:00:00"
"far500304","2024-02-22 00:00:00"
"crystal7906","2023-11-29 00:00:00"
"vcsaec1104mbkbbs","2023-12-29 00:00:00"
"vcsaep1061bbs","2024-01-25 00:00:00"
"vcsaet1131bcl1","2024-08-06 00:00:00"
"vcsaet1131nwh1","2024-04-22 00:00:00"
"vcsaew1032mwt","2024-01-12 00:00:00"
"vcsaew1041mwtbbs","2024-01-05 00:00:00"
"vcsaew1051mbkbbs","2024-03-01 00:00:00"
"vcsaf1173adb","2023-11-27 00:00:00"
"vcsap1193adb","2023-12-01 00:00:00"
"vcsap1241sms","2023-11-22 00:00:00"
"vcsap1253adb","2024-02-07 00:00:00"
"vcsaw1142pn","2023-12-11 00:00:00"
"vcsaw1152pn","2023-11-30 00:00:00"
"vcsbt1061bac1","2024-02-14 00:00:00"
"vcsbt1071bac1","2024-02-07 00:00:00"
"vcsbt1071shg1","2024-02-16 00:00:00"
"vcscc1378ai","2024-01-31 00:00:00"
"vcscc13810ai","2023-12-12 00:00:00"
"vcscc16612bbs","2023-11-30 00:00:00"
"vcscf1052ai","2023-11-17 00:00:00"
"vcscf1113ai","2023-12-01 00:00:00"
"vcsco1434txb","2024-01-31 00:00:00"
"vcsco1451txb","2024-02-12 00:00:00"
"vcsco1491txb","2024-01-31 00:00:00"
"vcscp1161ai","2024-01-15 00:00:00"
"vcscp1171ai","2023-11-17 00:00:00"
"vcscp1411bbsmwt","2024-02-14 00:00:00"
"vcscv1022ai","2024-01-19 00:00:00"
"vcscv1023ai","2024-01-15 00:00:00"
"vcscv1024ai","2024-01-02 00:00:00"
"vcscv1052ai","2024-01-15 00:00:00"
"vcscv1052bbs","2024-01-15 00:00:00"
"vcscv1052pn","2024-01-15 00:00:00"
"vcscv1053ai","2023-12-12 00:00:00"
"vcscv1053bbs","2024-01-05 00:00:00"
"vcscv1053pn","2024-01-15 00:00:00"
"vcscv1054ai","2024-01-31 00:00:00"
"vcscv1054bbs","2024-01-15 00:00:00"
"vcscv1054pn","2023-12-19 00:00:00"
"vcsdjc1104mbk","2024-02-07 00:00:00"
"vcsdjc1114mbk","2023-12-20 00:00:00"
"vcsdjc1126sb","2023-12-28 00:00:00"
"vcsdjf1002sb","2024-01-16 00:00:00"
"vcsdjf1011mbk","2023-12-28 00:00:00"
"vcsdjf1011mwt","2024-01-16 00:00:00"
"vcsdjp1011sb","2024-02-07 00:00:00"
"vcsdjp1074sb","2024-01-05 00:00:00"
"vcsdjv1003ch","2024-02-14 00:00:00"
"vcsdjv1003mbk","2023-12-28 00:00:00"
"vcset1461ai2","2024-01-25 00:00:00"
"vcset1501ai1","2024-01-05 00:00:00"
"vcsev1011ai","2024-01-25 00:00:00"
"vcsew1161ai","2024-01-23 00:00:00"
"vcskc1091mbk","2024-03-01 00:00:00"
"vcsksf1051bbsblh","2023-12-11 00:00:00"
"vcsksf1091bbs","2023-12-08 00:00:00"
"vcsksw1111bbs","2023-11-22 00:00:00"
"vcskw1141mwtbbsl1","2024-01-31 00:00:00"
"vcskwl1081mbk","2024-03-01 00:00:00"
"vcskwl1101mbk","2024-01-12 00:00:00"
"vcslv1002ai","2023-11-17 00:00:00"
"vcslxw1011cpst","2024-03-01 00:00:00"
"vcslxw1021cpst","2023-12-11 00:00:00"
"vcslxw1041cpst","2024-01-25 00:00:00"
"vcsol13200txb","2023-12-01 00:00:00"
"vcsol13202txb","2023-12-01 00:00:00"
"vcsol14401txb","2023-12-20 00:00:00"
"vcsol14405txb","2023-11-30 00:00:00"
"vcsol14409txb","2023-12-20 00:00:00"
"vcstc1186adb","2024-01-25 00:00:00"
"vcstfw1021ai","2024-01-02 00:00:00"
"vcstp1101bbs","2023-11-30 00:00:00"
"vcstp1201ai","2024-03-01 00:00:00"
"hun53328","2023-11-30 00:00:00"
"liv6261607","2023-12-30 00:00:00"
"murol14402sbl","2023-12-19 00:00:00"
"hun51078","2024-01-08 00:00:00"
"klc505860ol","2023-12-07 00:00:00"
"klc505850ol","2023-12-01 00:00:00"
"klc505851ol","2023-12-01 00:00:00"
"klc505852ol","2023-12-01 00:00:00"
"klc506274mgm","2023-10-31 00:00:00"
"klc507950bmg","2023-12-07 00:00:00"
"kic49829wh","2023-11-13 00:00:00"
"kic300027obb","2023-11-13 00:00:00"
"kic3299ni","2023-10-30 00:00:00"
"kic42565oz","2023-10-30 00:00:00"
"kic43637oz","2024-02-22 00:00:00"
"kic43638ni","2023-10-28 00:00:00"
"kic43670ni","2023-11-10 00:00:00"
"kic43927oz","2023-10-28 00:00:00"
"kic45574ni","2023-11-03 00:00:00"
"kic45639oz","2023-10-28 00:00:00"
"ela83887","2023-11-13 00:00:00"
"kic300032sbk","2023-11-20 00:00:00"
"kic45128bk","2023-10-30 00:00:00"
"kic45130bk","2023-10-30 00:00:00"
"kic45130ni","2023-10-30 00:00:00"
"klc509151osl","2023-12-07 00:00:00"
"klc509231bi","2023-12-07 00:00:00"
"kic49981oz","2023-11-13 00:00:00"
"kic11149niled","2023-11-08 00:00:00"
"kic11254niled","2023-11-08 00:00:00"
"kic360002bab","2023-11-03 00:00:00"
"kic360002ni","2023-10-31 00:00:00"
"kic360002wcp","2023-11-03 00:00:00"
"alg037661038fr001","2023-11-20 00:00:00"
"klc7046fg","2023-12-07 00:00:00"
"sea8718301en312","2024-02-08 00:00:00"
"hun51433","2023-11-30 00:00:00"
"kuzmp28356bk","2023-11-17 00:00:00"
"kuzfm13120bk","2023-10-31 00:00:00"
"kuzvl63624ch","2023-11-10 00:00:00"
"kuzpd46216bk","2023-11-08 00:00:00"
"kuzpd46216wh","2024-01-01 00:00:00"
"kuzpd15415bk","2023-11-17 00:00:00"
"kuzpd15416bk","2023-10-31 00:00:00"
"kuzpd15518bg","2024-01-23 00:00:00"
"kuzfm43916bkgd","2023-10-31 00:00:00"
"kuzfm43916bkwt","2023-12-14 00:00:00"
"kuzpd15302bk","2023-12-16 00:00:00"
"kuzws10415bk","2023-12-13 00:00:00"
"kuzlp16248bk","2023-10-31 00:00:00"
"kuzch97358bk","2024-01-23 00:00:00"
"kuzws25118bk","2024-01-23 00:00:00"
"kuzws25336bk","2023-12-13 00:00:00"
"kuzch90132bk","2023-10-31 00:00:00"
"kuzws24324bk","2023-11-06 00:00:00"
"kuzws24348bn","2023-11-06 00:00:00"
"kuzlp10345bk","2024-01-10 00:00:00"
"kuzmp10303bk","2024-01-04 00:00:00"
"kuzvl10323bk","2024-01-01 00:00:00"
"kuzws10324bn","2023-11-06 00:00:00"
"kuzlp18248bk","2023-11-22 00:00:00"
"kuzlp18260wh","2024-01-03 00:00:00"
"kuzvl18224bk","2023-11-06 00:00:00"
"kuzvl18224bn","2024-02-08 00:00:00"
"kuzvl18236bk","2024-01-03 00:00:00"
"kuzvl18236bn","2024-01-03 00:00:00"
"kuzws18248bk","2023-10-31 00:00:00"
"kuzat7928bk","2023-10-31 00:00:00"
"kuzat7950bk","2023-12-09 00:00:00"
"kuz701313bkled","2023-11-17 00:00:00"
"kuz701314chled","2023-11-17 00:00:00"
"alowv322623pnar","2023-12-21 00:00:00"
"alowv322623ubar","2023-12-21 00:00:00"
"alowv338902vbar","2023-11-06 00:00:00"
"alowv324114ubgo","2023-10-31 00:00:00"
"kuzch62737bklg","2023-11-06 00:00:00"
"kuzws62629bglg","2023-11-06 00:00:00"
"kuzsf62014bksm","2023-12-21 00:00:00"
"kic43691bk","2023-11-03 00:00:00"
"alowv574404mbag","2023-12-21 00:00:00"
"alowv574404whag","2023-11-10 00:00:00"
"alowv574524mbag","2023-11-10 00:00:00"
"alopd470108bggo","2023-12-09 00:00:00"
"alofm503509ag","2023-12-13 00:00:00"
"alofm503715ag","2023-10-31 00:00:00"
"alolp548848mbsm","2023-12-19 00:00:00"
"alowv548217mbsm","2023-11-08 00:00:00"
"kuzch57514bksm","2023-10-31 00:00:00"
"kuzch89854bggo","2023-12-17 00:00:00"
"kuzch89854bkgo","2023-12-17 00:00:00"
"kuzpd57508bgcp","2023-11-08 00:00:00"
"kuzpd57508bksm","2023-12-28 00:00:00"
"alovl418021bg","2023-12-17 00:00:00"
"alovl418021mb","2023-12-17 00:00:00"
"alovl418021wh","2023-12-13 00:00:00"
"kuzws92617bk","2024-02-08 00:00:00"
"klc518555ng","2023-10-31 00:00:00"
"afxcsss0416l30d1bk","2023-11-03 00:00:00"
"afxkylw0305lajenbk","2023-11-27 00:00:00"
"afxprls0418l30d1sb","2023-11-25 00:00:00"
"afxsaf3244l5ajudjt","2023-11-03 00:00:00"
"afxsap3244l5ajudsnjt","2023-11-03 00:00:00"
"kic59131bkt","2023-11-13 00:00:00"
"kic59134bkt","2023-11-13 00:00:00"
"kic59139bkt","2023-11-13 00:00:00"
"vcsaet1051bbs1","2024-02-14 00:00:00"
"vcsaew1032mbk","2024-02-28 00:00:00"
"vcscc16512bbs","2023-11-30 00:00:00"
"vcscv1021ai","2023-12-08 00:00:00"
"vcsdjp1052sb","2024-01-05 00:00:00"
"vcsdjp1063sb","2024-01-31 00:00:00"
"vcsdjp1101sb","2024-02-07 00:00:00"
"vcsdjt1011sb1","2024-01-23 00:00:00"
"vcsdjv1002ch","2024-02-07 00:00:00"
"vcsdjv1002mbk","2024-02-07 00:00:00"
"vcsdjv1002sb","2024-02-07 00:00:00"
"vcsdjv1003sb","2024-02-07 00:00:00"
"vcsdjv1012bs","2024-02-07 00:00:00"
"vcsdjv1032ch","2024-02-07 00:00:00"
"vcsdjv1034bs","2024-01-02 00:00:00"
"vcsdjw1051sb","2024-02-14 00:00:00"
"vcsev1012ai","2024-01-09 00:00:00"
"vcskwl1091bbs","2023-12-08 00:00:00"
"vcskwl1101bbs","2023-12-01 00:00:00"
"vcslo1001txb","2024-02-12 00:00:00"
"vcslxw1052cpst","2023-12-29 00:00:00"
"vcstc11712adb","2024-03-01 00:00:00"
"vcstfw1021cgd","2024-02-07 00:00:00"
"vcstfw1021mwt","2024-01-12 00:00:00"
"vcstw1042ai","2024-03-01 00:00:00"
"far102260","2023-12-30 00:00:00"
"far246295","2023-12-07 00:00:00"
"far246296","2023-12-01 00:00:00"
"far246297","2023-12-01 00:00:00"
"far246298","2023-12-01 00:00:00"
"far246325","2023-10-31 00:00:00"
"far246329","2023-12-07 00:00:00"
"far218933","2023-11-13 00:00:00"
"far217110","2023-11-13 00:00:00"
"far217573","2023-10-30 00:00:00"
"far217879","2024-02-22 00:00:00"
"far217920","2023-11-10 00:00:00"
"far218052","2023-10-28 00:00:00"
"far231299","2023-11-13 00:00:00"
"far217117","2023-11-20 00:00:00"
"far218334","2023-10-30 00:00:00"
"far218339","2023-10-30 00:00:00"
"far246376","2023-12-07 00:00:00"
"far246380","2023-12-07 00:00:00"
"far219016","2023-11-13 00:00:00"
"far217020","2023-11-08 00:00:00"
"far500206","2023-11-03 00:00:00"
"far500212","2023-10-31 00:00:00"
"far500220","2023-11-03 00:00:00"
"crystal9020","2023-11-20 00:00:00"
"farw240802","2023-12-07 00:00:00"
"far252734","2023-10-31 00:00:00"
"gol13233pwg","2023-11-16 00:00:00"
"gol1567sfpc","2023-12-30 00:00:00"
"gol20733pgmt","2023-12-09 00:00:00"
"gol2073lpgmtop","2023-12-25 00:00:00"
"gol20744chclr","2023-12-15 00:00:00"
"gol3500sfabpmt","2023-11-01 00:00:00"
"gol36023lprbzrbz","2023-10-27 00:00:00"
"gol3602lpwpw","2023-11-16 00:00:00"
"gol3604lrbzrbz","2023-12-15 00:00:00"
"gol3604m1lrbzrbz","2023-11-16 00:00:00"
"gol4309lpblksd","2023-12-25 00:00:00"
"gol55165wgshr","2023-12-10 00:00:00"
"gol8063ba4bus","2023-12-09 00:00:00"
"gol81066cdb","2024-02-08 00:00:00"
"gol8106d5cdb","2023-12-25 00:00:00"
"gol3306ba2abop","2024-01-17 00:00:00"
"gol3306ba3pwop","2023-11-22 00:00:00"
"gol3306mpwpw","2023-12-25 00:00:00"
"murol5404bk","2024-02-28 00:00:00"
"utt27270","2023-10-31 00:00:00"
"gol19935pg","2023-12-25 00:00:00"
"utt23321","2023-11-22 00:00:00"
"sea8335en315","2024-02-07 00:00:00"
"gol7312ba1fw","2023-10-27 00:00:00"
"gol3306ba1chop","2023-10-27 00:00:00"
"zlt7253hbrd12hbr","2023-12-11 00:00:00"
"gol23801wblksd","2023-12-25 00:00:00"
"kic42382miz","2023-11-14 00:00:00"
"kic5085ni","2023-11-13 00:00:00"
"kic5099ni","2023-11-06 00:00:00"
"murf33518da","2024-01-15 00:00:00"
"murol13201pdb","2024-01-03 00:00:00"
"gol08044pai","2024-02-28 00:00:00"
"gol3118lrbzop","2023-12-15 00:00:00"
"gol3118m1lrbzop","2023-11-16 00:00:00"
"gol4309ba3blkblksd","2023-11-01 00:00:00"
"gol9903wscmg","2023-11-16 00:00:00"
"gol3306sblkblk","2023-11-01 00:00:00"
"gol7312ba2fw","2023-12-15 00:00:00"
"zlt40068pn","2023-11-14 00:00:00"
"liv4980192","2023-12-30 00:00:00"
"gol990324bi","2023-11-16 00:00:00"
"gol9808owmnbsd","2023-11-21 00:00:00"
"kic330140ni","2023-11-15 00:00:00"
"kic360000dbk","2023-11-15 00:00:00"
"kic360001avi","2023-11-15 00:00:00"
"zlt556fbk","2024-01-14 00:00:00"
"gol1157m1lbcbclr","2023-12-25 00:00:00"
"gol2073owmnbop","2023-11-16 00:00:00"
"gol3189fmblkmws","2023-12-09 00:00:00"
"gol3306ba2bcbop","2023-10-27 00:00:00"
"gol8355blk","2023-11-22 00:00:00"
"zlt2302f1mb","2023-11-28 00:00:00"
"zlt2303f1mwrb","2023-12-18 00:00:00"
"mon6lfr62rzwbbsd","2024-04-09 00:00:00"
"gol0806fmai","2023-11-21 00:00:00"
"gol3419sblkclr","2023-12-15 00:00:00"
"liv500702","2023-11-21 00:00:00"
"gol0806sfabi","2023-12-13 00:00:00"
"min409184","2023-11-17 00:00:00"
"gol1084fmblkbw","2023-11-01 00:00:00"
"gol11031wwg","2023-10-26 00:00:00"
"gol2073ofmnbop","2023-11-16 00:00:00"
"gol3124ba3dr","2023-11-21 00:00:00"
"gol33181wdr","2023-11-01 00:00:00"
"gol6068sfblk","2023-12-11 00:00:00"
"max3030cdbk","2023-12-06 00:00:00"
"sea312430905","2023-12-07 00:00:00"
"sea4490302962","2024-01-25 00:00:00"
"sea6190301en705","2024-01-22 00:00:00"
"gol0305fmbcbclr","2023-11-22 00:00:00"
"gol0309fmbcbrpg","2023-12-10 00:00:00"
"gol33063fmblkblk","2023-11-16 00:00:00"
"gol3189wscblkmws","2023-12-13 00:00:00"
"utt04326","2023-11-20 00:00:00"
"kuzfm43920whwt","2023-11-08 00:00:00"
"kuzfm43419bkgd","2024-01-23 00:00:00"
"kuzpd88136wh","2024-01-23 00:00:00"
"kuzpd12506cl","2024-01-10 00:00:00"
"kuzpd84436bk","2024-02-09 00:00:00"
"gol0316fmmbg","2024-01-11 00:00:00"
"gol0511ba3bcbclr","2023-12-25 00:00:00"
"gol1768fmwghwg","2023-12-09 00:00:00"
"gol3164wscblkhwg","2023-11-21 00:00:00"
"gol3306sbcbclr","2023-11-01 00:00:00"
"hun19066","2023-11-19 00:00:00"
"hun19764","2024-02-04 00:00:00"
"alowv524006mbcl","2024-01-30 00:00:00"
"gol0865fmagvteal","2024-01-15 00:00:00"
"gol6952sfblkclr","2023-11-22 00:00:00"
"zlt7253mbd12hbr","2023-12-11 00:00:00"
"zlt1943p26mgld","2023-11-17 00:00:00"
"vaxt0655","2023-11-10 00:00:00"
"et2e25051trc","2023-11-06 00:00:00"
"gol3602ba4blkab","2024-02-16 00:00:00"
"gol3602ba4blkblk","2024-02-16 00:00:00"
"gol3602ba4blkpw","2024-02-16 00:00:00"
"gol3602ba4blkwh","2024-02-16 00:00:00"
"gol3602ba4blkwht","2024-02-16 00:00:00"
"gol3879mbcbnb","2024-02-08 00:00:00"
"hun13072","2024-01-20 00:00:00"
"gol3160sfnbhwg","2024-01-19 00:00:00"
"alg090222064fr001","2023-12-07 00:00:00"
"vcsew1161bbs","2023-11-17 00:00:00"
"min4405581","2024-02-07 00:00:00"
"farw205039","2023-11-16 00:00:00"
"far232213","2023-12-30 00:00:00"
"farw205118","2023-12-09 00:00:00"
"farw205136","2023-12-25 00:00:00"
"far205152","2023-12-15 00:00:00"
"far232220","2023-11-01 00:00:00"
"farw205649","2023-10-27 00:00:00"
"farw205793","2023-11-16 00:00:00"
"farw205882","2023-12-15 00:00:00"
"farw205906","2023-11-16 00:00:00"
"far205944","2023-12-25 00:00:00"
"farw205959","2023-12-10 00:00:00"
"far206122","2023-12-09 00:00:00"
"far206130","2024-02-08 00:00:00"
"far206135","2023-12-25 00:00:00"
"far205491","2024-01-17 00:00:00"
"far205514","2023-11-22 00:00:00"
"far205559","2023-12-25 00:00:00"
"far232241","2023-12-25 00:00:00"
"farw206073","2023-10-27 00:00:00"
"far205482","2023-10-27 00:00:00"
"far205182","2023-12-25 00:00:00"
"far217514","2023-11-14 00:00:00"
"far219057","2023-11-13 00:00:00"
"far219076","2023-11-06 00:00:00"
"far232265","2024-02-28 00:00:00"
"far232327","2023-12-15 00:00:00"
"far232329","2023-11-16 00:00:00"
"far232345","2023-11-01 00:00:00"
"far206212","2023-11-16 00:00:00"
"far232540","2023-11-01 00:00:00"
"farw232623","2023-12-15 00:00:00"
"far235071","2023-12-30 00:00:00"
"far206216","2023-11-16 00:00:00"
"far232765","2023-11-21 00:00:00"
"far217337","2023-11-15 00:00:00"
"far500167","2023-11-15 00:00:00"
"far500184","2023-11-15 00:00:00"
"far232906","2023-12-25 00:00:00"
"farw232908","2023-11-16 00:00:00"
"far232913","2023-12-09 00:00:00"
"far232918","2023-10-27 00:00:00"
"far232938","2023-11-22 00:00:00"
"far232958","2023-11-21 00:00:00"
"farw232981","2023-12-15 00:00:00"
"far101440","2023-11-21 00:00:00"
"far239898","2023-12-13 00:00:00"
"far245972","2023-11-01 00:00:00"
"far245974","2023-10-26 00:00:00"
"far245976","2023-11-16 00:00:00"
"far245988","2023-11-21 00:00:00"
"far245989","2023-11-01 00:00:00"
"farw246007","2023-12-11 00:00:00"
"far249169","2024-01-22 00:00:00"
"far246027","2023-11-22 00:00:00"
"far246031","2023-12-10 00:00:00"
"far246042","2023-11-16 00:00:00"
"far244817","2023-12-13 00:00:00"
"far245805","2024-01-11 00:00:00"
"far245809","2023-12-25 00:00:00"
"far245813","2023-12-09 00:00:00"
"far245819","2023-11-21 00:00:00"
"far245827","2023-11-01 00:00:00"
"far250566","2024-01-15 00:00:00"
"far250608","2023-11-22 00:00:00"
"far251016","2023-11-10 00:00:00"
"far251772","2024-02-16 00:00:00"
"far251774","2024-02-16 00:00:00"
"far251776","2024-02-16 00:00:00"
"far251778","2024-02-16 00:00:00"
"far251779","2024-02-16 00:00:00"
"far251780","2024-02-08 00:00:00"
"far252660","2024-01-19 00:00:00"
"crystal9530","2023-12-07 00:00:00"
"kic15310azt6","2023-11-27 00:00:00"
"far233624","2023-11-27 00:00:00"
"liv501301","2023-11-21 00:00:00"
"vaxt0079","2023-11-15 00:00:00"
"zlt533phm533pmrbrz","2024-01-04 00:00:00"
"zlt533phb533pmrbrz","2024-01-04 00:00:00"
"metn610320","2023-11-20 00:00:00"
"minf589ht","2024-02-21 00:00:00"
"zlt563phm533pmrt","2024-01-04 00:00:00"
"mursf340sn","2024-02-07 00:00:00"
"sea8313902en315","2023-10-31 00:00:00"
"crw1016p436129","2023-11-08 00:00:00"
"crw1065p4710601rc","2023-11-16 00:00:00"
"crw5555p22sn","2023-11-16 00:00:00"
"murf33235adb","2023-12-19 00:00:00"
"zlt7253hbrd12brzhbr","2023-11-22 00:00:00"
"zlt7253hbrdgm14","2023-11-22 00:00:00"
"zlt7253hbrdmo14","2023-11-22 00:00:00"
"zlt7253hbrdwl14","2023-11-22 00:00:00"
"zlt7253hbrmmb","2023-11-22 00:00:00"
"kic43693oz","2023-11-09 00:00:00"
"murol15400txb","2023-12-01 00:00:00"
"minf888ldk","2023-11-03 00:00:00"
"crw1103p406602","2023-11-15 00:00:00"
"gol0806sai","2023-11-16 00:00:00"
"ele1712g57lab","2023-12-05 00:00:00"
"zlt488p83rbn","2024-01-23 00:00:00"
"sea4421604en3112","2023-11-28 00:00:00"
"gol3688a1wblkblk","2023-11-01 00:00:00"
"mondr12ch","2023-11-17 00:00:00"
"hun23190","2024-01-22 00:00:00"
"minf742lsbr","2023-11-03 00:00:00"
"hun19297","2024-02-04 00:00:00"
"sea8988en312","2023-11-27 00:00:00"
"genco1401txb","2024-01-31 00:00:00"
"genet1361bbs1","2024-02-21 00:00:00"
"genksf1072bbsgw","2024-01-31 00:00:00"
"genlv1043pn","2023-12-11 00:00:00"
"gentc1116bbs","2024-01-19 00:00:00"
"zlt4643vch","2024-01-30 00:00:00"
"utt22872","2023-11-11 00:00:00"
"kuzvl61650ch","2024-01-23 00:00:00"
"kuzpd22339wh","2024-01-23 00:00:00"
"kuz492316bnbk","2023-11-08 00:00:00"
"kuzfm13124wh","2023-11-08 00:00:00"
"kuz70233bn","2024-01-23 00:00:00"
"kuzvl63636ch","2024-01-30 00:00:00"
"kuzew71311bk","2024-01-23 00:00:00"
"kuzpd87118bk","2023-11-06 00:00:00"
"kuzpd87124wh","2024-01-23 00:00:00"
"kuzpd87172bg","2024-01-23 00:00:00"
"kuzpd87732bg","2023-11-06 00:00:00"
"kuzpd87732bk","2023-11-06 00:00:00"
"kuzpd87732wh","2024-01-23 00:00:00"
"kuzmp14919wh","2024-01-23 00:00:00"
"kuzmp14932wh","2023-11-06 00:00:00"
"kuzpd82732bk","2023-11-06 00:00:00"
"kuzsf15101bk","2024-01-30 00:00:00"
"kuzsf15101wh","2024-01-23 00:00:00"
"alopd302724cbss","2024-01-30 00:00:00"
"kuzpd22753bk","2023-11-06 00:00:00"
"kuzws3413bk","2023-11-06 00:00:00"
"kuzvl0118ch","2023-11-06 00:00:00"
"kuz52022bn","2024-01-23 00:00:00"
"kuz494016wh","2024-01-27 00:00:00"
"alomp321205nb","2024-02-01 00:00:00"
"alotl321201nbwl","2024-01-23 00:00:00"
"kuzws8424ch","2023-11-06 00:00:00"
"kuzat67006wh","2024-01-23 00:00:00"
"kuzmp75127bg","2024-01-30 00:00:00"
"kuzmp75213bg","2024-01-23 00:00:00"
"kuzmp75221bk","2024-01-30 00:00:00"
"kuzmp75227bg","2024-01-30 00:00:00"
"kuzmp75227bk","2023-11-08 00:00:00"
"kuzpd75021ch","2024-01-30 00:00:00"
"kuzlp72237bk","2024-01-23 00:00:00"
"kuzpd88136bk","2024-01-30 00:00:00"
"kuzvl47321bg","2024-02-04 00:00:00"
"kuzvl47321ch","2024-01-23 00:00:00"
"kuzvl63416bk","2023-11-06 00:00:00"
"kuzvl63416ch","2023-11-06 00:00:00"
"kuzvl63436ch","2023-11-06 00:00:00"
"kuzpd42502bn","2024-01-23 00:00:00"
"kuzat68010bn","2024-01-23 00:00:00"
"kuzpd19804ch","2024-01-23 00:00:00"
"kuzws24324bn","2023-11-06 00:00:00"
"kuzfm93820an","2024-01-23 00:00:00"
"kuzpd11612bn","2023-11-06 00:00:00"
"kuzlp10356wh","2023-11-06 00:00:00"
"kuzws10336wh","2024-01-23 00:00:00"
"kuzpl18234bk","2023-11-06 00:00:00"
"kuzpl18234bn","2023-11-06 00:00:00"
"kuzat7928bn","2023-11-06 00:00:00"
"kuzat7935wh","2023-11-06 00:00:00"
"alowv325106ubar","2024-01-30 00:00:00"
"alowv324114vbgo","2024-01-23 00:00:00"
"kuzpd62622bglg","2024-01-30 00:00:00"
"kuzch62628bklg","2024-01-30 00:00:00"
"alowv330216pn","2024-01-23 00:00:00"
"kuzmp89390bk","2024-01-23 00:00:00"
"alowv334105ubar","2024-01-23 00:00:00"
"hun51585","2023-11-09 00:00:00"
"alopd427710mb","2023-11-08 00:00:00"
"alowv523007bg","2024-01-27 00:00:00"
"alopd524214mbcl","2024-01-30 00:00:00"
"alopd524214mbop","2024-01-30 00:00:00"
"alowv524006chcl","2024-01-30 00:00:00"
"alopd568212mbop","2024-01-30 00:00:00"
"alofm547924agwl","2024-01-23 00:00:00"
"aloch548637mbop","2024-01-30 00:00:00"
"alowv548006bgcp","2024-01-30 00:00:00"
"kuzws25125bg","2024-01-23 00:00:00"
"kuzch14232bg","2023-11-06 00:00:00"
"kuzvl18224bg","2023-11-06 00:00:00"
"kuzch23534bg","2024-01-30 00:00:00"
"kuzch24755bk","2023-11-06 00:00:00"
"kuzch96840bkbg","2023-11-06 00:00:00"
"kuzfm57508bgcp","2024-01-30 00:00:00"
"alopd406414mbgo","2024-01-30 00:00:00"
"alopd406418bggo","2024-01-30 00:00:00"
"alosf473710mbop","2024-01-23 00:00:00"
"alowv416101bg","2024-02-15 00:00:00"
"alopd336507ub","2024-01-23 00:00:00"
"alowv336717vb","2024-01-23 00:00:00"
"alowv346322vbar","2023-11-06 00:00:00"
"alowv348118vbfr","2024-01-23 00:00:00"
"kuzvl61650bk","2024-01-23 00:00:00"
"kuzat68010bg","2024-01-23 00:00:00"
"vcsdjp1091sb","2024-02-07 00:00:00"
"vcslxw1031bbs","2024-01-31 00:00:00"
"sea5292604112","2023-11-20 00:00:00"
"far101456","2023-11-21 00:00:00"
"far200364","2023-11-15 00:00:00"
"crystal7396","2023-11-16 00:00:00"
"far221771","2023-12-01 00:00:00"
"far232267","2023-11-16 00:00:00"
"crystal8022","2023-12-05 00:00:00"
"far232677","2023-11-01 00:00:00"
"far500118","2023-11-17 00:00:00"
"sea771650205","2024-02-21 00:00:00"
"sea7569093s848","2023-11-27 00:00:00"
"sea7505401115","2023-12-28 00:00:00"
"sea7605401145","2024-02-07 00:00:00"
"sea7705401112","2024-02-07 00:00:00"
"sea7532003112","2024-02-28 00:00:00"
"sea7532003848","2023-11-17 00:00:00"
"sea7532003962","2024-03-26 00:00:00"
"sea3100506848","2024-02-07 00:00:00"
"sea3167105848","2023-11-20 00:00:00"
"sea3167109112","2023-12-15 00:00:00"
"sea3167109962","2023-12-28 00:00:00"
"sea3190305848","2023-11-17 00:00:00"
"sea862670112","2024-02-16 00:00:00"
"sea872670112","2023-11-28 00:00:00"
"sea882670112","2024-01-22 00:00:00"
"sea8563393s12","2024-01-26 00:00:00"
"sea8663393s12","2023-12-15 00:00:00"
"sea8557793s12","2024-02-22 00:00:00"
"sea8657793s12","2023-12-15 00:00:00"
"sea853110171","2024-01-15 00:00:00"
"sea863110112","2023-11-21 00:00:00"
"sea863110171","2023-11-21 00:00:00"
"sea873110112","2023-11-21 00:00:00"
"sea883110112","2023-12-13 00:00:00"
"sea6544701962","2023-11-20 00:00:00"
"sea6155701848","2024-01-24 00:00:00"
"sea6545301127","2023-11-17 00:00:00"
"sea6645301112","2024-01-17 00:00:00"
"sea6590301112","2023-12-26 00:00:00"
"sea4468102848","2023-12-28 00:00:00"
"sea416160105","2024-01-25 00:00:00"
"sea445430205","2023-11-29 00:00:00"
"sea4454302112","2024-02-07 00:00:00"
"sea4554302112","2023-12-05 00:00:00"
"sea4654303848","2023-12-20 00:00:00"
"sea4665002848","2023-11-28 00:00:00"
"sea4504093s05","2024-02-14 00:00:00"
"sea4504093s848","2023-11-28 00:00:00"
"sea4604093s05","2024-01-23 00:00:00"
"sea4604093s848","2024-01-31 00:00:00"
"sea4457102962","2024-01-19 00:00:00"
"sea4459293s112","2024-01-25 00:00:00"
"sea4459293s962","2024-01-03 00:00:00"
"sea4559293s112","2024-01-25 00:00:00"
"sea4559293s848","2023-11-27 00:00:00"
"sea4659293s848","2023-11-07 00:00:00"
"sea4190301112","2024-01-04 00:00:00"
"cas59151","2024-02-12 00:00:00"
"kovp1110613l","2023-12-20 00:00:00"
"liv643971","2023-12-30 00:00:00"
"liv427301","2023-12-30 00:00:00"
"liv765358","2023-12-13 00:00:00"
"murol5407bk","2024-03-01 00:00:00"
"out9153a357","2023-12-18 00:00:00"
"metn7839659","2023-12-20 00:00:00"
"murvs24304sn","2023-11-30 00:00:00"
"ele3803d12c","2023-11-29 00:00:00"
"ele3805d14c","2023-11-29 00:00:00"
"ele3805d33c","2023-11-29 00:00:00"
"ele3809d24c","2023-11-29 00:00:00"
"gol3602ba1chgy","2023-11-01 00:00:00"
"gol3602ba1pwgy","2023-11-01 00:00:00"
"gol3602ba3blkgy","2023-11-01 00:00:00"
"gol3602ba3chgy","2023-11-01 00:00:00"
"kic339218snb","2023-11-08 00:00:00"
"kic43189dag","2023-11-07 00:00:00"
"kic9788bk","2023-11-20 00:00:00"
"mon3mavr52bkbkd","2023-11-03 00:00:00"
"ela83625","2023-11-08 00:00:00"
"ela83831","2023-11-23 00:00:00"
"ela84019","2023-11-08 00:00:00"
"gencc1179ai","2024-01-31 00:00:00"
"gol3306ba2blkpw","2023-11-16 00:00:00"
"gol3306ba3blkpw","2023-11-01 00:00:00"
"kic330090avi","2023-11-23 00:00:00"
"sea82941en312","2023-10-31 00:00:00"
"sea8531701en3753","2023-10-31 00:00:00"
"liv770314","2023-12-30 00:00:00"
"liv785114","2023-11-12 00:00:00"
"gol3602ba4chgy","2023-11-01 00:00:00"
"ele3500d3rc","2024-01-31 00:00:00"
"kic16154cbr27","2023-12-01 00:00:00"
"zlt337mpbn","2024-01-05 00:00:00"
"zlt442mp12mg","2024-01-23 00:00:00"
"minwcs213","2023-11-06 00:00:00"
"ela83854cgwh","2023-11-08 00:00:00"
"zlt7341smb","2023-12-11 00:00:00"
"ela84003","2023-12-01 00:00:00"
"min317366a","2023-11-17 00:00:00"
"gol3602ba2blkgy","2023-11-01 00:00:00"
"gol3602ba2pwgy","2023-11-01 00:00:00"
"ele2500d32bk","2023-12-07 00:00:00"
"ele2500d36sg","2023-12-07 00:00:00"
"ele2500d38c","2023-11-29 00:00:00"
"ele2500d38sg","2023-12-07 00:00:00"
"ele2500d42bk","2023-12-07 00:00:00"
"ele2500d44c","2023-11-29 00:00:00"
"ele2500d44sg","2023-12-07 00:00:00"
"ele2500d50bk","2023-12-07 00:00:00"
"ele2502d23sg","2023-11-29 00:00:00"
"ele2502d31bk","2023-11-29 00:00:00"
"ele2502d31c","2023-11-29 00:00:00"
"ele2502d31sg","2023-11-29 00:00:00"
"ele2502d32bk","2023-11-29 00:00:00"
"ele2502d32c","2023-11-29 00:00:00"
"kic330160mwh","2023-11-23 00:00:00"
"utt04316","2023-12-19 00:00:00"
"min217166a","2023-11-17 00:00:00"
"min3869726","2023-12-11 00:00:00"
"kic43848ozled27t","2023-11-06 00:00:00"
"murol9004txbt","2023-10-31 00:00:00"
"sea5134504962","2023-12-05 00:00:00"
"genksc10212bbsmg","2023-12-11 00:00:00"
"genksp1043pn","2023-12-01 00:00:00"
"genlw1041pn","2024-01-25 00:00:00"
"hun19776","2024-02-24 00:00:00"
"zlt19381smb","2023-11-06 00:00:00"
"zlt19384vmgld","2024-01-04 00:00:00"
"gol3164fmbcbhwg","2023-11-01 00:00:00"
"liv5213801","2023-12-30 00:00:00"
"kuzpd22332bn","2023-11-06 00:00:00"
"kuzpd22332wh","2023-11-06 00:00:00"
"kuzvl52718bk","2023-11-06 00:00:00"
"kuz492324bnbk","2023-11-08 00:00:00"
"kuzws8332bk","2023-11-08 00:00:00"
"kuzpd87736wh","2023-11-06 00:00:00"
"kuz494216bk","2023-11-08 00:00:00"
"kuz601002bnled","2023-11-08 00:00:00"
"alomp321218pn","2023-11-06 00:00:00"
"kuzpd74738bk","2023-11-08 00:00:00"
"kuzpd88132bk","2023-11-06 00:00:00"
"kuz402801bgled","2023-11-08 00:00:00"
"aloch309036pncg","2023-11-06 00:00:00"
"kuzvl63425bk","2023-11-08 00:00:00"
"kuzvl63425ch","2023-11-08 00:00:00"
"kuz493210bkgd","2023-11-08 00:00:00"
"hun19527","2024-03-06 00:00:00"
"hun19656","2024-02-24 00:00:00"
"hun19739","2024-03-06 00:00:00"
"alopd525216bgop","2023-11-08 00:00:00"
"alopd529116mbop","2023-11-08 00:00:00"
"alopd535010mbcl","2023-11-08 00:00:00"
"alofm540011mbgo","2023-11-08 00:00:00"
"max30054clbkgld","2023-11-21 00:00:00"
"kic52532cpzbk","2023-11-07 00:00:00"
"kic52533cpzwh","2023-11-07 00:00:00"
"kic52556cpz","2023-11-07 00:00:00"
"kic52560cpzwh","2023-11-07 00:00:00"
"kic52566cpzbk","2023-11-07 00:00:00"
"kic52567cpzgrg","2023-11-07 00:00:00"
"kic52567cpzwh","2023-11-07 00:00:00"
"kic52569cpzbk","2023-11-07 00:00:00"
"kic52569cpzwh","2023-11-07 00:00:00"
"kic52565cpzbk","2023-11-07 00:00:00"
"hun13064","2024-04-09 00:00:00"
"hun13074","2023-11-19 00:00:00"
"hun19684","2024-03-06 00:00:00"
"hun19843","2024-03-06 00:00:00"
"gol3306ba2absf","2023-11-16 00:00:00"
"alopd348022pnpg","2023-11-06 00:00:00"
"alopd348114pnpg","2023-11-06 00:00:00"
"alowv348218pnpg","2023-11-06 00:00:00"
"alowv348224pnpg","2023-11-06 00:00:00"
"alowv348218pnop","2023-11-06 00:00:00"
"alowv320323ub","2023-11-06 00:00:00"
"alowv348218ubpg","2023-11-06 00:00:00"
"alowv348224ubpg","2023-11-06 00:00:00"
"alowv348218ubop","2023-11-06 00:00:00"
"alowv348224ubop","2023-11-06 00:00:00"
"alopd320313vb","2023-11-06 00:00:00"
"alowv348218vbpg","2023-11-06 00:00:00"
"alowv348224vbpg","2023-11-06 00:00:00"
"alopd348022vbop","2023-11-06 00:00:00"
"alowv348218vbop","2023-11-06 00:00:00"
"alowv348224vbop","2023-11-06 00:00:00"
"afxanp3044l5ajudsnlw","2023-11-03 00:00:00"
"kic59137bkt","2023-11-20 00:00:00"
"kic59142bkt","2023-11-20 00:00:00"
"vcscv1032bbs","2024-01-25 00:00:00"
"vcsdjf1011nvy","2024-03-13 00:00:00"
"vcsep1221mbkbbs","2024-01-31 00:00:00"
"sea3164205112","2023-11-29 00:00:00"
"sea4154301962","2023-11-17 00:00:00"
"sea4665002112","2024-01-15 00:00:00"
"sea4157101848","2024-01-19 00:00:00"
"far102344","2023-12-30 00:00:00"
"far101270","2023-12-30 00:00:00"
"far102601","2023-12-13 00:00:00"
"crystal8003","2023-11-29 00:00:00"
"crystal8005","2023-11-29 00:00:00"
"crystal8006","2023-11-29 00:00:00"
"crystal8007","2023-11-29 00:00:00"
"farw205698","2023-11-01 00:00:00"
"farw205705","2023-11-01 00:00:00"
"farw205718","2023-11-01 00:00:00"
"farw205726","2023-11-01 00:00:00"
"far217395","2023-11-08 00:00:00"
"far217740","2023-11-07 00:00:00"
"far219514","2023-11-20 00:00:00"
"far112174","2023-11-03 00:00:00"
"far231254","2023-11-08 00:00:00"
"far231290","2023-11-23 00:00:00"
"far231313","2023-11-08 00:00:00"
"far232507","2023-11-16 00:00:00"
"far232512","2023-11-01 00:00:00"
"far217334","2023-11-23 00:00:00"
"far235221","2023-12-30 00:00:00"
"far235233","2023-11-12 00:00:00"
"farw232668","2023-11-01 00:00:00"
"crystalw8065","2024-01-31 00:00:00"
"far233540","2023-12-01 00:00:00"
"far231400","2023-11-08 00:00:00"
"far231411","2023-12-01 00:00:00"
"farw232997","2023-11-01 00:00:00"
"farw233019","2023-11-01 00:00:00"
"crystal8469","2023-12-07 00:00:00"
"crystal8474","2023-12-07 00:00:00"
"crystal8476","2023-11-29 00:00:00"
"crystalw8477","2023-12-07 00:00:00"
"crystal8478","2023-12-07 00:00:00"
"crystal8482","2023-11-29 00:00:00"
"crystalw8483","2023-12-07 00:00:00"
"crystal8487","2023-12-07 00:00:00"
"crystal8498","2023-11-29 00:00:00"
"crystal8502","2023-11-29 00:00:00"
"crystal8503","2023-11-29 00:00:00"
"crystal8504","2023-11-29 00:00:00"
"crystal8505","2023-11-29 00:00:00"
"crystal8506","2023-11-29 00:00:00"
"farw239811","2023-11-23 00:00:00"
"far251120","2023-11-06 00:00:00"
"far244816","2023-11-01 00:00:00"
"far245473","2023-12-30 00:00:00"
"far252437","2023-11-07 00:00:00"
"far252440","2023-11-07 00:00:00"
"far252455","2023-11-07 00:00:00"
"far252463","2023-11-07 00:00:00"
"far252470","2023-11-07 00:00:00"
"far252472","2023-11-07 00:00:00"
"far252474","2023-11-07 00:00:00"
"far252479","2023-11-07 00:00:00"
"far252480","2023-11-07 00:00:00"
"far252482","2023-11-07 00:00:00"
"far252665","2023-11-16 00:00:00"
"avamadisonv36to","2023-11-18 00:00:00"
"avamoderov60wt","2023-11-18 00:00:00"
"avamoderov60cg","2023-11-18 00:00:00"
"avamasonv48wtg","2023-11-18 00:00:00"
"avamasonvs49wtgc","2023-11-18 00:00:00"
"ava170512mc22wtg","2023-11-18 00:00:00"
"avabrooksv42nb","2023-11-18 00:00:00"
"kovp591084","2024-02-20 00:00:00"
"kovp1234066l","2023-11-22 00:00:00"
"klc500651mg","2023-12-20 00:00:00"
"murol8701orb","2024-01-15 00:00:00"
"out869366","2023-11-13 00:00:00"
"utt24641","2023-12-27 00:00:00"
"sea7728002en3962","2023-10-31 00:00:00"
"min6368613","2023-12-26 00:00:00"
"kic49687bk","2023-12-27 00:00:00"
"kic49831wh","2023-12-27 00:00:00"
"kic15236tzt","2023-12-27 00:00:00"
"kic15268az","2024-01-22 00:00:00"
"kic15310azt","2023-11-20 00:00:00"
"kic15315azt","2023-10-28 00:00:00"
"kic15315bkt","2023-10-28 00:00:00"
"kic15423azt","2023-12-27 00:00:00"
"kic15457azt","2023-11-20 00:00:00"
"kic15470bkt","2023-11-06 00:00:00"
"kic15815azt27r","2023-12-27 00:00:00"
"kic15815azt30r","2023-12-27 00:00:00"
"kic15844bkt","2023-11-27 00:00:00"
"kic15844cbr","2023-11-06 00:00:00"
"kic15846azt","2023-12-27 00:00:00"
"kic15846bkt","2023-12-27 00:00:00"
"kic300027nbr","2023-11-08 00:00:00"
"kic42525oz","2023-12-18 00:00:00"
"kic43537ni","2023-11-08 00:00:00"
"kic45568ni","2023-12-01 00:00:00"
"kic49687oz","2023-12-27 00:00:00"
"kic49689oz","2023-11-20 00:00:00"
"kic49716oz","2023-11-07 00:00:00"
"kic49747wzc","2023-12-27 00:00:00"
"kic49775bk","2023-12-27 00:00:00"
"kic49864wzc","2023-12-18 00:00:00"
"kic9032bkt","2023-11-06 00:00:00"
"kic9034bkt","2023-10-27 00:00:00"
"kic9236az","2023-11-27 00:00:00"
"kic9244az","2023-10-28 00:00:00"
"kic9244bk","2023-10-28 00:00:00"
"kic9246bk","2024-01-09 00:00:00"
"kic9356bkt","2023-12-27 00:00:00"
"kic9559bkt","2023-12-27 00:00:00"
"kic9777bk","2024-01-09 00:00:00"
"murol15203anbz","2023-12-01 00:00:00"
"murf33255adb","2024-01-31 00:00:00"
"kic300031sbk","2023-11-08 00:00:00"
"kic42046nbr","2023-12-01 00:00:00"
"kic43035dag","2023-12-01 00:00:00"
"kic43038dag","2023-11-07 00:00:00"
"kovp1153609l","2023-11-07 00:00:00"
"min824281l","2024-01-01 00:00:00"
"genkf1034mbk","2023-11-17 00:00:00"
"genkwl1012bbs","2023-12-12 00:00:00"
"kic16100gry27","2024-01-22 00:00:00"
"kic16101sd27","2024-01-22 00:00:00"
"kic16102cbr30","2024-01-22 00:00:00"
"hun59608","2023-12-01 00:00:00"
"sea8690901en312","2023-11-14 00:00:00"
"kic15064azt","2023-11-20 00:00:00"
"kic15241bkt","2023-12-27 00:00:00"
"kic15494azt","2023-12-27 00:00:00"
"kic16151bkt27","2023-11-13 00:00:00"
"hun59628","2023-12-12 00:00:00"
"hun25150","2023-11-10 00:00:00"
"hun99703","2023-11-10 00:00:00"
"hun99713","2023-11-10 00:00:00"
"metn700408","2024-02-21 00:00:00"
"metn850220","2024-02-21 00:00:00"
"minf696wh","2023-11-17 00:00:00"
"kic15384azt24","2023-11-20 00:00:00"
"kovp477077","2024-01-17 00:00:00"
"utt25148","2023-11-12 00:00:00"
"kic55000bk","2023-12-01 00:00:00"
"kic44050ni","2023-12-01 00:00:00"
"gol0508mmbsvmg","2023-12-12 00:00:00"
"kic52033pn","2023-12-01 00:00:00"
"kic4u27k22wht","2023-11-13 00:00:00"
"kic4u30k08wht","2023-11-13 00:00:00"
"kic4u30k22bzt","2023-11-13 00:00:00"
"kic6ucsk12wht","2023-12-27 00:00:00"
"kic6ucsk22wht","2023-12-27 00:00:00"
"sea75435en315","2024-03-08 00:00:00"
"sea8560702pmen315","2023-10-31 00:00:00"
"sea864770104t","2023-10-31 00:00:00"
"sea872015","2024-01-25 00:00:00"
"genep1221mwtbbs","2024-02-21 00:00:00"
"hun19725","2023-11-19 00:00:00"
"zlt2300p12rb","2024-02-14 00:00:00"
"zlt340p12mb","2023-11-17 00:00:00"
"kic15800bkt27r","2023-11-27 00:00:00"
"kic6t1100h50wh","2023-12-01 00:00:00"
"kic6t110h30wh","2023-12-01 00:00:00"
"kic6t110s30wh","2023-12-01 00:00:00"
"kic6t116s27wh","2023-12-01 00:00:00"
"kic6t116s30wh","2023-12-01 00:00:00"
"uttw00543","2023-12-26 00:00:00"
"zlt30384rb","2023-11-16 00:00:00"
"max2889gl","2023-11-21 00:00:00"
"gol3602ba4blkgy","2024-02-16 00:00:00"
"utt22905","2023-12-14 00:00:00"
"kic55150cpz","2023-11-07 00:00:00"
"kic55164pn","2023-11-07 00:00:00"
"uttw261181","2023-11-24 00:00:00"
"utt22910","2023-11-28 00:00:00"
"utt23820","2023-12-26 00:00:00"
"afxaxlv2404lajudsb","2024-02-23 00:00:00"
"vcsaf1173txw","2023-12-26 00:00:00"
"vcscv1031pn","2024-02-28 00:00:00"
"vcsdjp1101bs","2024-02-07 00:00:00"
"vcsol14400txb","2024-03-01 00:00:00"
"sea4468104112","2023-12-06 00:00:00"
"sea4565002848","2023-11-28 00:00:00"
"sea5692605112","2024-01-25 00:00:00"
"sea6577101112","2023-12-07 00:00:00"
"sea6577101en3848","2023-10-31 00:00:00"
"sea6677101en3848","2023-11-28 00:00:00"
"far246203","2023-12-20 00:00:00"
"far218937","2023-12-27 00:00:00"
"far233106","2024-01-22 00:00:00"
"far233109","2023-11-20 00:00:00"
"far233135","2023-12-27 00:00:00"
"far233151","2023-11-06 00:00:00"
"far233178","2023-12-27 00:00:00"
"far233179","2023-12-27 00:00:00"
"far233195","2023-11-27 00:00:00"
"far233196","2023-11-06 00:00:00"
"far233198","2023-12-27 00:00:00"
"far233199","2023-12-27 00:00:00"
"far217561","2023-12-18 00:00:00"
"far218871","2023-12-27 00:00:00"
"far218891","2023-11-07 00:00:00"
"far218916","2023-12-27 00:00:00"
"far218960","2023-12-18 00:00:00"
"far219418","2023-11-06 00:00:00"
"far233268","2023-11-27 00:00:00"
"far233269","2023-10-28 00:00:00"
"far233271","2023-10-28 00:00:00"
"far233275","2024-01-09 00:00:00"
"far219446","2023-12-27 00:00:00"
"far219512","2024-01-09 00:00:00"
"far217113","2023-11-08 00:00:00"
"far217455","2023-12-01 00:00:00"
"far217649","2023-12-01 00:00:00"
"far233302","2024-01-22 00:00:00"
"far233314","2024-01-22 00:00:00"
"far233321","2024-01-22 00:00:00"
"far233355","2023-11-20 00:00:00"
"far233371","2023-12-27 00:00:00"
"far233398","2023-12-27 00:00:00"
"far233627","2023-11-20 00:00:00"
"far239715","2023-12-01 00:00:00"
"far239845","2023-12-01 00:00:00"
"far245963","2023-12-12 00:00:00"
"far251145","2023-12-01 00:00:00"
"far251217","2023-11-13 00:00:00"
"far251221","2023-11-13 00:00:00"
"far251224","2023-11-13 00:00:00"
"far251236","2023-12-27 00:00:00"
"far251239","2023-12-27 00:00:00"
"far251247","2023-11-27 00:00:00"
"far251354","2023-12-01 00:00:00"
"far251356","2023-12-01 00:00:00"
"far250503","2023-12-26 00:00:00"
"far251775","2024-02-16 00:00:00"
"far252412","2023-11-07 00:00:00"
"far252426","2023-11-07 00:00:00"
"far253014","2023-11-24 00:00:00"
"liv562607","2023-11-21 00:00:00"
"liv651848","2023-12-30 00:00:00"
"sea79136en312","2023-10-31 00:00:00"
"kic15774azt30r","2023-12-25 00:00:00"
"kic2693oz","2023-12-04 00:00:00"
"kic43363nbr","2023-12-25 00:00:00"
"kic43637ni","2023-11-09 00:00:00"
"kic43640ni","2023-11-03 00:00:00"
"kic43850ni","2023-10-31 00:00:00"
"kic43998ni","2023-10-28 00:00:00"
"kic45297ch","2023-12-25 00:00:00"
"kic45882ni","2023-11-16 00:00:00"
"kic45895ni","2023-11-15 00:00:00"
"kic49298bktled","2023-12-25 00:00:00"
"kic49496ba","2023-12-25 00:00:00"
"kic49919bk","2023-12-25 00:00:00"
"kic5099ch","2023-11-06 00:00:00"
"kic5338tzs","2023-11-13 00:00:00"
"kic9040bk","2023-12-04 00:00:00"
"kic9564ld","2023-12-25 00:00:00"
"kic9704oz","2023-12-25 00:00:00"
"kic9707oz","2023-11-17 00:00:00"
"kic9709oz","2023-12-25 00:00:00"
"kic9776wh","2023-11-06 00:00:00"
"mursf350adb","2023-12-01 00:00:00"
"kic42955oz","2023-11-13 00:00:00"
"kic45129bk","2023-11-06 00:00:00"
"et2e2321090wt","2023-12-03 00:00:00"
"kic42196bk","2023-12-25 00:00:00"
"kic42955bk","2023-11-13 00:00:00"
"kic59035bkled","2023-12-25 00:00:00"
"kic15784cbr","2023-12-25 00:00:00"
"hun59470","2023-11-20 00:00:00"
"kic15765wht27r","2023-12-25 00:00:00"
"kic15782bkt30r","2023-12-25 00:00:00"
"kic16110bkt30","2023-12-25 00:00:00"
"kic16150bkt30","2023-12-25 00:00:00"
"kic16209azt30","2023-11-13 00:00:00"
"kic16217azt30","2023-11-13 00:00:00"
"kic16220azt30","2023-11-13 00:00:00"
"kic52304bk","2023-10-31 00:00:00"
"kic52314bnb","2023-11-13 00:00:00"
"mondr12rzw","2023-11-03 00:00:00"
"kic43498nbr","2023-12-13 00:00:00"
"kic43498pn","2023-12-25 00:00:00"
"kic52410pn","2023-11-13 00:00:00"
"kic52427bk","2023-12-25 00:00:00"
"kic8109tz","2023-12-25 00:00:00"
"kic8110tz","2023-12-04 00:00:00"
"kic8112oz","2023-12-25 00:00:00"
"kic9611oz","2023-10-27 00:00:00"
"alg031250041fr001","2023-12-07 00:00:00"
"alg031251041fr001","2023-12-07 00:00:00"
"alg031551039","2023-12-07 00:00:00"
"alg031552039","2023-12-07 00:00:00"
"alg031221041fr001","2023-12-07 00:00:00"
"alg031521039","2023-12-07 00:00:00"
"max12244ofsbr","2023-11-09 00:00:00"
"vaxt0467","2023-11-15 00:00:00"
"max10205clsn","2023-12-03 00:00:00"
"max10064ftbk","2023-11-13 00:00:00"
"kic45390ni","2023-11-17 00:00:00"
"kic16171bkt27","2023-12-25 00:00:00"
"kic45391bk","2023-12-25 00:00:00"
"kic45390bk","2023-12-25 00:00:00"
"kic45666ch","2023-11-13 00:00:00"
"kic45665bk","2023-11-13 00:00:00"
"kic45666bk","2023-11-13 00:00:00"
"kic59106oz","2023-12-25 00:00:00"
"kic59107bk","2023-12-25 00:00:00"
"kic4u27k22bzt","2023-11-13 00:00:00"
"kic4u30k30bzt","2023-11-13 00:00:00"
"genksw1081pngw","2024-03-01 00:00:00"
"kic15821bkt30","2023-12-25 00:00:00"
"liv4542748","2023-12-30 00:00:00"
"kuzvl61638ch","2023-12-13 00:00:00"
"kuzpd22332bk","2023-10-31 00:00:00"
"kuzpd22339bk","2023-11-17 00:00:00"
"kuz492332bkgd","2023-12-16 00:00:00"
"alolp317448vb","2023-10-31 00:00:00"
"alowv316401ubms","2023-12-09 00:00:00"
"alowv316402vbms","2023-10-31 00:00:00"
"alowv316501ubms","2023-12-30 00:00:00"
"kuzpd41304bn","2023-12-13 00:00:00"
"kuzpd41305bn","2024-01-01 00:00:00"
"kuzpd13124wh","2023-10-31 00:00:00"
"kuz70234bn","2023-11-08 00:00:00"
"kuz70234ch","2024-01-27 00:00:00"
"kuzfm43311wh","2023-11-08 00:00:00"
"kuzws8318ch","2024-01-06 00:00:00"
"alopd311025ubbg","2024-02-10 00:00:00"
"alopd311025vbbg","2024-02-10 00:00:00"
"alopd311030vbwg","2024-02-10 00:00:00"
"kuz401432bkled","2023-10-31 00:00:00"
"kuzew71403bk","2023-11-08 00:00:00"
"kuzew71412bk","2023-12-13 00:00:00"
"kuzch87824bk","2024-01-27 00:00:00"
"kuzpd87132wh","2024-02-08 00:00:00"
"kuzpd87136bg","2023-11-06 00:00:00"
"kuzpd87736bk","2023-11-17 00:00:00"
"kuzpd1706bk","2023-11-08 00:00:00"
"kuzlp14935wh","2023-10-31 00:00:00"
"kuzmp14919bk","2023-12-13 00:00:00"
"kuzmp14924bk","2023-12-21 00:00:00"
"kuzmp14932bk","2023-11-06 00:00:00"
"kuzws14947wh","2024-02-08 00:00:00"
"kuzep48224bk","2023-10-31 00:00:00"
"kuzep48232bk","2023-12-13 00:00:00"
"kuzew48205bk","2023-10-31 00:00:00"
"kuzws22915bkwh","2023-10-31 00:00:00"
"kuzfm7920be","2023-11-08 00:00:00"
"kuzfm7920bor","2023-11-08 00:00:00"
"kuzfm7920wh","2023-10-31 00:00:00"
"kuzpd7920bor","2023-11-08 00:00:00"
"kuzpd7920wh","2023-10-31 00:00:00"
"kuzws41216bkgl","2023-11-06 00:00:00"
"kuzws16806wh","2023-11-17 00:00:00"
"kuz492716bkgd","2024-01-27 00:00:00"
"kuzch19933bk","2024-01-30 00:00:00"
"kuzpd15519bk","2024-01-27 00:00:00"
"kuzpd70610clbg","2023-12-21 00:00:00"
"kuzfm43916bkwh","2023-10-31 00:00:00"
"kuzfm43916whgd","2023-11-08 00:00:00"
"kuzfm43916whwt","2023-10-31 00:00:00"
"kuzfm43920bkwh","2023-10-31 00:00:00"
"kuzfm43920bkwt","2023-12-14 00:00:00"
"kuzws18901bk","2023-10-31 00:00:00"
"kuzws18901wh","2023-11-22 00:00:00"
"kuzvl60220bk","2023-11-08 00:00:00"
"kuzvl60224ch","2024-01-01 00:00:00"
"kuzvl60236bk","2024-01-03 00:00:00"
"kuzvl60236ch","2023-12-24 00:00:00"
"kuz501102bgled","2024-02-07 00:00:00"
"kuz501102led","2023-11-08 00:00:00"
"alomp301003mb","2023-11-10 00:00:00"
"kuz41083b","2023-11-08 00:00:00"
"kuzpd22735bk","2023-12-16 00:00:00"
"kuz60331","2023-11-08 00:00:00"
"kuzvl62220bk","2023-11-08 00:00:00"
"kuzvl62220ch","2023-11-08 00:00:00"
"kuz41411bn","2023-11-08 00:00:00"
"kuzec19404wh","2023-12-13 00:00:00"
"kuzpd21703bk","2023-10-31 00:00:00"
"kuzpd21703bn","2023-12-13 00:00:00"
"kuz601001bnled","2023-11-08 00:00:00"
"kuz601001chled","2023-11-08 00:00:00"
"kuz601002bkled","2023-12-13 00:00:00"
"kuzvl0118bk","2023-12-13 00:00:00"
"kuzws83421gd","2023-12-25 00:00:00"
"kuzvl61236bk","2023-11-17 00:00:00"
"kuztr10006bk","2024-01-30 00:00:00"
"kuztr10031bn","2023-12-23 00:00:00"
"kuztr10036bn","2024-02-08 00:00:00"
"kuzlp90838bk","2023-12-09 00:00:00"
"kuzvl63724bn","2023-12-13 00:00:00"
"kuzws8418bn","2023-12-28 00:00:00"
"kuz494603bk","2023-11-08 00:00:00"
"kuz494502mbk","2023-11-08 00:00:00"
"kuz401215bkled","2023-12-28 00:00:00"
"kuzew7024gh","2023-11-08 00:00:00"
"kuzfm11414wh","2023-10-31 00:00:00"
"kuzws84218bk","2023-11-17 00:00:00"
"kuzch72225bk","2024-01-27 00:00:00"
"kuzvl72213bk","2023-12-13 00:00:00"
"kuzpd7716ch","2023-11-06 00:00:00"
"kuzpd7721bn","2023-12-21 00:00:00"
"kuzpd88148bk","2024-01-17 00:00:00"
"kuzpd88160wh","2024-01-27 00:00:00"
"kuz601471bkled","2023-10-31 00:00:00"
"kuzpd42502ch","2023-11-08 00:00:00"
"kuzvl17024bk","2023-11-22 00:00:00"
"kuzpd12506sm","2023-12-28 00:00:00"
"kuzat6510bk","2023-11-08 00:00:00"
"kuzer3003bk","2023-11-08 00:00:00"
"kuzer3003bn","2023-11-08 00:00:00"
"kuzer3003bn12v","2024-01-27 00:00:00"
"kuz601485bkled","2024-01-27 00:00:00"
"kuzec18705bk","2023-12-28 00:00:00"
"kuzpd62014bksm","2023-11-06 00:00:00"
"kuzew53916bk","2023-11-08 00:00:00"
"kuzpd11119an","2024-02-04 00:00:00"
"kuzpd11119as","2024-02-04 00:00:00"
"alopl307912vbcl","2024-01-04 00:00:00"
"kuz493206bkgd","2023-12-18 00:00:00"
"kuz493210whgd","2023-11-08 00:00:00"
"kuzmp10305wh","2024-02-08 00:00:00"
"alopd325106vbar","2024-01-13 00:00:00"
"alofm325108vbar","2023-10-31 00:00:00"
"alowv325326pnar","2024-01-04 00:00:00"
"kuzfm44614bkwh","2023-12-15 00:00:00"
"kuzpd62622bklg","2023-12-13 00:00:00"
"kuzpd62511bklg","2024-01-30 00:00:00"
"kuzpd62511bglg","2024-01-30 00:00:00"
"kuzws62524bklg","2024-01-30 00:00:00"
"kuzws62629bklg","2023-11-17 00:00:00"
"kuzel17610bk","2023-11-10 00:00:00"
"kuzel17614bk","2023-11-10 00:00:00"
"aloch335836mbcr","2024-02-08 00:00:00"
"aloch335836vbcr","2024-02-08 00:00:00"
"zlt4500p8mb","2023-11-28 00:00:00"
"kic52520bnb","2023-12-08 00:00:00"
"kic52505pn","2023-12-25 00:00:00"
"kic55140bnb","2023-12-25 00:00:00"
"kic52518bk","2023-12-25 00:00:00"
"kic16193bktnl","2023-12-25 00:00:00"
"alofm554011mb","2023-12-09 00:00:00"
"alofm554211agmb","2023-11-10 00:00:00"
"alofm554215agmb","2023-10-31 00:00:00"
"alofm554215agwh","2023-11-10 00:00:00"
"alopd532312agcl","2023-12-16 00:00:00"
"alopd530341bnop","2023-11-17 00:00:00"
"alopd530341mbop","2023-11-17 00:00:00"
"alopd531515agop","2023-10-31 00:00:00"
"aloch549640agop","2023-12-21 00:00:00"
"alosf549315agop","2023-10-31 00:00:00"
"alowv549220agop","2023-12-16 00:00:00"
"alopd506108agcl","2024-01-17 00:00:00"
"alosf517112mbcl","2023-11-06 00:00:00"
"alopd470514bggo","2023-10-31 00:00:00"
"alowv470108bggo","2023-12-13 00:00:00"
"alopd504016ag","2023-11-17 00:00:00"
"alopd507216agop","2023-12-09 00:00:00"
"alopd402513gdop","2023-12-09 00:00:00"
"alovl524217agcl","2023-11-08 00:00:00"
"alovl524217agop","2023-11-08 00:00:00"
"alovl524326chop","2023-11-08 00:00:00"
"alovl524326mbop","2023-11-08 00:00:00"
"alopd435605mbcr","2023-11-22 00:00:00"
"alopd440814mbgo","2023-12-28 00:00:00"
"alopd546719agwl","2023-11-22 00:00:00"
"alopd550336mbag","2023-10-31 00:00:00"
"alopd550545whag","2023-11-17 00:00:00"
"alowv628107mbop","2023-11-06 00:00:00"
"alofm522012agop","2023-12-28 00:00:00"
"alopd401606mbcl","2023-12-19 00:00:00"
"alofm553211agmb","2023-12-09 00:00:00"
"alopd547924mbwl","2023-11-08 00:00:00"
"aloch548518mbsm","2023-10-31 00:00:00"
"aloch548637mbcl","2023-11-08 00:00:00"
"alowv548006bgcl","2023-11-17 00:00:00"
"alowv548006mbop","2023-12-09 00:00:00"
"et2e24211122sn","2023-12-14 00:00:00"
"kuz49108bkgd","2023-11-08 00:00:00"
"kuzws3309","2023-12-28 00:00:00"
"kuzws13760bg","2024-01-23 00:00:00"
"kuzch14348bg","2023-11-17 00:00:00"
"aloch302006mbbg","2023-10-31 00:00:00"
"alolp302004mbbg","2023-11-17 00:00:00"
"alowv302003mbbg","2024-02-08 00:00:00"
"kuzvl10337bg","2024-01-03 00:00:00"
"kuzws10336bg","2023-12-15 00:00:00"
"zlt8192vbn","2024-01-11 00:00:00"
"zlt8193vch","2023-11-07 00:00:00"
"zlt350016mb","2024-01-30 00:00:00"
"kuzat6610bg","2023-11-06 00:00:00"
"kuzch24755bg","2023-11-08 00:00:00"
"aloch415331bgop","2023-11-08 00:00:00"
"kuzch96840bk","2023-10-31 00:00:00"
"alofm479020rb","2023-11-08 00:00:00"
"kuzfm58310bkop","2024-01-03 00:00:00"
"kuzlp96840bkbg","2024-01-18 00:00:00"
"kuzpd28515bk","2024-01-23 00:00:00"
"alovl485221mbop","2023-10-31 00:00:00"
"alowv417802bgcr","2023-11-08 00:00:00"
"alopd321716nb","2023-11-17 00:00:00"
"alopd321708nbrt","2024-01-11 00:00:00"
"alopd321708nb","2023-12-29 00:00:00"
"alofm348010pnpg","2023-11-06 00:00:00"
"alowv336717ub","2023-11-08 00:00:00"
"aloch320837ubar","2024-02-10 00:00:00"
"aloch346046ubar","2024-01-27 00:00:00"
"alowv355116ubgo","2024-01-27 00:00:00"
"alopd320313vbar","2024-02-10 00:00:00"
"alofm348010vbpg","2023-12-09 00:00:00"
"alowv355116vbgo","2024-01-27 00:00:00"
"kuztl75514ch","2023-12-16 00:00:00"
"kic59008bkt","2023-12-25 00:00:00"
"afxdexw060612l30mvbk","2023-11-03 00:00:00"
"afxidrv2405lajudsb","2024-01-04 00:00:00"
"kic59112oz","2023-12-25 00:00:00"
"kic59114bkt","2023-12-25 00:00:00"
"kic59118bkt","2023-12-25 00:00:00"
"kic59120bkt","2023-12-25 00:00:00"
"kic59120oz","2023-12-25 00:00:00"
"kic59125bkt","2023-12-25 00:00:00"
"kic59126oz","2023-12-25 00:00:00"
"vcscf1102adb","2023-12-19 00:00:00"
"sea6507401848","2023-12-07 00:00:00"
"far102180","2023-11-21 00:00:00"
"far102386","2023-12-30 00:00:00"
"far233160","2023-12-25 00:00:00"
"far217095","2023-12-04 00:00:00"
"far217797","2023-12-25 00:00:00"
"far217994","2023-10-31 00:00:00"
"far218100","2023-10-28 00:00:00"
"far218359","2023-12-25 00:00:00"
"far218758","2023-12-25 00:00:00"
"far219493","2023-11-17 00:00:00"
"far219511","2023-11-06 00:00:00"
"farw222248","2023-12-01 00:00:00"
"far218336","2023-11-06 00:00:00"
"far217633","2023-11-13 00:00:00"
"far233425","2023-12-25 00:00:00"
"far233432","2023-12-25 00:00:00"
"far233519","2023-12-25 00:00:00"
"far233589","2023-11-13 00:00:00"
"far233595","2023-11-13 00:00:00"
"far219245","2023-10-31 00:00:00"
"far500062","2023-11-03 00:00:00"
"far233685","2023-12-13 00:00:00"
"far233686","2023-12-25 00:00:00"
"far233759","2023-11-13 00:00:00"
"far233780","2023-12-25 00:00:00"
"far233904","2023-12-25 00:00:00"
"far233906","2023-12-04 00:00:00"
"crystal9061","2023-12-07 00:00:00"
"crystal9062","2023-12-07 00:00:00"
"crystal9067","2023-12-07 00:00:00"
"crystal9068","2023-12-07 00:00:00"
"crystal9214","2023-12-07 00:00:00"
"crystal9217","2023-12-07 00:00:00"
"far249976","2023-11-15 00:00:00"
"far239729","2023-11-17 00:00:00"
"far239809","2023-12-25 00:00:00"
"far239784","2023-12-25 00:00:00"
"far251138","2023-11-13 00:00:00"
"far251139","2023-11-13 00:00:00"
"far251207","2023-12-25 00:00:00"
"far251208","2023-12-25 00:00:00"
"far251216","2023-11-13 00:00:00"
"far251252","2023-12-25 00:00:00"
"far245196","2023-12-30 00:00:00"
"far249824","2023-12-08 00:00:00"
"far249854","2023-12-25 00:00:00"
"far249861","2023-12-25 00:00:00"
"far249890","2023-12-25 00:00:00"
"far249906","2023-12-25 00:00:00"
"alg026941010fr001","2023-12-07 00:00:00"
"cas59149","2024-02-12 00:00:00"
"crw8001c36c","2023-12-07 00:00:00"
"hun51059","2023-11-20 00:00:00"
"hun59219","2024-01-01 00:00:00"
"liv214107","2023-12-20 00:00:00"
"sea3115203962","2024-01-15 00:00:00"
"utt21801","2023-10-29 00:00:00"
"murol5424bk","2024-01-05 00:00:00"
"crw1026p418193","2023-12-07 00:00:00"
"crw1044p32601r3c","2023-12-07 00:00:00"
"crw1090p4010620o","2023-12-07 00:00:00"
"crw7148w4103s","2023-12-07 00:00:00"
"kic44035ni","2023-10-28 00:00:00"
"kic44035oz","2023-10-28 00:00:00"
"kic2713ni","2023-11-07 00:00:00"
"kic44029ni","2023-10-30 00:00:00"
"kic44032ni","2023-10-28 00:00:00"
"kic44033ni","2023-10-28 00:00:00"
"kic44033oz","2023-10-28 00:00:00"
"kic44053ni","2023-11-04 00:00:00"
"kic45582nbr","2023-11-07 00:00:00"
"kic45886ni","2023-10-28 00:00:00"
"kic45887ni","2023-11-04 00:00:00"
"crw1125p3610268","2023-12-07 00:00:00"
"crw1147p456101","2023-12-07 00:00:00"
"utt22183","2023-11-14 00:00:00"
"gol3306ba2blkop","2023-11-22 00:00:00"
"kic43998bk","2023-10-30 00:00:00"
"kic44030bk","2023-10-28 00:00:00"
"kic44034bk","2023-11-04 00:00:00"
"kic45887bk","2023-11-01 00:00:00"
"kic49990oz","2023-11-07 00:00:00"
"kic52152bk","2023-11-04 00:00:00"
"max21529sn","2023-12-06 00:00:00"
"hun50394","2024-01-08 00:00:00"
"sea4430704en3112","2023-10-31 00:00:00"
"sea6634506en710","2023-10-31 00:00:00"
"sea883170212","2023-11-07 00:00:00"
"sea442160405","2024-03-06 00:00:00"
"sea4430804962","2023-11-27 00:00:00"
"sea4430804en962","2023-12-04 00:00:00"
"liv755114","2023-11-29 00:00:00"
"alg031950010fr001","2024-01-12 00:00:00"
"max11262bksbr","2023-12-06 00:00:00"
"monmc260mbk","2024-01-11 00:00:00"
"hun22727","2023-11-10 00:00:00"
"metn950093","2024-02-21 00:00:00"
"kic52420bnb","2023-11-07 00:00:00"
"max12243ofsbr","2023-11-09 00:00:00"
"max66926bk","2023-12-03 00:00:00"
"crw0414w101101","2023-12-07 00:00:00"
"out9334661","2023-11-29 00:00:00"
"mon5aspr70agp","2023-12-06 00:00:00"
"ele2500d48c","2023-11-03 00:00:00"
"hun19173","2023-12-23 00:00:00"
"crw5562c16cclear","2023-12-07 00:00:00"
"crw9633p161101","2023-12-07 00:00:00"
"crw9807p396116","2023-11-08 00:00:00"
"hun19152","2023-12-23 00:00:00"
"max58724wtbk","2023-12-03 00:00:00"
"gol60684pblk","2023-12-11 00:00:00"
"max89866wt","2023-10-30 00:00:00"
"sea5141501112","2023-11-17 00:00:00"
"sea8994112","2023-11-07 00:00:00"
"gencc1458bbs","2023-12-29 00:00:00"
"genksf1036bbscg","2023-12-18 00:00:00"
"genlf1002twb","2023-12-04 00:00:00"
"min2541726","2023-12-13 00:00:00"
"kuzlp18648bk","2023-11-17 00:00:00"
"kuzvl18536bn","2023-11-17 00:00:00"
"kuzvl52727wt","2023-11-17 00:00:00"
"kuzvl63624bk","2023-11-10 00:00:00"
"kuzvl63636bk","2023-11-10 00:00:00"
"kuzws16811lwh","2023-11-17 00:00:00"
"kuzws16811rbk","2023-11-17 00:00:00"
"kuzws16811rwh","2023-11-17 00:00:00"
"kuzpd19359an","2023-11-17 00:00:00"
"kuzws25336bn","2023-11-17 00:00:00"
"kuzch93824bk","2023-11-17 00:00:00"
"kuzlp93742an","2023-11-17 00:00:00"
"kuzvl18248wh","2023-11-17 00:00:00"
"kuzws18224wh","2023-11-17 00:00:00"
"kic52402bnb","2023-11-07 00:00:00"
"kic52510bnb","2023-11-07 00:00:00"
"kic52544pn","2023-11-07 00:00:00"
"alofm506108agop","2023-11-17 00:00:00"
"alopd401606agcl","2023-11-10 00:00:00"
"max40914clacpbo","2023-11-16 00:00:00"
"utt25268","2023-11-27 00:00:00"
"vaxf0107","2023-11-10 00:00:00"
"aloch450715mb","2023-11-17 00:00:00"
"aloch607225ag","2023-11-10 00:00:00"
"kuzlp73048bk","2023-11-17 00:00:00"
"kuzlp73073bg","2023-11-17 00:00:00"
"kuzpd76312bkop","2023-11-10 00:00:00"
"kuzpd76708bk","2023-11-10 00:00:00"
"kuzpd76712bk","2023-11-10 00:00:00"
"kuzpd81511bk","2023-11-17 00:00:00"
"alovl416102wb","2023-11-10 00:00:00"
"kic52588cpz","2023-11-07 00:00:00"
"kic52600cpz","2023-11-07 00:00:00"
"kic55159cpz","2023-11-07 00:00:00"
"kic52532cpzwh","2023-11-07 00:00:00"
"kic52568cpzbk","2023-11-07 00:00:00"
"hun19872","2024-02-04 00:00:00"
"gol3306ba1absf","2023-11-16 00:00:00"
"gol3306ba1blksf","2023-11-16 00:00:00"
"gol3306ba1chsf","2023-11-16 00:00:00"
"gol3306ba1pwsf","2023-11-16 00:00:00"
"gol3306ba2blksf","2023-11-16 00:00:00"
"gol3306sblksf","2023-11-16 00:00:00"
"gol3306spwsf","2023-11-16 00:00:00"
"afxatv240520l30d1snwh","2024-02-02 00:00:00"
"afxces111214lajudpc","2023-12-15 00:00:00"
"afxharw0512l30d1bk","2023-12-18 00:00:00"
"afxmns131810lajd1rb","2024-02-02 00:00:00"
"vcsdjt1081sb1","2024-02-07 00:00:00"
"vcsep1341ai","2024-01-19 00:00:00"
"vcsol13209txb","2024-02-12 00:00:00"
"sea4565002112","2023-12-15 00:00:00"
"sea6680301112","2023-11-28 00:00:00"
"crystal8657","2023-12-07 00:00:00"
"far100491","2023-12-20 00:00:00"
"far239881","2023-10-29 00:00:00"
"crystal7367","2023-12-07 00:00:00"
"far218131","2023-10-28 00:00:00"
"far218132","2023-10-28 00:00:00"
"far217096","2023-11-07 00:00:00"
"far218113","2023-10-30 00:00:00"
"far218122","2023-10-28 00:00:00"
"far218125","2023-10-28 00:00:00"
"far218126","2023-10-28 00:00:00"
"far218143","2023-11-04 00:00:00"
"farw218488","2023-11-07 00:00:00"
"far218606","2023-10-28 00:00:00"
"far218609","2023-11-04 00:00:00"
"far232506","2023-11-22 00:00:00"
"far218115","2023-10-28 00:00:00"
"far219027","2023-11-07 00:00:00"
"far219174","2023-11-04 00:00:00"
"far235204","2023-11-29 00:00:00"
"crystal8941","2024-01-12 00:00:00"
"far500358","2024-01-11 00:00:00"
"far233776","2023-11-07 00:00:00"
"crystal8485","2023-11-03 00:00:00"
"crystal3310","2023-11-08 00:00:00"
"farw246003","2023-12-11 00:00:00"
"far245763","2023-11-07 00:00:00"
"far249818","2023-11-07 00:00:00"
"far249839","2023-11-07 00:00:00"
"far250956","2023-11-10 00:00:00"
"far252345","2023-11-07 00:00:00"
"far252375","2023-11-07 00:00:00"
"far252433","2023-11-07 00:00:00"
"far252438","2023-11-07 00:00:00"
"far252476","2023-11-07 00:00:00"
"far252661","2023-11-16 00:00:00"
"far252662","2023-11-16 00:00:00"
"far252663","2023-11-16 00:00:00"
"far252664","2023-11-16 00:00:00"
"far252666","2023-11-16 00:00:00"
"far252673","2023-11-16 00:00:00"
"far252674","2023-11-16 00:00:00"
"kic300265dbk","2023-11-14 00:00:00"
"far217171","2023-11-14 00:00:00"
"far253139","2024-01-14 00:00:00"
"hin1850lzll","2024-01-14 00:00:00"
"klc515141ol","2023-12-15 00:00:00"
"alg11704010fr001","2023-12-01 00:00:00"
"alg026940010fr001","2023-12-27 00:00:00"
"alg029440010fr001","2023-12-07 00:00:00"
"klc4650sn","2023-11-09 00:00:00"
"klc9412mb","2023-12-07 00:00:00"
"klc6609ez","2023-12-27 00:00:00"
"klc9411mb","2023-12-07 00:00:00"
"klc312551pn","2023-12-07 00:00:00"
"klc310422wvb","2023-11-30 00:00:00"
"klc310410wvb","2023-12-27 00:00:00"
"sea89805en315","2024-02-14 00:00:00"
"alg012170045fr001","2023-11-20 00:00:00"
"alg032842010fr001","2023-12-07 00:00:00"
"alg033650014fr001","2023-12-07 00:00:00"
"alg030252038","2023-12-07 00:00:00"
"alg030253038","2023-12-07 00:00:00"
"alg030255038","2023-11-20 00:00:00"
"kic42591ni","2023-11-28 00:00:00"
"kic43304oz","2023-11-28 00:00:00"
"kic43674ni","2024-03-21 00:00:00"
"kic43675oz","2023-10-30 00:00:00"
"kic49129dbk","2023-11-28 00:00:00"
"kic9244ba","2024-03-21 00:00:00"
"kic9246az","2024-03-21 00:00:00"
"klc509752wb","2023-12-07 00:00:00"
"genaf1072bbs","2024-02-14 00:00:00"
"gentv1001pn","2023-12-01 00:00:00"
"alg033650050fr001","2023-12-07 00:00:00"
"alg033652050fr001","2023-12-07 00:00:00"
"alg035531010fr001","2023-12-07 00:00:00"
"alg035553010fr001","2023-12-07 00:00:00"
"kic330174sbk","2023-11-08 00:00:00"
"klc513133bnb","2023-12-07 00:00:00"
"klc512111wb","2023-12-07 00:00:00"
"zlt490p14bn","2024-01-01 00:00:00"
"zlt585phmr533pmbkled","2023-11-23 00:00:00"
"zlt585phmr567pbkled","2023-11-23 00:00:00"
"zlt585phmrbkled","2023-11-23 00:00:00"
"sea4421604112","2023-11-17 00:00:00"
"utt284371","2023-11-10 00:00:00"
"klc315922nrb","2023-11-09 00:00:00"
"klc315951nrb","2023-11-20 00:00:00"
"alg030234010","2023-12-07 00:00:00"
"mindr524sl","2023-11-02 00:00:00"
"alg037621038fr001","2023-11-20 00:00:00"
"alg037655038fr001","2023-11-20 00:00:00"
"alg037656038fr001","2023-11-20 00:00:00"
"alg11807010fr001","2023-12-07 00:00:00"
"gol3164fmblkhwg","2023-12-01 00:00:00"
"alg036621038fr001","2023-12-07 00:00:00"
"sea4130801848","2024-01-19 00:00:00"
"sea619030105","2024-01-15 00:00:00"
"gencf1091bbs","2024-03-01 00:00:00"
"genksf1061bbsgw","2023-11-17 00:00:00"
"zlt19383vmb","2023-11-06 00:00:00"
"zlt340p8hg","2024-01-20 00:00:00"
"zlt4642vch","2024-02-09 00:00:00"
"zlt8189rb","2023-11-28 00:00:00"
"kuzpd52724bn","2024-02-07 00:00:00"
"kuzew6824gy","2024-02-07 00:00:00"
"kuzpd4401ch","2023-11-17 00:00:00"
"kuzmp14960bk","2024-01-31 00:00:00"
"kuz493118bnbk","2023-12-09 00:00:00"
"kuz493118whgd","2024-02-07 00:00:00"
"kuzpd19347an","2024-02-07 00:00:00"
"kuzvl47237bk","2023-11-17 00:00:00"
"kuzpd62013bkcp","2023-11-17 00:00:00"
"alowv307919vbtl","2024-02-07 00:00:00"
"kuzat7924wh","2024-01-31 00:00:00"
"hun19755","2023-12-28 00:00:00"
"alopd530313mbop","2023-11-17 00:00:00"
"alowv587224mbcl","2023-11-17 00:00:00"
"alovl524326agcl","2023-11-17 00:00:00"
"alowv524006agcl","2023-11-17 00:00:00"
"aloch529024agop","2024-01-31 00:00:00"
"aloch529024mbop","2024-02-07 00:00:00"
"alopd522011agop","2024-02-07 00:00:00"
"alopd601608bnsm","2023-11-17 00:00:00"
"utt25287","2023-11-30 00:00:00"
"gol6952mblkclr","2023-11-22 00:00:00"
"zlt517sbkled","2023-11-23 00:00:00"
"vaxt0645","2024-02-01 00:00:00"
"kuzat6510bg","2023-11-17 00:00:00"
"aloch475138bgcl","2023-11-17 00:00:00"
"kuzch76728bg","2023-11-17 00:00:00"
"kuzfm53512bgcl","2023-11-17 00:00:00"
"alopd406418mbgo","2023-11-17 00:00:00"
"kuzpd76316bgop","2023-11-17 00:00:00"
"alovl485221whop","2023-11-17 00:00:00"
"alowv417801bgcr","2023-11-17 00:00:00"
"klc401922mb","2023-12-01 00:00:00"
"utt25084","2023-12-24 00:00:00"
"utt25105","2023-10-29 00:00:00"
"klc519275wb","2023-12-01 00:00:00"
"klc519921stb","2023-12-07 00:00:00"
"klc519922stb","2023-12-01 00:00:00"
"klc519923stb","2023-12-07 00:00:00"
"alg028495010fr001","2023-12-07 00:00:00"
"alg040055010fr001","2023-12-07 00:00:00"
"alg040056010fr001","2023-12-07 00:00:00"
"utt18087","2023-12-08 00:00:00"
"afxecps090909l30d2wh","2023-11-03 00:00:00"
"afxlnap08l30d1bk","2023-11-27 00:00:00"
"afxlnap99l30d1bklnr4","2023-11-27 00:00:00"
"afxlnap99l30d1bkrnd6","2023-11-27 00:00:00"
"afxlnap99l30d1bkrnd9","2023-11-27 00:00:00"
"afxplzs11mbbn","2023-11-27 00:00:00"
"vcscf1113bbs","2024-01-25 00:00:00"
"sea4168101848","2024-02-07 00:00:00"
"sea4604093s962","2024-01-23 00:00:00"
"sea5292604848","2024-02-14 00:00:00"
"crystal6083","2023-12-01 00:00:00"
"crystal8656","2023-12-27 00:00:00"
"crystal8658","2023-12-07 00:00:00"
"far246124","2023-11-09 00:00:00"
"far246134","2023-12-07 00:00:00"
"far246170","2023-12-27 00:00:00"
"far246180","2023-12-07 00:00:00"
"far246222","2023-12-07 00:00:00"
"far240900","2023-11-30 00:00:00"
"far246232","2023-12-27 00:00:00"
"crystal8753","2023-11-20 00:00:00"
"crystal8776","2023-12-07 00:00:00"
"crystal6135","2023-12-07 00:00:00"
"crystal6062","2023-12-07 00:00:00"
"crystal6063","2023-12-07 00:00:00"
"crystal6066","2023-11-20 00:00:00"
"far217586","2023-11-28 00:00:00"
"far217783","2023-11-28 00:00:00"
"far217926","2024-03-21 00:00:00"
"far218697","2023-11-28 00:00:00"
"far233273","2024-03-21 00:00:00"
"far246395","2023-12-07 00:00:00"
"crystal8830","2023-12-07 00:00:00"
"crystal6140","2023-12-07 00:00:00"
"crystal8872","2023-12-07 00:00:00"
"crystal8875","2023-12-07 00:00:00"
"far246449","2023-12-07 00:00:00"
"far246471","2023-12-07 00:00:00"
"far246530","2023-11-09 00:00:00"
"far246533","2023-11-20 00:00:00"
"crystal6056","2023-12-07 00:00:00"
"crystal9017","2023-11-20 00:00:00"
"crystal9018","2023-11-20 00:00:00"
"crystal9019","2023-11-20 00:00:00"
"crystal9084","2023-12-07 00:00:00"
"far232978","2023-12-01 00:00:00"
"crystal9227","2023-12-07 00:00:00"
"far250606","2023-11-22 00:00:00"
"far251010","2024-02-01 00:00:00"
"far252716","2023-12-01 00:00:00"
"far252718","2023-12-07 00:00:00"
"far252719","2023-12-01 00:00:00"
"far252720","2023-12-07 00:00:00"
"crystal9504","2023-12-07 00:00:00"
"crystal9522","2023-12-07 00:00:00"
"crystal9523","2023-12-07 00:00:00"
"max12332wtpc","2023-10-26 00:00:00"
"max12332wtbksbr","2023-10-26 00:00:00"
"max12333wtpc","2023-10-26 00:00:00"
"max12333wtbksbr","2023-10-26 00:00:00"
"max12334wtpc","2023-11-09 00:00:00"
"max12334wtbksbr","2023-10-26 00:00:00"
"max32652swbkab","2023-11-13 00:00:00"
"max38407clpn","2023-11-13 00:00:00"
"max38408clhr","2023-11-13 00:00:00"
"max38407clhr","2023-11-13 00:00:00"
"max38408clpn","2023-11-13 00:00:00"
"max12329tcar","2023-10-26 00:00:00"
"max18202wadbz","2023-11-13 00:00:00"
"max89906ftbkwn","2023-11-06 00:00:00"
"max89906ftsnbk","2023-11-06 00:00:00"
"max86174bk","2023-11-09 00:00:00"
"max86176bk","2023-11-09 00:00:00"
"max86176abz","2023-11-09 00:00:00"
"max30620cdbkab","2023-11-13 00:00:00"
"max30622cdbkab","2023-11-13 00:00:00"
"max30055clbkgld","2023-11-06 00:00:00"
"max14471nabk","2023-11-09 00:00:00"
"max14482gcnab","2023-10-26 00:00:00"
"max14411nabk","2023-10-26 00:00:00"
"max14480gcnab","2023-10-26 00:00:00"
"crw5080p32st3r","2023-12-13 00:00:00"
"crw5629p33sto","2023-12-13 00:00:00"
"crw8001c14g","2023-12-13 00:00:00"
"crw8003c30c","2023-12-13 00:00:00"
"crw8012p20c","2023-12-13 00:00:00"
"crw8012p20g","2023-12-13 00:00:00"
"crw8041p20cs","2023-12-13 00:00:00"
"max24150bcgs","2023-11-21 00:00:00"
"sea8452912","2024-01-15 00:00:00"
"sea8304701714","2023-11-17 00:00:00"
"sea8906246","2023-11-27 00:00:00"
"utt04142","2023-10-29 00:00:00"
"crw1015p3210129","2023-12-13 00:00:00"
"crw1034w82620","2023-12-13 00:00:00"
"crw1040p20101","2023-12-13 00:00:00"
"crw1042p326013r","2023-12-13 00:00:00"
"crw1046p435601rc","2023-12-13 00:00:00"
"crw1063w12169","2023-12-13 00:00:00"
"crw1090w213620","2023-12-13 00:00:00"
"crw1094w113620","2023-12-13 00:00:00"
"crw5464p32db9","2023-12-13 00:00:00"
"crw5704p201601","2023-12-13 00:00:00"
"crw6601c32cs","2023-12-13 00:00:00"
"crw7146w12101","2023-12-13 00:00:00"
"crw9748p594101","2023-12-13 00:00:00"
"crw9966p235242b","2023-12-13 00:00:00"
"klc404670fg","2023-11-17 00:00:00"
"kic42879ni","2023-11-04 00:00:00"
"utt25436","2023-11-24 00:00:00"
"kic42497ni","2023-11-04 00:00:00"
"genap1084adb","2024-01-19 00:00:00"
"gentt1012ai1","2024-01-31 00:00:00"
"crw1103p1610602","2023-12-13 00:00:00"
"crw1103p4036602","2023-12-13 00:00:00"
"crw1114p81271","2023-12-13 00:00:00"
"crw1125p2411268","2023-12-13 00:00:00"
"crw1125p3610613","2023-12-13 00:00:00"
"crw1153w91169","2023-12-13 00:00:00"
"kic42497nbr","2023-11-04 00:00:00"
"kic44033bk","2023-11-04 00:00:00"
"kic52153wh","2023-11-04 00:00:00"
"max57855wtsn","2023-10-30 00:00:00"
"sea5202508en112","2023-10-31 00:00:00"
"sea8593001en371","2023-10-31 00:00:00"
"sea7852702en312","2023-10-31 00:00:00"
"liv770514","2023-11-29 00:00:00"
"crw1205p3927601","2023-12-13 00:00:00"
"crw1212t101169","2023-12-13 00:00:00"
"crw1220p40601o","2023-12-13 00:00:00"
"max57669wtwt","2023-10-30 00:00:00"
"mondr36hab","2023-11-03 00:00:00"
"crw1244p40602","2023-12-13 00:00:00"
"crw1262p3054101","2023-12-13 00:00:00"
"max1073cleb","2023-11-09 00:00:00"
"max10015omoi","2023-10-26 00:00:00"
"crw0414p101101","2023-12-13 00:00:00"
"max10074ftbk","2023-10-30 00:00:00"
"crw1094p266101","2023-12-13 00:00:00"
"crw5025p34c8","2023-12-13 00:00:00"
"crw5034c24cs","2023-12-13 00:00:00"
"crw5319c20cr","2023-12-13 00:00:00"
"crw5535w12ca","2023-12-13 00:00:00"
"crw5553p16amber","2023-12-13 00:00:00"
"crw9605p131101","2023-12-13 00:00:00"
"klc501125sm","2023-11-17 00:00:00"
"utt25474","2023-10-29 00:00:00"
"hun19119","2023-11-19 00:00:00"
"crw1034c408101","2023-12-13 00:00:00"
"crw1034p4014101","2023-12-13 00:00:00"
"ele3000d20bk","2024-01-31 00:00:00"
"sea41162112","2023-11-22 00:00:00"
"sea8254en368","2023-10-31 00:00:00"
"sea8560702pm12","2023-11-28 00:00:00"
"sea93405s171","2023-11-17 00:00:00"
"zlt3034p11bn","2024-01-17 00:00:00"
"zlt81812mb","2023-11-28 00:00:00"
"utt04331","2023-11-20 00:00:00"
"liv4715591","2023-10-30 00:00:00"
"kuzch18548bn","2023-11-17 00:00:00"
"alomp316406ubms","2023-11-17 00:00:00"
"kuzvl47237ch","2023-11-17 00:00:00"
"kuzws63209bg","2023-11-17 00:00:00"
"kuzvl13424ch","2023-11-17 00:00:00"
"alopd545622agwl","2023-12-13 00:00:00"
"alofm547924mbwl","2023-11-17 00:00:00"
"max62003nab","2023-11-08 00:00:00"
"crw1606w51101","2023-12-13 00:00:00"
"zlt194353lmb","2024-01-04 00:00:00"
"vaxc0281","2023-11-10 00:00:00"
"mon3tthr44rzwd","2023-12-05 00:00:00"
"kuzpd96424bk","2023-11-17 00:00:00"
"hun19644","2024-02-24 00:00:00"
"aloch320050vb","2023-11-17 00:00:00"
"utt302211","2023-11-23 00:00:00"
"afxegrp24lajd1bk","2023-10-28 00:00:00"
"afxegrp24lajd1wh","2023-10-28 00:00:00"
"afxegrp24lajd2bk","2023-10-28 00:00:00"
"afxegrp24lajd2wh","2023-10-28 00:00:00"
"afxharw0518l30d1bk","2023-11-27 00:00:00"
"afxoscf14lajd1sn","2023-12-18 00:00:00"
"vcsbt1061ol1","2024-02-16 00:00:00"
"vcsdjp1101mbk","2024-02-07 00:00:00"
"sea852670112","2023-12-07 00:00:00"
"sea4554302848","2024-01-26 00:00:00"
"sea4559293s962","2024-02-14 00:00:00"
"max30621cdbkab","2023-12-03 00:00:00"
"max30623cdbkab","2023-12-03 00:00:00"
"max30629cdbkab","2023-12-03 00:00:00"
"max30624cdbkab","2023-12-03 00:00:00"
"max14461brnab","2023-12-03 00:00:00"
"max12331wtpc","2023-12-03 00:00:00"
"max12331wtbksbr","2023-12-03 00:00:00"
"kovp1473077l","2024-02-16 00:00:00"
"min1080695","2024-02-21 00:00:00"
"sea5292604en848","2024-02-21 00:00:00"
"crystal2307","2023-12-13 00:00:00"
"crystal7342","2023-12-13 00:00:00"
"crystal7344","2023-12-13 00:00:00"
"crystal7388","2023-12-13 00:00:00"
"far246315","2023-11-17 00:00:00"
"far217551","2023-11-04 00:00:00"
"crystal7659","2023-12-13 00:00:00"
"crystal7669","2023-12-13 00:00:00"
"crystal7704","2023-12-13 00:00:00"
"far218124","2023-11-04 00:00:00"
"far219179","2023-11-04 00:00:00"
"far235222","2023-11-29 00:00:00"
"far500417","2023-11-03 00:00:00"
"far246802","2023-11-17 00:00:00"
"crystal9245","2023-12-13 00:00:00"
"crystal9248","2023-12-13 00:00:00"
"crystalw8562","2024-01-31 00:00:00"
"far245320","2023-10-30 00:00:00"
"far251053","2023-11-10 00:00:00"
"far212043","2023-11-20 00:00:00"
"kic34823","2023-11-20 00:00:00"
"hin57863lcb","2023-11-22 00:00:00"
"hin38465bk","2023-11-10 00:00:00"
"hin38465txp","2023-11-10 00:00:00"
"hin40386blk","2023-11-02 00:00:00"
"hin40386blkcml","2023-11-02 00:00:00"
"hin40388blk","2023-11-02 00:00:00"
"hin40388blkcml","2023-11-02 00:00:00"
"hin43224bk","2023-11-10 00:00:00"
"hin43224bng","2023-11-10 00:00:00"
"hin43224txp","2023-11-10 00:00:00"
"frefr33326bx","2023-11-01 00:00:00"
"frefr33326hb","2023-11-01 00:00:00"
"frefr33328bx","2023-11-01 00:00:00"
"frefr33328hb","2023-11-01 00:00:00"
"frefr41905lcb","2023-10-26 00:00:00"
"frefr41908lcb","2023-10-26 00:00:00"
"frefr47751bng","2023-11-10 00:00:00"
"frefr47754bng","2023-11-10 00:00:00"
"frefr47758bng","2023-11-10 00:00:00"
"hin57861lcb","2023-11-22 00:00:00"
"frefr41906lcb","2023-10-26 00:00:00"
"frefr47756bng","2023-11-10 00:00:00"
"hin38464bk","2023-11-10 00:00:00"
"hin38464txp","2023-11-10 00:00:00"
"frefr47757bng","2023-11-10 00:00:00"
"hin30010bng","2023-11-10 00:00:00"
"hin30010txp","2023-11-10 00:00:00"
"hin57860lcb","2023-11-22 00:00:00"
"frefr41900lcb","2023-10-26 00:00:00"
"avamoderov36wt","2023-11-19 00:00:00"
"avamoderov72wt","2023-11-19 00:00:00"
"avamadisonv60to","2023-11-19 00:00:00"
"avabrooksv30cg","2023-11-19 00:00:00"
"avabrooksv36cg","2023-11-19 00:00:00"
"avabrooksv60cg","2023-11-19 00:00:00"
"avabrooksv60wt","2023-11-19 00:00:00"
"avadelanov24wt","2023-12-05 00:00:00"
"avadelanovs24wtc","2023-12-05 00:00:00"
"avamadisonv60wt","2023-11-19 00:00:00"
"ava170512lt24tgg","2023-11-19 00:00:00"
"ava170512mc22tgg","2023-11-19 00:00:00"
"avaalliev42tgs","2023-11-19 00:00:00"
"avaallievs43tgsc","2023-11-19 00:00:00"
"avaemmalt20wt","2023-12-05 00:00:00"
"avaaustenv72wtg","2023-11-19 00:00:00"
"avaaustenvs73wtgc","2023-11-19 00:00:00"
"avamasonv24bks","2023-11-19 00:00:00"
"avamasonv60nbs","2023-11-19 00:00:00"
"avamasonvs25bksc","2023-11-19 00:00:00"
"avamasonvs61nbsc","2023-11-19 00:00:00"
"avabrooksv36nb","2023-11-19 00:00:00"
"avamoderov36nb","2023-11-19 00:00:00"
"avamoderov48nb","2023-11-19 00:00:00"
"avamoderovs36nbc","2023-11-19 00:00:00"
"avamoderovs48nbc","2023-11-19 00:00:00"
"avabristolv36lg","2023-12-05 00:00:00"
"avabristolv36wt","2023-12-05 00:00:00"
"avabristolvs37lgc","2023-12-05 00:00:00"
"avabristolvs37wtc","2023-12-05 00:00:00"
"avaledm39bg","2023-11-19 00:00:00"
"avaledm39mb","2023-11-19 00:00:00"
"avaledm59mb","2023-11-19 00:00:00"
"avaledm59ss","2023-11-19 00:00:00"
"avasonomam59bg","2023-11-19 00:00:00"
"avasonomam59ss","2023-11-19 00:00:00"
"sea8902512","2023-12-04 00:00:00"
"sea8647701en304","2023-11-22 00:00:00"
"murol7633es","2023-11-27 00:00:00"
"sea6551801en3848","2023-10-31 00:00:00"
"sea831380212","2023-11-28 00:00:00"
"sea3190303en962","2023-10-31 00:00:00"
"sea3190309en778","2023-10-31 00:00:00"
"sea871830112","2024-01-25 00:00:00"
"vcscf1122bbs","2024-01-25 00:00:00"
"vcsdjv1012mbk","2024-02-07 00:00:00"
"vcsdjv1012sb","2024-02-07 00:00:00"
"vcsksw1081bbsgbk","2024-03-01 00:00:00"
"vcskwl1111mbk","2024-03-01 00:00:00"
"vcslxt1001cpst1","2024-01-31 00:00:00"
"sea446500205","2023-11-20 00:00:00"
"vaxof37211bbz","2023-12-04 00:00:00"
"max30084cdcf","2023-11-02 00:00:00"
"utt26120","2023-11-09 00:00:00"
"ele3500d1c","2023-12-19 00:00:00"
"minf539hbz","2023-11-29 00:00:00"
"seap1484ch","2024-01-03 00:00:00"
"zlt554phxlssqpmbk","2024-01-14 00:00:00"
"zlt554phxls536pbk","2024-01-14 00:00:00"
"zlt554phxlsbk","2024-01-14 00:00:00"
"et2e2460818bkcof","2023-11-02 00:00:00"
"ele3502w24c","2023-12-19 00:00:00"
"ele3503d23c","2023-12-19 00:00:00"
"kic43495pn","2023-11-17 00:00:00"
"kic43497pn","2023-11-17 00:00:00"
"kic15239oz","2023-11-27 00:00:00"
"kic15361azt","2023-11-27 00:00:00"
"kic15807azt27r","2023-11-27 00:00:00"
"kic15807azt30r","2023-11-27 00:00:00"
"kic43347clp","2023-12-18 00:00:00"
"kic43641ni","2023-10-30 00:00:00"
"kic45299ch","2023-11-17 00:00:00"
"kic45393ch","2023-11-17 00:00:00"
"kic45497ni","2023-10-30 00:00:00"
"kic45639ch","2023-11-02 00:00:00"
"kic49203bk","2023-11-17 00:00:00"
"kic49963avi","2023-11-17 00:00:00"
"kic49964avi","2023-11-17 00:00:00"
"kic7050pn","2023-12-18 00:00:00"
"kic9042rz","2023-11-17 00:00:00"
"kic9708bk","2023-11-17 00:00:00"
"genec10310bbs","2023-11-30 00:00:00"
"kic49878bk","2023-12-04 00:00:00"
"out72582143c","2023-11-22 00:00:00"
"min824613l","2023-12-13 00:00:00"
"utt263881","2023-11-14 00:00:00"
"max12260cdsn","2023-11-02 00:00:00"
"et2e3124120pc","2023-11-02 00:00:00"
"et2e2484490pc","2023-11-02 00:00:00"
"murp1443snl1","2024-03-13 00:00:00"
"kic59036baled","2023-12-04 00:00:00"
"sea3130705en3962","2024-01-31 00:00:00"
"sea6551701848","2023-11-17 00:00:00"
"sea4421603112","2023-12-08 00:00:00"
"sea8790901en371","2023-10-31 00:00:00"
"ele3503g34c","2023-12-19 00:00:00"
"ele3500d1g","2023-12-19 00:00:00"
"ele3503f26g","2023-12-19 00:00:00"
"ele3505d12g","2023-12-19 00:00:00"
"ele3505f5g","2023-12-19 00:00:00"
"kic15065azt","2023-11-27 00:00:00"
"kic15241azt","2023-11-27 00:00:00"
"max86403bk","2023-11-02 00:00:00"
"max86143bk","2023-11-02 00:00:00"
"metn9802","2024-02-21 00:00:00"
"out869161","2023-11-13 00:00:00"
"kic15476azt","2023-11-17 00:00:00"
"kic15476bkt","2023-11-17 00:00:00"
"kic59079bkt","2023-12-04 00:00:00"
"kic59081bkt","2023-11-17 00:00:00"
"kic59081nbr","2023-11-17 00:00:00"
"kic8116bk","2023-10-26 00:00:00"
"max35114gbbk","2023-11-02 00:00:00"
"max26108bk","2023-11-06 00:00:00"
"max12289clswsn","2023-11-02 00:00:00"
"max12284clswbk","2023-11-02 00:00:00"
"vaxp0272","2023-12-09 00:00:00"
"max40035cdse","2023-11-02 00:00:00"
"et2e2209228","2023-11-02 00:00:00"
"utt17973","2023-11-23 00:00:00"
"vax2244nn","2023-11-10 00:00:00"
"ele2066g36bk","2024-01-31 00:00:00"
"et2e1100024sbr","2023-11-21 00:00:00"
"max10374wtpn","2023-11-02 00:00:00"
"min70866al","2023-11-27 00:00:00"
"min71144l","2024-01-17 00:00:00"
"out73241748","2023-11-22 00:00:00"
"kic42246bk","2023-11-17 00:00:00"
"kic45297bk","2023-10-28 00:00:00"
"kic49332bk","2023-10-30 00:00:00"
"ela84322mbk","2023-11-17 00:00:00"
"et2e3018601bk","2023-11-02 00:00:00"
"sea3128905710","2024-01-09 00:00:00"
"sea65085848","2023-11-14 00:00:00"
"sea6528503en712","2023-10-31 00:00:00"
"sea825070171","2024-01-04 00:00:00"
"sea8560702pm71","2024-02-07 00:00:00"
"genet1322bbs1","2024-01-31 00:00:00"
"ele3501w24g","2023-12-19 00:00:00"
"ele3503d26bk","2023-12-19 00:00:00"
"ele3503g28g","2023-12-19 00:00:00"
"ele3503g41lg","2023-12-19 00:00:00"
"ele3504d50l1c","2024-01-31 00:00:00"
"kuzvl16720bk","2023-11-17 00:00:00"
"kuzvl16727bk","2023-11-17 00:00:00"
"kuzws16705bk","2023-11-17 00:00:00"
"kuzvl63636bn","2023-11-17 00:00:00"
"kuzew71309gy","2023-11-17 00:00:00"
"kuzws70124bk","2023-11-17 00:00:00"
"alowv361215ub","2023-11-17 00:00:00"
"alowv361215vb","2023-11-17 00:00:00"
"kuzew19408bk","2023-11-17 00:00:00"
"kuzvl63724ch","2023-11-17 00:00:00"
"kuz401214whled","2023-11-17 00:00:00"
"kuzlp16236bn","2023-11-17 00:00:00"
"kuzsf16316bk","2023-11-17 00:00:00"
"kuz601431chled","2023-11-17 00:00:00"
"kuzfl46748wh","2023-11-17 00:00:00"
"kuzpd15832bk","2023-11-17 00:00:00"
"mon3jvr52agpd","2023-11-03 00:00:00"
"alofm506210agop","2023-11-17 00:00:00"
"alofm506210mbcl","2023-11-17 00:00:00"
"alopd517112agcl","2023-11-17 00:00:00"
"alolp648348mb","2023-11-17 00:00:00"
"et2e21260bk","2023-11-02 00:00:00"
"gol31241wdr","2023-11-01 00:00:00"
"max20031swbk","2023-11-02 00:00:00"
"max20030swbk","2023-11-02 00:00:00"
"alopd473706mbop","2023-11-17 00:00:00"
"alosf418012bg","2023-11-17 00:00:00"
"alotl418726mbil","2023-11-17 00:00:00"
"alg090421023fr001","2023-11-20 00:00:00"
"utt22904","2023-11-10 00:00:00"
"utt25285","2023-11-14 00:00:00"
"utt32274","2023-12-08 00:00:00"
"hun13068","2024-02-04 00:00:00"
"hun48004","2024-02-24 00:00:00"
"gol3602ba1chnvy","2023-11-16 00:00:00"
"gol3602ba1pwnvy","2023-11-16 00:00:00"
"gol3602ba2pwnvy","2023-11-16 00:00:00"
"gol3602ba3chnvy","2023-11-16 00:00:00"
"gol3602ba3pwnvy","2023-11-16 00:00:00"
"aloch338632vbar","2023-11-17 00:00:00"
"utt23772","2024-01-22 00:00:00"
"utt60204","2023-12-10 00:00:00"
"utt30235","2023-10-29 00:00:00"
"vcslo1011txb","2024-02-12 00:00:00"
"sea622670112","2024-01-22 00:00:00"
"sea6507401112","2023-11-29 00:00:00"
"sea4465002962","2024-02-07 00:00:00"
"sea4659293s112","2024-02-28 00:00:00"
"hun50887","2023-12-22 00:00:00"
"hun50905","2023-11-19 00:00:00"
"sea6177101962","2024-03-18 00:00:00"
"far200208","2023-12-04 00:00:00"
"crystal5998","2023-12-19 00:00:00"
"crystal7988","2023-12-19 00:00:00"
"crystal7992","2023-12-19 00:00:00"
"far217827","2023-11-17 00:00:00"
"far233124","2023-11-27 00:00:00"
"far233170","2023-11-27 00:00:00"
"far217790","2023-12-18 00:00:00"
"far218402","2023-11-17 00:00:00"
"far218435","2023-10-30 00:00:00"
"far218509","2023-11-02 00:00:00"
"far218720","2023-11-17 00:00:00"
"far219388","2023-12-18 00:00:00"
"crystal8075","2023-12-19 00:00:00"
"crystal8087","2023-12-19 00:00:00"
"crystalw8108","2023-12-19 00:00:00"
"crystal8113","2023-12-19 00:00:00"
"crystal8148","2023-12-19 00:00:00"
"far233356","2023-11-27 00:00:00"
"far233883","2023-11-17 00:00:00"
"far233884","2023-11-17 00:00:00"
"far233913","2023-10-26 00:00:00"
"far249953","2023-12-09 00:00:00"
"far500389","2023-11-10 00:00:00"
"crystalw8430","2024-01-31 00:00:00"
"far251109","2023-11-17 00:00:00"
"far251135","2023-10-28 00:00:00"
"far251143","2023-10-30 00:00:00"
"far250931","2023-11-17 00:00:00"
"far249235","2023-10-31 00:00:00"
"crystal9276","2023-12-19 00:00:00"
"crystal9283","2023-12-19 00:00:00"
"crystal9315","2023-12-19 00:00:00"
"crystal9325","2023-12-19 00:00:00"
"crystal9334","2024-01-31 00:00:00"
"far250589","2023-11-01 00:00:00"
"far252675","2023-11-16 00:00:00"
"far252676","2023-11-16 00:00:00"
"far252678","2023-11-16 00:00:00"
"far252679","2023-11-16 00:00:00"
"far252680","2023-11-16 00:00:00"
"hun51091","2023-11-20 00:00:00"
"liv857063","2023-12-30 00:00:00"
"liv225507","2023-12-18 00:00:00"
"liv421391","2023-12-30 00:00:00"
"liv514091","2023-12-30 00:00:00"
"vaxp0178","2023-12-23 00:00:00"
"sea8980515","2024-02-07 00:00:00"
"acl5274bw","2023-12-08 00:00:00"
"sea4115201en3962","2023-10-31 00:00:00"
"sea7715202en3962","2023-10-31 00:00:00"
"max2151lnsn","2023-12-13 00:00:00"
"max56222wtabz","2024-01-13 00:00:00"
"vaxw0266","2023-11-10 00:00:00"
"liv4122692","2023-12-30 00:00:00"
"kic42566bk","2023-11-29 00:00:00"
"kic44044aub","2023-12-05 00:00:00"
"kic44169bk","2023-12-13 00:00:00"
"kic300275wh","2023-12-13 00:00:00"
"kic300300oz","2023-12-13 00:00:00"
"kic330002ni","2023-10-28 00:00:00"
"kic330152mwh","2023-12-13 00:00:00"
"kic330174mwh","2023-12-13 00:00:00"
"kic42044ch","2024-03-05 00:00:00"
"kic42046ozcs","2023-10-30 00:00:00"
"kic42047ch","2023-11-27 00:00:00"
"kic42196oz","2023-12-13 00:00:00"
"kic42296ni","2023-11-27 00:00:00"
"kic42386ap","2023-11-29 00:00:00"
"kic42387miz","2023-10-31 00:00:00"
"kic42890ni","2023-12-13 00:00:00"
"kic43073ni","2023-10-31 00:00:00"
"kic43074ni","2023-10-31 00:00:00"
"kic43077ni","2023-11-23 00:00:00"
"kic43354ch","2023-11-06 00:00:00"
"kic43664oz","2023-12-13 00:00:00"
"kic43672ni","2024-01-09 00:00:00"
"kic43692ni","2023-10-28 00:00:00"
"kic43826wzc","2023-11-03 00:00:00"
"kic43851ni","2023-10-28 00:00:00"
"kic43852oz","2023-11-01 00:00:00"
"kic43859nbr","2023-12-05 00:00:00"
"kic43922ni","2023-10-30 00:00:00"
"kic43923ni","2024-01-01 00:00:00"
"kic43927ni","2023-11-13 00:00:00"
"kic43955ni","2023-11-03 00:00:00"
"kic43955oz","2023-12-05 00:00:00"
"kic43995ch","2023-10-26 00:00:00"
"kic43995ni","2023-10-31 00:00:00"
"kic43995oz","2023-10-31 00:00:00"
"kic43996ch","2023-10-30 00:00:00"
"kic43996ni","2023-11-13 00:00:00"
"kic43996oz","2023-11-01 00:00:00"
"kic43997ch","2023-10-30 00:00:00"
"kic43997ni","2023-10-30 00:00:00"
"kic43997oz","2023-10-30 00:00:00"
"kic43999ch","2023-10-26 00:00:00"
"kic43999ni","2023-10-31 00:00:00"
"kic43999oz","2024-02-22 00:00:00"
"kic44032oz","2023-10-28 00:00:00"
"kic45132ni","2023-12-13 00:00:00"
"kic45495ni","2023-11-08 00:00:00"
"kic45496ch","2023-10-30 00:00:00"
"kic45496ni","2023-10-30 00:00:00"
"kic45497ch","2023-10-31 00:00:00"
"kic45498ch","2023-11-13 00:00:00"
"kic45498ni","2023-10-30 00:00:00"
"kic45498oz","2023-11-14 00:00:00"
"kic45569oz","2023-12-13 00:00:00"
"kic45573ch","2023-10-31 00:00:00"
"kic45574ch","2023-10-28 00:00:00"
"kic45574oz","2023-11-03 00:00:00"
"kic45575ch","2023-10-31 00:00:00"
"kic45575ni","2023-10-31 00:00:00"
"kic45639ni","2023-10-31 00:00:00"
"kic45640ni","2023-11-02 00:00:00"
"kic45885ni","2023-11-04 00:00:00"
"kic45886oz","2023-10-30 00:00:00"
"kic45894ni","2023-10-31 00:00:00"
"kic45923ni","2023-11-03 00:00:00"
"kic45924ni","2023-10-30 00:00:00"
"kic45924oz","2023-11-02 00:00:00"
"kic45973ni","2023-10-28 00:00:00"
"kic5098ni","2023-11-09 00:00:00"
"kic5336chs","2023-10-30 00:00:00"
"kic5337chs","2023-10-30 00:00:00"
"kic5337tzs","2023-11-08 00:00:00"
"kic5338chs","2023-10-30 00:00:00"
"kic5338nis","2023-10-28 00:00:00"
"kic5339chs","2023-10-31 00:00:00"
"kic5339nis","2023-10-31 00:00:00"
"kic5339tzs","2023-10-31 00:00:00"
"kic6123ch","2023-10-31 00:00:00"
"kic6123ni","2023-10-26 00:00:00"
"kic6124ni","2024-02-09 00:00:00"
"kic6520ni","2023-11-13 00:00:00"
"kic43857bk","2023-12-05 00:00:00"
"kic43995bk","2023-10-26 00:00:00"
"kic43996bk","2023-11-08 00:00:00"
"kic43997bk","2023-10-26 00:00:00"
"kic43999bk","2023-10-26 00:00:00"
"kic44032bk","2023-10-28 00:00:00"
"kic45495bk","2023-10-26 00:00:00"
"kic45496bk","2023-10-30 00:00:00"
"kic45497bk","2023-10-26 00:00:00"
"kic45498bk","2023-10-28 00:00:00"
"kic45885bk","2023-10-30 00:00:00"
"kic45910bk","2023-10-28 00:00:00"
"kic52030whnbr","2023-12-13 00:00:00"
"kic52072clg","2023-12-05 00:00:00"
"kic52073sn","2023-12-05 00:00:00"
"kic52153bk","2023-10-28 00:00:00"
"zlt487p14bn","2024-01-01 00:00:00"
"hun54215","2024-02-20 00:00:00"
"sea8593965","2023-11-17 00:00:00"
"sea8593001en312","2023-10-31 00:00:00"
"klc404521ai","2023-12-01 00:00:00"
"kic330017mwh","2023-11-15 00:00:00"
"kic330017sbk","2023-11-15 00:00:00"
"kic330019mwh","2023-12-04 00:00:00"
"kic6122ni","2023-10-30 00:00:00"
"mondr60dwz","2024-02-09 00:00:00"
"kic360000snb","2023-11-15 00:00:00"
"kic360002snb","2023-10-28 00:00:00"
"kic360003dbk","2023-11-15 00:00:00"
"kic360004sbk","2023-10-28 00:00:00"
"kic360005dbk","2023-10-28 00:00:00"
"kic360005sbk","2024-03-21 00:00:00"
"kic360006dbk","2023-11-17 00:00:00"
"kic360006sbk","2024-01-08 00:00:00"
"mondr72sn","2024-02-09 00:00:00"
"hun26227","2023-11-10 00:00:00"
"kic52351bk","2023-12-13 00:00:00"
"kic55100bk","2023-12-13 00:00:00"
"kic625ch","2023-10-30 00:00:00"
"kic626ch","2023-10-30 00:00:00"
"kic626ni","2023-10-30 00:00:00"
"max26106bkphc","2023-12-14 00:00:00"
"max1052bk","2023-11-06 00:00:00"
"kic55012bk","2023-10-31 00:00:00"
"acl7551bcch","2023-12-08 00:00:00"
"kic52033nbr","2023-12-13 00:00:00"
"sea3124309en962","2023-11-07 00:00:00"
"sea6248401en312","2023-11-07 00:00:00"
"sea65085en3848","2023-11-21 00:00:00"
"sea6590301en7778","2023-10-31 00:00:00"
"sea7716503en3112","2023-10-31 00:00:00"
"sea8993671","2023-12-04 00:00:00"
"hun51180","2023-12-08 00:00:00"
"zlt19381smgld","2024-01-04 00:00:00"
"zlt340p8mb","2023-11-17 00:00:00"
"zlt577bbkled","2023-11-28 00:00:00"
"kic4t116h30wh","2023-12-04 00:00:00"
"kuzvl18524bk","2023-11-17 00:00:00"
"kuzvl18524bn","2023-11-17 00:00:00"
"kuzvl61626ch","2024-01-27 00:00:00"
"kuzfm48610","2023-11-08 00:00:00"
"kuzfm48614","2023-10-31 00:00:00"
"kuzfm48618","2023-11-06 00:00:00"
"kuz81711bk","2023-10-31 00:00:00"
"kuz81751bk","2023-10-31 00:00:00"
"kuzpd13120wh","2023-10-31 00:00:00"
"kuzfm3511bn","2023-12-13 00:00:00"
"kuzfm3511chfr","2023-11-06 00:00:00"
"kuzew3406bk","2023-11-08 00:00:00"
"kuzew3506bk","2023-10-31 00:00:00"
"kuzew6824bk","2023-10-31 00:00:00"
"kuz492208bk","2023-11-08 00:00:00"
"kuzch87232wh","2023-11-17 00:00:00"
"kuzpd1712ch","2024-02-02 00:00:00"
"kuzmp14924wh","2024-02-02 00:00:00"
"kuzew48218bk","2023-10-31 00:00:00"
"kuzpd82724wh","2024-02-09 00:00:00"
"kuz494213wh","2024-02-02 00:00:00"
"kuz494224bk","2023-10-31 00:00:00"
"kuzpd22824bkwh","2023-10-31 00:00:00"
"kuzpd61418clbg","2024-02-09 00:00:00"
"kuzpd61418clbk","2024-02-09 00:00:00"
"kuz492710bkgd","2024-01-15 00:00:00"
"kuz492710whgd","2024-02-12 00:00:00"
"kuzws16907bk","2023-12-09 00:00:00"
"alopd302732cbgs","2024-02-22 00:00:00"
"kuzfm43916whbk","2023-12-15 00:00:00"
"kuzpd22723bs","2024-02-02 00:00:00"
"kuzws3413ch","2024-02-09 00:00:00"
"kuz49108whgd","2024-02-02 00:00:00"
"kuz49108whsv","2024-02-02 00:00:00"
"kuzws83427bk","2023-10-31 00:00:00"
"kuzvl61220ch","2024-02-02 00:00:00"
"kuzws8424bn","2023-12-13 00:00:00"
"kuzws9815bn","2023-11-17 00:00:00"
"kuzpd11708bk","2023-10-31 00:00:00"
"kuzpd11710bk","2023-10-31 00:00:00"
"kuzws74114bg","2024-02-09 00:00:00"
"kuzfm11410wh","2024-02-02 00:00:00"
"kuzer7110bk","2023-10-31 00:00:00"
"kuzew3107bk","2023-10-31 00:00:00"
"kuzew9010bk","2023-10-31 00:00:00"
"kuzpd88172bk","2024-02-02 00:00:00"
"kuzfl46948bk","2024-01-24 00:00:00"
"aloch309024nbcg","2024-02-22 00:00:00"
"aloch309024ubcg","2024-02-22 00:00:00"
"aloch309036nbcg","2024-02-22 00:00:00"
"alowv311602ubcg","2024-02-22 00:00:00"
"kuzws17014bk","2023-11-17 00:00:00"
"kuz492122bk","2023-11-17 00:00:00"
"kuzlp84457bk","2024-02-09 00:00:00"
"kuzws24332wh","2024-02-09 00:00:00"
"kuzws93724as","2023-12-13 00:00:00"
"kuzws93730bk","2023-11-17 00:00:00"
"kuzpd11132as","2024-02-04 00:00:00"
"alopd307931vbcl","2024-02-22 00:00:00"
"alowv307931vbtl","2024-02-22 00:00:00"
"alopl307919vbtl","2024-02-22 00:00:00"
"kuz493206whgd","2024-02-02 00:00:00"
"kuz493216bkgd","2023-10-31 00:00:00"
"kuz493216whgd","2024-02-02 00:00:00"
"kuzch10345bk","2024-02-09 00:00:00"
"kuzpd3007","2024-02-05 00:00:00"
"alopd325428ubar","2024-02-22 00:00:00"
"alopd325428vbar","2024-02-22 00:00:00"
"alowv325326ubar","2024-02-22 00:00:00"
"alowv339123ubcr","2024-02-22 00:00:00"
"kuzsf62014bkcp","2023-10-31 00:00:00"
"zlt341p18rb","2023-11-17 00:00:00"
"kic55102ni","2023-12-13 00:00:00"
"kic43692bk","2023-11-01 00:00:00"
"hun19048","2023-12-23 00:00:00"
"aloew652505bkcl","2023-11-17 00:00:00"
"alopd520512agcl","2023-10-31 00:00:00"
"aloep533006bkcb","2023-12-09 00:00:00"
"alopd522011mbop","2023-11-08 00:00:00"
"alopd601710agcp","2024-02-12 00:00:00"
"alopd601710mbcl","2024-02-05 00:00:00"
"max2882gl","2023-11-13 00:00:00"
"zlt194342lmb","2023-11-17 00:00:00"
"mon3rzhr52rzw","2023-12-05 00:00:00"
"aloch450732ag","2023-10-31 00:00:00"
"aloch450732agcw","2023-11-17 00:00:00"
"kuzew72724bk","2024-02-02 00:00:00"
"kuzfm45316bg","2023-11-17 00:00:00"
"kuzfm45316bk","2023-11-17 00:00:00"
"kuzpd29806bg","2024-02-05 00:00:00"
"kuzpd29806bk","2024-02-05 00:00:00"
"alopd464001ag","2024-02-02 00:00:00"
"alowv450706ag","2023-11-17 00:00:00"
"alowv450706mb","2023-10-31 00:00:00"
"kic55159pn","2023-12-13 00:00:00"
"kic52552cpz","2023-12-07 00:00:00"
"kic52553cpz","2023-12-07 00:00:00"
"kic52556bk","2023-12-07 00:00:00"
"kic52558sn","2023-12-07 00:00:00"
"kic52570cpzbk","2023-12-07 00:00:00"
"hun52388","2024-01-30 00:00:00"
"aloch320050ubar","2024-02-22 00:00:00"
"afxapf1524lajudwglw","2023-11-30 00:00:00"
"afxcrrf4450l30sn","2023-12-01 00:00:00"
"afxlrtp07mbbk","2024-01-08 00:00:00"
"afxlrtp07mbbklnr3","2024-01-08 00:00:00"
"afxlrtp07mbbkrnd3","2024-01-08 00:00:00"
"afxtwtp48l30d1bk","2023-12-29 00:00:00"
"sea7605401115","2023-12-28 00:00:00"
"sea4404093s05","2024-02-16 00:00:00"
"max86172bk","2023-12-14 00:00:00"
"max86172abz","2023-12-14 00:00:00"
"max86174abz","2023-12-14 00:00:00"
"max12804cznab","2023-12-14 00:00:00"
"far102861","2023-12-30 00:00:00"
"far100612","2023-12-18 00:00:00"
"far101188","2023-12-30 00:00:00"
"far102002","2023-12-30 00:00:00"
"farw200334","2023-12-23 00:00:00"
"far229115","2023-12-08 00:00:00"
"far200244","2023-11-10 00:00:00"
"far234317","2023-12-30 00:00:00"
"far217574","2023-11-29 00:00:00"
"far218211","2023-12-13 00:00:00"
"far217178","2023-12-13 00:00:00"
"far217183","2023-12-13 00:00:00"
"farw217287","2023-10-28 00:00:00"
"farw217349","2023-12-13 00:00:00"
"far217359","2023-12-13 00:00:00"
"far217458","2023-10-30 00:00:00"
"far233234","2023-12-13 00:00:00"
"far217492","2023-11-27 00:00:00"
"far217609","2023-12-13 00:00:00"
"far217678","2023-11-23 00:00:00"
"far251063","2023-12-13 00:00:00"
"far217991","2023-11-03 00:00:00"
"far217997","2023-10-28 00:00:00"
"far218001","2023-11-01 00:00:00"
"far218010","2023-12-05 00:00:00"
"far218030","2023-10-30 00:00:00"
"far218050","2023-11-13 00:00:00"
"far218062","2023-11-03 00:00:00"
"far218063","2023-12-05 00:00:00"
"far218088","2023-10-31 00:00:00"
"far218089","2023-10-31 00:00:00"
"far218091","2023-10-30 00:00:00"
"far218092","2023-11-13 00:00:00"
"far218093","2023-11-01 00:00:00"
"far218103","2023-10-26 00:00:00"
"far218105","2024-02-22 00:00:00"
"far218123","2023-10-28 00:00:00"
"far218341","2023-12-13 00:00:00"
"far218427","2023-11-08 00:00:00"
"far218434","2023-10-31 00:00:00"
"far218437","2023-11-13 00:00:00"
"far218439","2023-11-14 00:00:00"
"far218472","2023-10-31 00:00:00"
"far218475","2023-10-28 00:00:00"
"far218477","2023-11-03 00:00:00"
"far218478","2023-10-31 00:00:00"
"far218479","2023-10-31 00:00:00"
"far218511","2023-10-31 00:00:00"
"far218603","2023-11-04 00:00:00"
"far218607","2023-10-30 00:00:00"
"far218649","2023-10-30 00:00:00"
"far218670","2023-10-28 00:00:00"
"far219070","2023-11-09 00:00:00"
"far233239","2023-10-30 00:00:00"
"far233242","2023-10-30 00:00:00"
"far233244","2023-11-08 00:00:00"
"far233252","2023-10-26 00:00:00"
"far233254","2024-02-09 00:00:00"
"far233255","2023-11-13 00:00:00"
"far218086","2023-10-26 00:00:00"
"far218090","2023-11-08 00:00:00"
"far218102","2023-10-26 00:00:00"
"far218121","2023-10-28 00:00:00"
"far218429","2023-10-30 00:00:00"
"far218433","2023-10-26 00:00:00"
"far218602","2023-10-30 00:00:00"
"far218634","2023-10-28 00:00:00"
"far219124","2023-12-05 00:00:00"
"far246544","2023-12-01 00:00:00"
"far217308","2023-11-15 00:00:00"
"far217318","2023-12-04 00:00:00"
"far233615","2023-10-30 00:00:00"
"far500176","2023-11-15 00:00:00"
"far500218","2023-10-28 00:00:00"
"far500230","2023-11-15 00:00:00"
"far500261","2023-10-28 00:00:00"
"far500277","2023-10-28 00:00:00"
"far500285","2024-03-21 00:00:00"
"far500300","2023-11-17 00:00:00"
"far500308","2024-01-08 00:00:00"
"far233730","2023-12-13 00:00:00"
"far233824","2023-12-13 00:00:00"
"far233897","2023-10-30 00:00:00"
"far233899","2023-10-30 00:00:00"
"far233900","2023-10-30 00:00:00"
"far104087","2023-12-08 00:00:00"
"far251144","2023-12-13 00:00:00"
"far249278","2023-10-31 00:00:00"
"far251342","2023-12-04 00:00:00"
"far245762","2023-11-01 00:00:00"
"far251725","2023-12-05 00:00:00"
"far252431","2023-12-13 00:00:00"
"far252449","2023-12-07 00:00:00"
"far252452","2023-12-07 00:00:00"
"far252453","2023-12-07 00:00:00"
"far252461","2023-12-07 00:00:00"
"far252485","2023-12-07 00:00:00"
"acl5067bk","2023-12-08 00:00:00"
"cas59143","2024-01-15 00:00:00"
"ele1211d17fb","2024-01-31 00:00:00"
"ele1211d26fb","2024-01-31 00:00:00"
"ele1211d43fb","2024-01-31 00:00:00"
"ele1212d40fb","2024-01-31 00:00:00"
"liv820058","2023-11-26 00:00:00"
"liv415201","2023-11-21 00:00:00"
"vaxow24963bbz","2023-11-10 00:00:00"
"vaxt0110","2023-11-10 00:00:00"
"max3023cdbz","2023-11-06 00:00:00"
"sea8202912","2023-12-26 00:00:00"
"sea88241780","2023-11-27 00:00:00"
"out9322585","2023-11-06 00:00:00"
"sea44807962","2023-11-17 00:00:00"
"ele3000d20c","2024-01-31 00:00:00"
"dvidvp20811sngrcl","1970-01-01 00:00:00"
"dvidvp20812sngrcl","1970-01-01 00:00:00"
"dvidvp20811vbrgrcl","1970-01-01 00:00:00"
"dvidvp20812vbrgrcl","1970-01-01 00:00:00"
"min4569098","2024-02-21 00:00:00"
"utt296351","2023-11-14 00:00:00"
"max52006pc","2023-10-26 00:00:00"
"kic15481cbr","2023-10-30 00:00:00"
"kic330150oz","2023-12-04 00:00:00"
"kic42167nimer","2023-11-17 00:00:00"
"kic42798ni","2023-11-17 00:00:00"
"kic43638oz","2024-03-05 00:00:00"
"kic43675ni","2023-10-28 00:00:00"
"kic45457oz","2023-12-04 00:00:00"
"kic45458ch","2023-12-04 00:00:00"
"kic45883ni","2023-11-17 00:00:00"
"ela83380","2023-11-08 00:00:00"
"kic42047nbr","2023-11-17 00:00:00"
"kic42496ni","2023-11-17 00:00:00"
"dvidvp20849snchcl","1970-01-01 00:00:00"
"dvidvp20805vbrgrcl","1970-01-01 00:00:00"
"kic44035bk","2023-11-17 00:00:00"
"et2e21371bk","2023-11-06 00:00:00"
"max16125clbkab","2023-11-13 00:00:00"
"dvidvp31022grvbr","1970-01-01 00:00:00"
"dvidvp31022grsn","1970-01-01 00:00:00"
"hun50282","2023-11-04 00:00:00"
"sea3130705en3112","2023-10-31 00:00:00"
"sea5102506en848","2023-10-31 00:00:00"
"min4622099","2024-02-21 00:00:00"
"out7317266","2023-11-29 00:00:00"
"gol2073lpblkclr","2023-11-22 00:00:00"
"gol3306a1wabblk","2023-10-30 00:00:00"
"gol3306a1wabch","2023-10-30 00:00:00"
"gol3306a1wabnvy","2023-10-30 00:00:00"
"gol3306a1wabpw","2023-10-30 00:00:00"
"gol3306a1wabrbz","2023-10-30 00:00:00"
"ele3000d25c","2024-01-31 00:00:00"
"ele3000g36c","2024-01-31 00:00:00"
"ele3000g36g","2024-01-31 00:00:00"
"kic15487cbr","2023-12-25 00:00:00"
"kic15517cbr","2023-11-08 00:00:00"
"max52004bk","2023-11-06 00:00:00"
"mondr36rb","2023-11-03 00:00:00"
"hun99709","2023-11-30 00:00:00"
"dvidvp20811snchcl","1970-01-01 00:00:00"
"ele1211d30fb","2024-01-31 00:00:00"
"ele2066d42bk","2024-01-31 00:00:00"
"ele2066d42c","2024-01-31 00:00:00"
"ele2066d42sg","2024-01-31 00:00:00"
"ele2066g26bk","2024-01-31 00:00:00"
"ele2066g26sg","2024-01-31 00:00:00"
"ele2066g30c","2024-01-31 00:00:00"
"ele2066g30sg","2024-01-31 00:00:00"
"ele2066g36c","2024-01-31 00:00:00"
"ele2066g36sg","2024-01-31 00:00:00"
"ele2066g42bk","2024-01-31 00:00:00"
"ele2066g42c","2024-01-31 00:00:00"
"ele2067g30bk","2024-01-31 00:00:00"
"ele2067g30c","2024-01-31 00:00:00"
"ele2067g36bk","2024-01-31 00:00:00"
"ele2067g36c","2024-01-31 00:00:00"
"ele2067g36sg","2024-01-31 00:00:00"
"ele2067g42bk","2024-01-31 00:00:00"
"ele2067g42c","2024-01-31 00:00:00"
"ele2067g42sg","2024-01-31 00:00:00"
"max88807bk","2023-12-13 00:00:00"
"uttw260651","2023-11-14 00:00:00"
"hun19080","2024-01-20 00:00:00"
"hun19206","2024-01-20 00:00:00"
"hun19345","2024-01-20 00:00:00"
"max89867wt","2023-11-12 00:00:00"
"kic8108tz","2023-12-04 00:00:00"
"ela84320cg","2023-12-27 00:00:00"
"ele3000g36bk","2024-01-31 00:00:00"
"ele3000g42c","2024-01-31 00:00:00"
"ele3000g42sg","2024-01-31 00:00:00"
"ele3000g48bk","2024-01-31 00:00:00"
"ele3000g48c","2024-01-31 00:00:00"
"ele3000g48sg","2024-01-31 00:00:00"
"max57932wtwt","2023-12-03 00:00:00"
"sea3102805en3848","2023-11-07 00:00:00"
"sea3128809en3962","2023-10-31 00:00:00"
"sea4402802112","2023-12-20 00:00:00"
"sea6102801en3848","2023-11-07 00:00:00"
"sea6528803en3962","2023-10-31 00:00:00"
"sea6692101en7848","2023-10-31 00:00:00"
"sea6701801en704","2023-10-31 00:00:00"
"utt22549","2023-10-29 00:00:00"
"dvidvp46549br","1970-01-01 00:00:00"
"dvidvp46501br","1970-01-01 00:00:00"
"dvidvp46519br","1970-01-01 00:00:00"
"dvidvp46549gr","1970-01-01 00:00:00"
"dvidvp46522gr","1970-01-01 00:00:00"
"dvidvp46519gr","1970-01-01 00:00:00"
"dvidvp46543bn","1970-01-01 00:00:00"
"dvidvp46544bn","1970-01-01 00:00:00"
"kuzws83218bk","2023-11-22 00:00:00"
"kuzpd80718","2023-11-22 00:00:00"
"kuzpd80724","2023-11-22 00:00:00"
"kuzfm43117bk","2023-10-31 00:00:00"
"kuzfm10205bk","2023-11-22 00:00:00"
"kuztr10044bn","2023-11-22 00:00:00"
"kuzws10336bn","2023-11-22 00:00:00"
"kuzws18224bn","2023-11-22 00:00:00"
"kuzat7950wh","2023-11-22 00:00:00"
"et2e21260gld","2023-11-06 00:00:00"
"max40914clbo","2023-11-09 00:00:00"
"max30058clbkgld","2023-12-06 00:00:00"
"uttw00542","2023-11-14 00:00:00"
"zlt1943p18mgld","2024-01-04 00:00:00"
"vaxt0669","2023-11-10 00:00:00"
"vaxt0670","2023-11-10 00:00:00"
"vaxc0263","2023-11-10 00:00:00"
"max16129clbkab","2023-11-13 00:00:00"
"kuzpd30502bgcl","2023-11-22 00:00:00"
"kuzpd30502bkcl","2023-11-22 00:00:00"
"dvidvp31005grsn","1970-01-01 00:00:00"
"dvidvp31005grvbr","1970-01-01 00:00:00"
"dvidvp31005mwvbr","1970-01-01 00:00:00"
"dvidvp46502br","1970-01-01 00:00:00"
"dvidvp46550br","1970-01-01 00:00:00"
"utt32281","2023-11-04 00:00:00"
"gol3306ba3blksf","2023-10-30 00:00:00"
"hun99813","2023-12-09 00:00:00"
"ele2500g48l3sg","2024-01-31 00:00:00"
"ele6200g36l3c","2024-01-31 00:00:00"
"ele6200g36l3bk","2024-01-31 00:00:00"
"ele6200g36l3sg","2024-01-31 00:00:00"
"uttw23023","2024-02-14 00:00:00"
"utt60206","2023-12-12 00:00:00"
"afxanf1524lajudjt","2023-11-30 00:00:00"
"afxanf1524mbjt","2023-11-28 00:00:00"
"afxanf3044mbjt","2023-12-18 00:00:00"
"afxanp1524mbsnjt","2023-11-28 00:00:00"
"afxanp3044mbsnjt","2023-12-18 00:00:00"
"afxanp3044mbsnlw","2023-12-18 00:00:00"
"afxapf1524lajudwgjt","2023-11-30 00:00:00"
"afxapf3044mbesjt","2023-12-18 00:00:00"
"afxapf3044mbeslw","2023-12-18 00:00:00"
"afxapf3044mbwgjt","2023-12-18 00:00:00"
"afxapf3044mbwglw","2023-12-18 00:00:00"
"afxapp3044mbesjt","2023-12-18 00:00:00"
"afxapp3044mbeslw","2023-12-18 00:00:00"
"afxapp3044mbwgjt","2023-12-18 00:00:00"
"afxapp3044mbwglw","2023-12-18 00:00:00"
"afxhlwv240417l30ensn","2024-01-10 00:00:00"
"afxmcf1524lajudgysf","2023-11-30 00:00:00"
"afxmcf3044mbbk","2023-12-18 00:00:00"
"afxmcf3044mbbksf","2023-12-18 00:00:00"
"afxmcf3044mbgy","2023-12-18 00:00:00"
"afxmcf3044mbgysf","2023-12-18 00:00:00"
"afxmcp3044mbbkbk","2023-12-18 00:00:00"
"afxmcp3044mbsnbk","2023-12-18 00:00:00"
"afxmcp3044mbsngy","2023-12-18 00:00:00"
"afxsaf1824lajudjt","2023-11-30 00:00:00"
"afxsaf3244mbjt","2023-12-18 00:00:00"
"afxsaf3244mblw","2023-12-18 00:00:00"
"afxsap3244mbsnjt","2023-12-18 00:00:00"
"afxsap3244mbsnlw","2023-12-18 00:00:00"
"vcsap1241adb","2023-12-19 00:00:00"
"vcsksp1101bbs","2023-12-05 00:00:00"
"vcskst1141bbs1","2023-11-27 00:00:00"
"sea6544701112","2023-12-28 00:00:00"
"sea4109301962","2023-12-20 00:00:00"
"genkw1061ai","2024-04-16 00:00:00"
"sea5279404848","2023-11-20 00:00:00"
"sea5392604112","2023-12-08 00:00:00"
"kuzep26608wh","2023-12-14 00:00:00"
"kuzec26608gh","2023-12-14 00:00:00"
"far104026","2023-12-08 00:00:00"
"crystal4917","2024-01-31 00:00:00"
"crystal4918","2024-01-31 00:00:00"
"crystal4920","2024-01-31 00:00:00"
"crystal4922","2024-01-31 00:00:00"
"farw102713","2023-11-26 00:00:00"
"far101147","2023-11-21 00:00:00"
"far200220","2023-11-10 00:00:00"
"far200218","2023-11-10 00:00:00"
"crystalw5561","2024-01-31 00:00:00"
"far233157","2023-10-30 00:00:00"
"farw217343","2023-12-04 00:00:00"
"far217479","2023-11-17 00:00:00"
"far233236","2023-11-17 00:00:00"
"far217928","2023-10-28 00:00:00"
"far218414","2023-12-04 00:00:00"
"far218415","2023-12-04 00:00:00"
"far218598","2023-11-17 00:00:00"
"far231224","2023-11-08 00:00:00"
"far217461","2023-11-17 00:00:00"
"far218130","2023-11-17 00:00:00"
"farw232640","2023-11-22 00:00:00"
"farw232642","2023-10-30 00:00:00"
"farw232643","2023-10-30 00:00:00"
"farw232644","2023-10-30 00:00:00"
"farw232645","2023-10-30 00:00:00"
"farw232646","2023-10-30 00:00:00"
"crystalw8061","2024-01-31 00:00:00"
"crystal8063","2024-01-31 00:00:00"
"crystal8101","2024-01-31 00:00:00"
"far233394","2023-12-25 00:00:00"
"far500044","2023-11-03 00:00:00"
"crystal4919","2024-01-31 00:00:00"
"crystalw8421","2024-01-31 00:00:00"
"crystalw8422","2024-01-31 00:00:00"
"crystalw8423","2024-01-31 00:00:00"
"crystalw8424","2024-01-31 00:00:00"
"crystalw8426","2024-01-31 00:00:00"
"crystalw8428","2024-01-31 00:00:00"
"crystalw8429","2024-01-31 00:00:00"
"crystalw8431","2024-01-31 00:00:00"
"crystalw8432","2024-01-31 00:00:00"
"crystalw8433","2024-01-31 00:00:00"
"crystalw8434","2024-01-31 00:00:00"
"crystalw8454","2024-01-31 00:00:00"
"crystalw8455","2024-01-31 00:00:00"
"crystalw8457","2024-01-31 00:00:00"
"crystalw8458","2024-01-31 00:00:00"
"crystalw8459","2024-01-31 00:00:00"
"crystalw8460","2024-01-31 00:00:00"
"crystalw8461","2024-01-31 00:00:00"
"crystalw8462","2024-01-31 00:00:00"
"far240059","2023-11-14 00:00:00"
"far251102","2023-12-04 00:00:00"
"far250929","2023-12-27 00:00:00"
"crystal8568","2024-01-31 00:00:00"
"crystal8570","2024-01-31 00:00:00"
"crystal8571","2024-01-31 00:00:00"
"crystal8572","2024-01-31 00:00:00"
"crystal8573","2024-01-31 00:00:00"
"crystal8574","2024-01-31 00:00:00"
"far249383","2023-10-31 00:00:00"
"far249393","2023-10-31 00:00:00"
"far250502","2023-11-14 00:00:00"
"far250996","2023-11-10 00:00:00"
"far250997","2023-11-10 00:00:00"
"far251042","2023-11-10 00:00:00"
"far252670","2023-10-30 00:00:00"
"far253958","2024-02-14 00:00:00"
"et2e23482144bk","2023-11-07 00:00:00"
"et2e23482144pc","2023-11-07 00:00:00"
"et2e23482144nab","2023-11-07 00:00:00"
"et2e23484144bk","2023-11-20 00:00:00"
"et2e23484144pc","2023-11-07 00:00:00"
"et2e23484144nab","2023-11-07 00:00:00"
"et2e24185148gld","2023-12-17 00:00:00"
"et2e24188148gld","2023-12-17 00:00:00"
"et2e2138918bk","2023-11-07 00:00:00"
"et2e2138018bk","2023-11-07 00:00:00"
"et2e36104bk","2023-12-06 00:00:00"
"et2e36106bk","2023-12-06 00:00:00"
"et2e24882133fg","2023-12-14 00:00:00"
"et2e24883133fg","2023-12-14 00:00:00"
"et2e30230122bk","2023-12-20 00:00:00"
"et2e23212nab","2023-12-17 00:00:00"
"et2e23214nab","2023-12-17 00:00:00"
"et2e23215bk","2023-12-17 00:00:00"
"et2e23215nab","2023-12-17 00:00:00"
"et2e23215wt","2023-12-17 00:00:00"
"et2e34752bkgld","2023-12-17 00:00:00"
"et2e26142142bk","2023-11-13 00:00:00"
"et2e26144142bk","2023-11-13 00:00:00"
"et2e26146142bk","2023-11-13 00:00:00"
"et2e20254142bk","2023-11-13 00:00:00"
"et2e20255142bk","2023-11-13 00:00:00"
"et2e20256142bk","2023-11-13 00:00:00"
"et2e24864bk","2023-12-14 00:00:00"
"et2e11061144pc","2023-11-07 00:00:00"
"et2e11062144pc","2023-11-07 00:00:00"
"et2e11063144pc","2023-11-07 00:00:00"
"et2e2408890nab","2023-12-20 00:00:00"
"et2e2408990nab","2023-12-20 00:00:00"
"et2e3460454gybk","2023-11-07 00:00:00"
"et2e3460654bkgld","2023-11-07 00:00:00"
"et2e3460454bkgld","2023-11-07 00:00:00"
"et2e3460654gybk","2023-11-07 00:00:00"
"et2e3460454wtgld","2023-11-07 00:00:00"
"et2e3460654wtgld","2023-11-07 00:00:00"
"et2e11395bkgld","2023-11-07 00:00:00"
"et2e24881133pc","2023-11-13 00:00:00"
"et2e24881133bgm","2023-12-14 00:00:00"
"et2e24881133fg","2023-11-13 00:00:00"
"et2e25052gy","2023-12-17 00:00:00"
"et2e2138418bk","2023-12-13 00:00:00"
"et2e2138218bk","2023-11-07 00:00:00"
"et2e3460254bkgld","2023-11-07 00:00:00"
"et2e3460254wtgld","2023-11-07 00:00:00"
"et2e3460254gybk","2023-11-07 00:00:00"
"et2e11060144pc","2023-11-07 00:00:00"
"et2e23480144bk","2023-11-07 00:00:00"
"et2e23480144pc","2023-11-07 00:00:00"
"et2e23480144nab","2023-11-07 00:00:00"
"virtual","2024-03-13 00:00:00"
"testingpravin3-cas5914-1","2026-01-04 00:00:00"
