"sku","qty"
"avamoderov36wt","0.0000"
"avamoderov48wt","0.0000"
"avawindsorv60wt","0.0000"
"avacum18wt","0.0000"
"avamadisonv48to","0.0000"
"avawindsorv36wt","0.0000"
"avawindsorv48wt","0.0000"
"avawindsorv72wt","0.0000"
"avabrentwoodv31nw","0.0000"
"avabrentwoodv49nw","0.0000"
"avamoderov60wt","0.0000"
"avamoderov60wta","0.0000"
"avabrentwoodvs31nwa","0.0000"
"avabrentwoodvs31nwc","0.0000"
"avabrentwoodvs49nwa","0.0000"
"avabrentwoodvs49nwc","0.0000"
"avamadisonvs36toa","0.0000"
"avamadisonvs36toc","0.0000"
"avamadisonvs48toa","0.0000"
"avamadisonvs48toc","0.0000"
"avamadisonvs60toa","0.0000"
"avamadisonvs60toc","0.0000"
"avamadisonvs72toa","0.0000"
"avamadisonvs72toc","0.0000"
"avawindsorvs36wta","0.0000"
"avawindsorvs36wtc","0.0000"
"avawindsorvs48wta","0.0000"
"avawindsorvs48wtc","0.0000"
"avawindsorvs60wta","0.0000"
"avawindsorvs60wtc","0.0000"
"avawindsorvs72wta","0.0000"
"avawindsorvs72wtc","0.0000"
"avabrooksv36cg","0.0000"
"avabrooksvs36cga","0.0000"
"avabrooksvs36cgc","0.0000"
"avabrooksvs36wta","0.0000"
"avabrooksvs36wtc","0.0000"
"avadelanovs24wtc","0.0000"
"avafws1501bn","0.0000"
"avafws1501cp","0.0000"
"avamoderov30wt","0.0000"
"avamoderov48cg","0.0000"
"avathompsonv36cl","0.0000"
"avathompsonv72fw","0.0000"
"avathompsonvs24cla","0.0000"
"avathompsonvs24clc","0.0000"
"avathompsonvs24fwa","0.0000"
"avathompsonvs24fwc","0.0000"
"avathompsonvs30cla","0.0000"
"avathompsonvs30clc","0.0000"
"avathompsonvs30fwa","0.0000"
"avathompsonvs30fwc","0.0000"
"avathompsonvs36cla","0.0000"
"avathompsonvs36clc","0.0000"
"avathompsonvs36fwa","0.0000"
"avathompsonvs36fwc","0.0000"
"avathompsonvs48cla","0.0000"
"avathompsonvs48clc","0.0000"
"avathompsonvs48fwa","0.0000"
"avathompsonvs48fwc","0.0000"
"avathompsonvs60cla","0.0000"
"avathompsonvs60clc","0.0000"
"avathompsonvs60fwa","0.0000"
"avathompsonvs60fwc","0.0000"
"avathompsonvs72cla","0.0000"
"avathompsonvs72clc","0.0000"
"avathompsonvs72fwa","0.0000"
"avathompsonvs72fwc","0.0000"
"wynwcs141480descmunom24","0.0000"
"wynwcs141480descmunom70","0.0000"
"wynwcs141480descmunomed","0.0000"
"wynwcs141480descmunomxx","0.0000"
"wynwcs141480dwhcmunom24","0.0000"
"wynwcs141480dwhcmunom70","0.0000"
"wynwcs141480dwhcmunomed","0.0000"
"wynwcs141480dwhcmunomxx","0.0000"
"wynwcobt100169","0.0000"
"wynwcobt100169atp11bn","0.0000"
"wynwcobt100169atp11pc","0.0000"
"wynwcobt100169bntrim","0.0000"
"wynwcs141430sescmunom24","0.0000"
"wynwcs141430sescmunomed","0.0000"
"wynwcs141430sescmunomxx","0.0000"
"wynwcs141430swhcmunom24","0.0000"
"wynwcs141430swhcmunomed","0.0000"
"wynwcs141430swhcmunomxx","0.0000"
"wynwcs141430sgycmunom24","0.0000"
"wynwcs141430sgycmunomed","0.0000"
"wynwcs141430sgycmunomxx","0.0000"
"wynwcs141480dgycmunom24","0.0000"
"wynwcs141480dgycmunom70","0.0000"
"wynwcs141480dgycmunomed","0.0000"
"wynwcs141480dgycmunomxx","0.0000"
"alg020242010fr001","0.0000"
"alg028541017fr001","0.0000"
"artac8096bk","0.0000"
"alg023554010fr001","0.0000"
"alg025946031fr001","0.0000"
"alg11237010fr001","0.0000"
"alg11638010fr001","0.0000"
"artac10145bu","0.0000"
"alg020940010fr001","0.0000"
"alg026942010fr001","0.0000"
"acl5187bksd","0.0000"
"acl5208bksd","0.0000"
"acl5226bksd","0.0000"
"artac8198bk","0.0000"
"artac606","0.0000"
"artja14025bk","0.0000"
"artac10884ch","0.0000"
"acl5067bk","0.0000"
"acl5061bw","0.0000"
"acl5180bw","0.0000"
"acl5516mm","0.0000"
"acl5511mm","0.0000"
"acl5521mm","0.0000"
"acl2127mm","0.0000"
"artac5660bk","0.0000"
"artac8630bk","0.0000"
"artac8631bz","0.0000"
"artac8641bk","0.0000"
"acl6117abz","0.0000"
"acl7604abz","0.0000"
"alg022720010fr001","0.0000"
"artac8290orb","0.0000"
"artac9071ob","0.0000"
"artsc13100bk","0.0000"
"artsc13101bk","0.0000"
"artsc13112bk","0.0000"
"aldall","0.0000"
"aldallrm","0.0000"
"artac8641","0.0000"
"dvidvp3943chop","0.0000"
"dvidvp4432orb","0.0000"
"dvidvp5863chcry","0.0000"
"cas59143","0.0000"
"cas59149","0.0000"
"cas59151","0.0000"
"crw5067p29c","0.0000"
"cas5318","0.0000"
"cas5914","0.0000"
"cas5916","0.0000"
"cas5951","0.0000"
"cas55068","0.0000"
"ele2800w1grc","0.0000"
"ele2800w1crc","0.0000"
"ele2800w1cgtrc","0.0000"
"ele2800w1ggtrc","0.0000"
"ele2801w1grc","0.0000"
"ele2801w1crc","0.0000"
"ele7804d15crc","0.0000"
"ele7804d15grc","0.0000"
"ele2801w1ggtrc","0.0000"
"ele2801w1cgtrc","0.0000"
"ele6801f9crc","0.0000"
"ele2528f8grc","0.0000"
"ele2528f8crc","0.0000"
"ele7834d17crc","0.0000"
"ele9800f10crc","0.0000"
"ele2800w2grc","0.0000"
"ele2800w2crc","0.0000"
"ele6801f12crc","0.0000"
"ele6801f12grc","0.0000"
"ele9601w5fgrc","0.0000"
"ele9601w5dbrc","0.0000"
"ele9601w5pwrc","0.0000"
"ele7804d15gsgsrc","0.0000"
"ele7804d15gtgtrc","0.0000"
"ele7804d15perc","0.0000"
"ele7804d15pkrorc","0.0000"
"ele7804d15rdrc","0.0000"
"ele7804d15ssssrc","0.0000"
"ele7804d15whwhrc","0.0000"
"ele2030w6crc","0.0000"
"ele2800w2ggtrc","0.0000"
"ele2800w2cgtrc","0.0000"
"ele2801w2grc","0.0000"
"ele2801w2crc","0.0000"
"ele1900w12crc","0.0000"
"ele1900w12grc","0.0000"
"ele1802w12grc","0.0000"
"ele1802w12crc","0.0000"
"ele1803w12grc","0.0000"
"ele1803w12crc","0.0000"
"ele8000w16grc","0.0000"
"ele8000w16crc","0.0000"
"ele1800w12crc","0.0000"
"ele1800w12grc","0.0000"
"ele9601w5fggtrc","0.0000"
"ele9601w5pwgtrc","0.0000"
"ele2801w2cgtrc","0.0000"
"ele2801w2ggtrc","0.0000"
"ele2800w3grc","0.0000"
"ele2800w3crc","0.0000"
"ele2031w6crc","0.0000"
"ele8000f12grc","0.0000"
"ele8000f12crc","0.0000"
"ele9202w9dbrc","0.0000"
"ele9202w9pwrc","0.0000"
"ele9202w9fgrc","0.0000"
"ele1900f10grc","0.0000"
"ele1900f10crc","0.0000"
"ele2800w3ggtrc","0.0000"
"ele2800w3cgtrc","0.0000"
"ele6801f16grc","0.0000"
"ele6801f16crc","0.0000"
"ele8000d12crc","0.0000"
"ele9202w9dbgtrc","0.0000"
"ele9202w9pwgtrc","0.0000"
"ele9202w9fggtrc","0.0000"
"ele8033w16grc","0.0000"
"ele8033w16crc","0.0000"
"ele2801w3grc","0.0000"
"ele2801w3crc","0.0000"
"ele2011w16grc","0.0000"
"ele2015d17dbrc","0.0000"
"ele2015d17crc","0.0000"
"ele2015d17grc","0.0000"
"ele2800w2gtgtrc","0.0000"
"ele9602w10fgrc","0.0000"
"ele9602w10pwrc","0.0000"
"ele9602w10dbrc","0.0000"
"ele8949w12grc","0.0000"
"ele8949w12crc","0.0000"
"ele2800w3whrc","0.0000"
"ele8031w16grc","0.0000"
"ele8031w16crc","0.0000"
"ele2801w3ggtrc","0.0000"
"ele2801w3cgtrc","0.0000"
"ele1900f12grc","0.0000"
"ele1900f12crc","0.0000"
"ele1902f12crc","0.0000"
"ele1902f12grc","0.0000"
"ele1802w12sgrc","0.0000"
"ele1802w12scrc","0.0000"
"ele1803w12sgrc","0.0000"
"ele1803w12scrc","0.0000"
"ele2800w3whgtrc","0.0000"
"ele1800f10grc","0.0000"
"ele1800w12sgrc","0.0000"
"ele1800w12scrc","0.0000"
"ele2032w6crc","0.0000"
"ele8000f16grc","0.0000"
"ele8000f16crc","0.0000"
"ele2528w12grc","0.0000"
"ele2528w12crc","0.0000"
"ele9602w10fggtrc","0.0000"
"ele9602w10pwgtrc","0.0000"
"ele2528f12crc","0.0000"
"ele2528f12grc","0.0000"
"ele2030w8crc","0.0000"
"ele2033w6crc","0.0000"
"ele1900f14grc","0.0000"
"ele1900f14crc","0.0000"
"ele1902f14crc","0.0000"
"ele1902f14grc","0.0000"
"ele2800w3gtgtrc","0.0000"
"ele8000d16crc","0.0000"
"ele8000d16grc","0.0000"
"ele2800w5crc","0.0000"
"ele2800w5grc","0.0000"
"ele2800d12grc","0.0000"
"ele2800d12crc","0.0000"
"ele2031w8crc","0.0000"
"ele9103d10dbrc","0.0000"
"ele9103d10pwrc","0.0000"
"ele2528f14crc","0.0000"
"ele2528f14grc","0.0000"
"ele1800f12crc","0.0000"
"ele2800w5cgtrc","0.0000"
"ele7838d20crc","0.0000"
"ele7838d20grc","0.0000"
"ele2801w5grc","0.0000"
"ele2801w5crc","0.0000"
"ele6801d14crc","0.0000"
"ele6801d14grc","0.0000"
"ele2800d12ggtrc","0.0000"
"ele2800d12cgtrc","0.0000"
"ele2801d12crc","0.0000"
"ele2801d12grc","0.0000"
"ele2032w8crc","0.0000"
"ele9104d10dbrc","0.0000"
"ele9104d10fgrc","0.0000"
"ele9104d10pwrc","0.0000"
"ele9603w14dbrc","0.0000"
"ele9603w14fgrc","0.0000"
"ele9603w14pwrc","0.0000"
"ele9203f13dbrc","0.0000"
"ele9203f13pwrc","0.0000"
"ele9203f13fgrc","0.0000"
"ele2801w5ggtrc","0.0000"
"ele2801w5cgtrc","0.0000"
"ele9103d10fggtrc","0.0000"
"ele9103d10pwgtrc","0.0000"
"ele7855d21crc","0.0000"
"ele7855d21grc","0.0000"
"ele7955d21crc","0.0000"
"ele7955d21grc","0.0000"
"ele1800f14crc","0.0000"
"ele1800f14grc","0.0000"
"ele2801d12cgtrc","0.0000"
"ele2801d12ggtrc","0.0000"
"ele9203d13dbrc","0.0000"
"ele9203d13fgrc","0.0000"
"ele9203d13pwrc","0.0000"
"ele2033w8crc","0.0000"
"ele8000f19grc","0.0000"
"ele8000f19crc","0.0000"
"ele1900f16grc","0.0000"
"ele1900f16crc","0.0000"
"ele2528d12crc","0.0000"
"ele2528d12grc","0.0000"
"ele9104d10fggtrc","0.0000"
"ele9104d10pwgtrc","0.0000"
"ele9204f17dbrc","0.0000"
"ele9204f17fgrc","0.0000"
"ele9204f17pwrc","0.0000"
"ele2800w7crc","0.0000"
"ele2800w7grc","0.0000"
"ele2528f16grc","0.0000"
"ele2528f16crc","0.0000"
"ele9203f13fggtrc","0.0000"
"ele9203f13dbgtrc","0.0000"
"ele9203f13pwgtrc","0.0000"
"ele2032w18crc","0.0000"
"ele7856d24grc","0.0000"
"ele7856d24crc","0.0000"
"ele7956d24grc","0.0000"
"ele7956d24crc","0.0000"
"ele9603w14fggtrc","0.0000"
"ele9603w14pwgtrc","0.0000"
"ele2030f12crc","0.0000"
"ele2015d24crc","0.0000"
"ele2015d24dbrc","0.0000"
"ele2015d24grc","0.0000"
"ele9203d13fggtrc","0.0000"
"ele9203d13dbgtrc","0.0000"
"ele9203d13pwgtrc","0.0000"
"ele2800d20grc","0.0000"
"ele2800d20crc","0.0000"
"ele2033w18crc","0.0000"
"ele1900f18grc","0.0000"
"ele1900f18crc","0.0000"
"ele2800w7ggtrc","0.0000"
"ele2800w7cgtrc","0.0000"
"ele2801w7grc","0.0000"
"ele2031f12crc","0.0000"
"ele8001d19crc","0.0000"
"ele8001d19grc","0.0000"
"ele2801w7crc","0.0000"
"ele2011f20crc","0.0000"
"ele2011f20grc","0.0000"
"ele2032w26crc","0.0000"
"ele2034f16crc","0.0000"
"ele9204f17fggtrc","0.0000"
"ele9204f17dbgtrc","0.0000"
"ele9204f17pwgtrc","0.0000"
"ele2801d20crc","0.0000"
"ele2801d20grc","0.0000"
"ele2528d14grc","0.0000"
"ele2528d14crc","0.0000"
"ele2032f12crc","0.0000"
"ele2035f16crc","0.0000"
"ele2033w26crc","0.0000"
"ele2801w7cgtrc","0.0000"
"ele2801w7ggtrc","0.0000"
"ele2030f14crc","0.0000"
"ele2033f12crc","0.0000"
"ele1800f16crc","0.0000"
"ele1800f16grc","0.0000"
"ele2800d20ggtrc","0.0000"
"ele2800d20cgtrc","0.0000"
"ele6801d19grc","0.0000"
"ele6801d19crc","0.0000"
"ele2032w30crc","0.0000"
"ele8949f16grc","0.0000"
"ele8949f16crc","0.0000"
"ele9204d17dbrc","0.0000"
"ele9204d17fgrc","0.0000"
"ele9204d17pwrc","0.0000"
"ele2016d24crc","0.0000"
"ele2016d24grc","0.0000"
"ele7858d28grc","0.0000"
"ele7858d28crc","0.0000"
"ele7958d28crc","0.0000"
"ele7958d28grc","0.0000"
"elev2032w18cgtrc","0.0000"
"ele1900d16grc","0.0000"
"ele1900d16crc","0.0000"
"ele1900f20grc","0.0000"
"ele1900f20crc","0.0000"
"ele2031f14crc","0.0000"
"ele2033w30crc","0.0000"
"ele2032f14crc","0.0000"
"ele9800d24grc","0.0000"
"ele2015d26dbrc","0.0000"
"ele2801d20ggtrc","0.0000"
"ele2801d20cgtrc","0.0000"
"ele2015d26grc","0.0000"
"ele2015d26crc","0.0000"
"ele9205f18fgrc","0.0000"
"ele9205f18dbrc","0.0000"
"ele9205f18pwrc","0.0000"
"elev2033w18cgtrc","0.0000"
"elev2033w18cssrc","0.0000"
"ele9605w21dbrc","0.0000"
"ele9605w21fgrc","0.0000"
"ele9605w21pwrc","0.0000"
"ele7855d21cgtrc","0.0000"
"ele7955d21cgtrc","0.0000"
"ele2032w36crc","0.0000"
"elev2032w26cgtrc","0.0000"
"ele2031f16crc","0.0000"
"ele2033f14crc","0.0000"
"ele2528f20crc","0.0000"
"ele2528f20grc","0.0000"
"ele8002d22crc","0.0000"
"ele8002d22grc","0.0000"
"ele9204d17dbgtrc","0.0000"
"ele9204d17fggtrc","0.0000"
"ele9204d17pwgtrc","0.0000"
"ele2033w36crc","0.0000"
"elev2033w26cgtrc","0.0000"
"elev2033w26cssrc","0.0000"
"ele2034f20crc","0.0000"
"ele6801d21crc","0.0000"
"ele6801d21grc","0.0000"
"ele2035f20crc","0.0000"
"ele9205d18dbrc","0.0000"
"ele9205d18fgrc","0.0000"
"ele9205d18pwrc","0.0000"
"eleeca1d18crc","0.0000"
"eleeca1d18grc","0.0000"
"elev2032w30cgtrc","0.0000"
"ele2016d26grc","0.0000"
"ele2016d26crc","0.0000"
"ele9205f18fggtrc","0.0000"
"ele9205f18dbgtrc","0.0000"
"ele9205f18pwgtrc","0.0000"
"ele7856d24cgtrc","0.0000"
"ele7956d24cgtrc","0.0000"
"ele1800d16grc","0.0000"
"ele1800d16crc","0.0000"
"ele9605w21fggtrc","0.0000"
"ele9605w21pwgtrc","0.0000"
"elev2033w30cssrc","0.0000"
"elev2033w30cgtrc","0.0000"
"ele1800f20crc","0.0000"
"ele2800d20gtgtrc","0.0000"
"ele2032w44crc","0.0000"
"ele2006d16crc","0.0000"
"ele2030f20crc","0.0000"
"ele2032f16crc","0.0000"
"ele9800d20crc","0.0000"
"ele9800d20grc","0.0000"
"elev2032w36cgtrc","0.0000"
"ele2033f16crc","0.0000"
"ele9205d18dbgtrc","0.0000"
"ele9205d18pwgtrc","0.0000"
"ele9205d18fggtrc","0.0000"
"ele1900d20grc","0.0000"
"ele1900d20crc","0.0000"
"ele2015d28dbrc","0.0000"
"ele2015d28grc","0.0000"
"ele2015d28crc","0.0000"
"ele2528f24grc","0.0000"
"ele2528f24crc","0.0000"
"ele2030d20crc","0.0000"
"ele8949f20grc","0.0000"
"ele8949f20crc","0.0000"
"ele8003d25crc","0.0000"
"ele8003d25grc","0.0000"
"ele9800d28crc","0.0000"
"ele9800d28grc","0.0000"
"elev2033w36cssrc","0.0000"
"elev2033w36cgtrc","0.0000"
"ele2031f20crc","0.0000"
"ele2033w44crc","0.0000"
"ele6801d25crc","0.0000"
"ele2031d20crc","0.0000"
"ele2528d18grc","0.0000"
"ele2528d18crc","0.0000"
"ele8949d20grc","0.0000"
"ele8949d20crc","0.0000"
"ele9206d23dbrc","0.0000"
"ele9206d23pwrc","0.0000"
"ele9206d23fgrc","0.0000"
"ele2800d26grc","0.0000"
"ele2800d26crc","0.0000"
"ele7858d28cgtrc","0.0000"
"ele7958d28cgtrc","0.0000"
"ele2034f24crc","0.0000"
"elev2032w44cgtrc","0.0000"
"ele2034d24crc","0.0000"
"ele2016d28crc","0.0000"
"ele2016d28grc","0.0000"
"ele2035f24crc","0.0000"
"elev1801sr16crc","0.0000"
"elev1801sr16grc","0.0000"
"ele1900d24grc","0.0000"
"ele1900d24crc","0.0000"
"ele1800d20crc","0.0000"
"ele1800d20grc","0.0000"
"ele1800f24crc","0.0000"
"ele1800f24grc","0.0000"
"ele1800sr16crc","0.0000"
"ele1800sr16grc","0.0000"
"ele2006d18crc","0.0000"
"elev2033w44cgtrc","0.0000"
"elev2033w44cssrc","0.0000"
"ele2801d26grc","0.0000"
"ele2801d26crc","0.0000"
"ele9206d23dbgtrc","0.0000"
"ele9206d23pwgtrc","0.0000"
"ele9206d23fggtrc","0.0000"
"ele2006d20crc","0.0000"
"ele2800d26ggtrc","0.0000"
"ele2800d26cgtrc","0.0000"
"ele2528f30grc","0.0000"
"ele2528f30crc","0.0000"
"ele2035d24crc","0.0000"
"ele2030f24crc","0.0000"
"ele2032d20crc","0.0000"
"ele8005g31grc","0.0000"
"ele8005g31crc","0.0000"
"ele2800d27grc","0.0000"
"ele2800d27crc","0.0000"
"ele2030d24crc","0.0000"
"ele2801d26ggtrc","0.0000"
"ele2801d26cgtrc","0.0000"
"ele2011d27crc","0.0000"
"ele2011d27grc","0.0000"
"ele2033d20crc","0.0000"
"ele8949d24grc","0.0000"
"ele8949d24crc","0.0000"
"ele7815g33crc","0.0000"
"ele7815g33grc","0.0000"
"ele7915g33crc","0.0000"
"ele7915g33grc","0.0000"
"ele2006d24crc","0.0000"
"ele2528d22grc","0.0000"
"ele2528d22crc","0.0000"
"ele2031f24crc","0.0000"
"ele9208d24dbrc","0.0000"
"ele9208d24fgrc","0.0000"
"ele9208d24pwrc","0.0000"
"ele2800d26gtgtrc","0.0000"
"ele2801d27crc","0.0000"
"ele2801d27grc","0.0000"
"ele2031d24crc","0.0000"
"ele2030d28crc","0.0000"
"ele2800d27ggtrc","0.0000"
"ele2800d27cgtrc","0.0000"
"ele2800d30grc","0.0000"
"ele2800d30crc","0.0000"
"ele2034d32crc","0.0000"
"ele1800d24crc","0.0000"
"ele1800d24grc","0.0000"
"ele1800f28crc","0.0000"
"ele1800f28grc","0.0000"
"ele2032f24crc","0.0000"
"ele1800f36scrc","0.0000"
"ele1800f36sgrc","0.0000"
"ele2801d27cgtrc","0.0000"
"ele2801d27ggtrc","0.0000"
"ele2032d24crc","0.0000"
"ele2033f24crc","0.0000"
"ele9208d24dbgtrc","0.0000"
"ele9208d24fggtrc","0.0000"
"ele9208d24pwgtrc","0.0000"
"ele2801d30grc","0.0000"
"ele2801d30crc","0.0000"
"ele2006d28crc","0.0000"
"ele2528f36crc","0.0000"
"ele2033d24crc","0.0000"
"ele8006g35grc","0.0000"
"ele8006g35crc","0.0000"
"ele2035d32crc","0.0000"
"ele2800d30ggtrc","0.0000"
"ele2800d30cgtrc","0.0000"
"ele2031d28crc","0.0000"
"ele2801d30ggtrc","0.0000"
"ele2801d30cgtrc","0.0000"
"ele2030d32crc","0.0000"
"ele1800d28grc","0.0000"
"ele1800d28crc","0.0000"
"ele2800d36grc","0.0000"
"ele2800d36crc","0.0000"
"ele8949d30crc","0.0000"
"ele8949d30grc","0.0000"
"ele1900g30grc","0.0000"
"ele1900g30crc","0.0000"
"ele2011g41crc","0.0000"
"ele2011g41grc","0.0000"
"ele1800f40scrc","0.0000"
"ele1800f40sgrc","0.0000"
"ele2006g28crc","0.0000"
"elev1801sr22grc","0.0000"
"elev1801sr22crc","0.0000"
"ele2031d32crc","0.0000"
"ele1800sr22grc","0.0000"
"ele1800sr22crc","0.0000"
"ele2801d36grc","0.0000"
"ele2801d36crc","0.0000"
"ele2038d26crc","0.0000"
"ele2800d36cgtrc","0.0000"
"ele2800d36ggtrc","0.0000"
"ele2800d38grc","0.0000"
"ele2800d38crc","0.0000"
"ele7815g33cgtrc","0.0000"
"ele7825g43grc","0.0000"
"ele7825g43crc","0.0000"
"ele7915g33cgtrc","0.0000"
"ele7925g43crc","0.0000"
"ele7925g43grc","0.0000"
"ele2039d26crc","0.0000"
"ele2032d28crc","0.0000"
"ele2800d30gtgtrc","0.0000"
"ele9210d28dbrc","0.0000"
"ele9210d28fgrc","0.0000"
"ele9210d28pwrc","0.0000"
"ele1800f36grc","0.0000"
"ele1800f36crc","0.0000"
"ele2033d28crc","0.0000"
"ele2801d38crc","0.0000"
"ele2801d36cgtrc","0.0000"
"ele2801d36ggtrc","0.0000"
"ele2801d38grc","0.0000"
"ele2800d38ggtrc","0.0000"
"ele2800d38cgtrc","0.0000"
"ele2006g30crc","0.0000"
"ele2038d26cgtrc","0.0000"
"ele2801d38ggtrc","0.0000"
"ele2801d38cgtrc","0.0000"
"ele2039d26cgtrc","0.0000"
"ele2039d26cssrc","0.0000"
"ele2032d32crc","0.0000"
"ele9210d28fggtrc","0.0000"
"ele9210d28pwgtrc","0.0000"
"ele9210d28dbgtrc","0.0000"
"ele1800f42crc","0.0000"
"ele1800f42grc","0.0000"
"ele2033d32crc","0.0000"
"ele8008g44grc","0.0000"
"ele8008g44crc","0.0000"
"ele1800g30crc","0.0000"
"ele1800g30grc","0.0000"
"ele2800g44grc","0.0000"
"ele2800g44crc","0.0000"
"ele2800d36gtgtrc","0.0000"
"ele2006g32crc","0.0000"
"elev1801sr30grc","0.0000"
"elev1801sr30crc","0.0000"
"ele1800sr30grc","0.0000"
"ele1800sr30crc","0.0000"
"ele1800g36scrc","0.0000"
"ele1800g36sgrc","0.0000"
"ele2801g44grc","0.0000"
"ele2801g44crc","0.0000"
"ele2800g44ggtrc","0.0000"
"ele2800g44cgtrc","0.0000"
"ele2800g52crc","0.0000"
"ele2800g52grc","0.0000"
"ele7825g43cgtrc","0.0000"
"ele7925g43cgtrc","0.0000"
"ele2801g44ggtrc","0.0000"
"ele2801g44cgtrc","0.0000"
"ele1800f48grc","0.0000"
"ele1800f48crc","0.0000"
"ele2801g52crc","0.0000"
"ele2801g52grc","0.0000"
"elev1801sr36crc","0.0000"
"elev1801sr36grc","0.0000"
"ele2800g52cgtrc","0.0000"
"ele2800g52ggtrc","0.0000"
"ele2800g46grc","0.0000"
"ele2800g46crc","0.0000"
"ele8949g36crc","0.0000"
"ele8949g36grc","0.0000"
"ele1800sr36grc","0.0000"
"ele1800sr36crc","0.0000"
"ele1800g36grc","0.0000"
"ele2801g52ggtrc","0.0000"
"ele2801g52cgtrc","0.0000"
"ele2800g46ggtrc","0.0000"
"ele2800g46cgtrc","0.0000"
"ele2801g46grc","0.0000"
"ele2801g46crc","0.0000"
"ele2801g46ggtrc","0.0000"
"ele2801g46cgtrc","0.0000"
"ele2038g42crc","0.0000"
"ele1800g42grc","0.0000"
"ele1800g42crc","0.0000"
"elev1801sr48grc","0.0000"
"elev1801sr48crc","0.0000"
"ele2039g42crc","0.0000"
"ele1800sr48grc","0.0000"
"ele1800sr48crc","0.0000"
"ele2800g60grc","0.0000"
"ele2800g60crc","0.0000"
"ele2800g54grc","0.0000"
"ele2800g54crc","0.0000"
"ele2038g42cgtrc","0.0000"
"ele2801g60grc","0.0000"
"ele2801g60crc","0.0000"
"ele2800g60ggtrc","0.0000"
"ele2800g72crc","0.0000"
"ele2800g60cgtrc","0.0000"
"ele2800g72grc","0.0000"
"ele2039g42cgtrc","0.0000"
"ele2039g42cssrc","0.0000"
"ele2800g54cgtrc","0.0000"
"ele2800g54ggtrc","0.0000"
"ele2801g54grc","0.0000"
"ele2801g54crc","0.0000"
"ele2801g60ggtrc","0.0000"
"ele2801g72grc","0.0000"
"ele2801g72crc","0.0000"
"ele2801g60cgtrc","0.0000"
"ele2801g54ggtrc","0.0000"
"ele2801g54cgtrc","0.0000"
"ele2800g72ggtrc","0.0000"
"ele2800g72cgtrc","0.0000"
"ele2801g72ggtrc","0.0000"
"ele2801g72cgtrc","0.0000"
"ele2800g96grc","0.0000"
"ele2800g96crc","0.0000"
"ele2801g96grc","0.0000"
"ele2801g96crc","0.0000"
"ele2800g96ggtrc","0.0000"
"ele2800g96cgtrc","0.0000"
"ele9245g54fgrc","0.0000"
"ele9245g54pwrc","0.0000"
"ele9245g54dbrc","0.0000"
"ele2801g96ggtrc","0.0000"
"ele2801g96cgtrc","0.0000"
"ele9245g54dbgtrc","0.0000"
"ele9245g54pwgtrc","0.0000"
"ele9245g54fggtrc","0.0000"
"et2e2427020pc","0.0000"
"et2e2427720pc","0.0000"
"et2e2011424","0.0000"
"et2e2313510pc","0.0000"
"et2e2311918","0.0000"
"et2e2131010pc","0.0000"
"et2e2313710pc","0.0000"
"et2e2011818","0.0000"
"et2e2209428","0.0000"
"et2e2131510bz","0.0000"
"et2e2131610pc","0.0000"
"et2e2131710bz","0.0000"
"et2e2311518","0.0000"
"et2e2312918pc","0.0000"
"et2e6310911sn","0.0000"
"et2e2283518pcpc","0.0000"
"ele1130d17dbrc","0.0000"
"ele1130d17dbgtrc","0.0000"
"ele1130d17dbssrc","0.0000"
"ele1130d17pnrc","0.0000"
"ele1130d17pngtrc","0.0000"
"ele1130d17pnssrc","0.0000"
"ele1130d20dbrc","0.0000"
"ele1130d20dbgtrc","0.0000"
"ele1130d20dbssrc","0.0000"
"ele1130d20pnrc","0.0000"
"ele1130d20pngtrc","0.0000"
"ele1130d20pnssrc","0.0000"
"ele1130d25dbrc","0.0000"
"ele1130d25dbgtrc","0.0000"
"ele1130d25dbssrc","0.0000"
"ele1130d25pnrc","0.0000"
"ele1130d25pngtrc","0.0000"
"ele1130d25pnssrc","0.0000"
"ele1130d32pnrc","0.0000"
"ele1130d32pngtrc","0.0000"
"ele1130d32pnssrc","0.0000"
"ele1130g43dbrc","0.0000"
"ele1130g43dbgtrc","0.0000"
"ele1130g43dbssrc","0.0000"
"ele1130g43pnrc","0.0000"
"ele1130g43pngtrc","0.0000"
"ele1130g43pnssrc","0.0000"
"ele1130g43rirc","0.0000"
"ele1130g43rigtrc","0.0000"
"ele1130g43rissrc","0.0000"
"ele1130g60dbrc","0.0000"
"ele1130g60dbgtrc","0.0000"
"ele1130g60dbssrc","0.0000"
"ele1130g60pnrc","0.0000"
"ele1130g60pngtrc","0.0000"
"ele1130g60pnssrc","0.0000"
"ele1201d20mbrc","0.0000"
"ele1201d20mbgtrc","0.0000"
"ele1201d20mbssrc","0.0000"
"ele1201d20pnrc","0.0000"
"ele1201d20pngtrc","0.0000"
"ele1201d20pnssrc","0.0000"
"ele1201d26mbrc","0.0000"
"ele1201d26mbgtrc","0.0000"
"ele1201d26mbssrc","0.0000"
"ele1201d26pnrc","0.0000"
"ele1201d26pngtrc","0.0000"
"ele1201d26pnssrc","0.0000"
"ele1201d32mbrc","0.0000"
"ele1201d32mbgtrc","0.0000"
"ele1201d32mbssrc","0.0000"
"ele1201d32pnrc","0.0000"
"ele1201d32pngtrc","0.0000"
"ele1201d32pnssrc","0.0000"
"ele1201d44mbrc","0.0000"
"ele1201d44mbgtrc","0.0000"
"ele1201d44mbssrc","0.0000"
"ele1201d44pnrc","0.0000"
"ele1201d44pngtrc","0.0000"
"ele1201d44pnssrc","0.0000"
"ele1201f20mbrc","0.0000"
"ele1201f20mbgtrc","0.0000"
"ele1201f20mbssrc","0.0000"
"ele1201f20pnrc","0.0000"
"ele1201f20pngtrc","0.0000"
"ele1201f20pnssrc","0.0000"
"ele1201f32mbrc","0.0000"
"ele1201f32mbgtrc","0.0000"
"ele1201f32mbssrc","0.0000"
"ele1201f32pnrc","0.0000"
"ele1201f32pngtrc","0.0000"
"ele1201f32pnssrc","0.0000"
"ele1202d40mbrc","0.0000"
"ele1202d40mbgtrc","0.0000"
"ele1202d40mbssrc","0.0000"
"ele1202d40pnrc","0.0000"
"ele1202d40pngtrc","0.0000"
"ele1202d40pnssrc","0.0000"
"ele1202d50mbrc","0.0000"
"ele1202d50mbgtrc","0.0000"
"ele1202d50mbssrc","0.0000"
"ele1202d50pnrc","0.0000"
"ele1202d50pngtrc","0.0000"
"ele1202d50pnssrc","0.0000"
"ele1202d60mbrc","0.0000"
"ele1202d60mbgtrc","0.0000"
"ele1202d60mbssrc","0.0000"
"ele1202d60pnrc","0.0000"
"ele1202d60pngtrc","0.0000"
"ele1202d60pnssrc","0.0000"
"ele1203d28mbrc","0.0000"
"ele1203d28mbgtrc","0.0000"
"ele1203d28mbssrc","0.0000"
"ele1203d28pnrc","0.0000"
"ele1203d28pngtrc","0.0000"
"ele1203d28pnssrc","0.0000"
"ele1203d35mbrc","0.0000"
"ele1203d35mbgtrc","0.0000"
"ele1203d35mbssrc","0.0000"
"ele1203d35pnrc","0.0000"
"ele1203d35pngtrc","0.0000"
"ele1203d35pnssrc","0.0000"
"ele1203g43mbrc","0.0000"
"ele1203g43mbgtrc","0.0000"
"ele1203g43mbssrc","0.0000"
"ele1203g43pnrc","0.0000"
"ele1203g43pngtrc","0.0000"
"ele1203g43pnssrc","0.0000"
"ele1204d14mbrc","0.0000"
"ele1204d14pnrc","0.0000"
"ele1204d20mbrc","0.0000"
"ele1204d20pnrc","0.0000"
"ele1204d27mbrc","0.0000"
"ele1204d27pnrc","0.0000"
"ele1204d35mbrc","0.0000"
"ele1204d35pnrc","0.0000"
"ele1205d12dbrc","0.0000"
"ele1205d12fgrc","0.0000"
"ele1205d18dbrc","0.0000"
"ele1205d18fgrc","0.0000"
"ele1205d24dbrc","0.0000"
"ele1205d24fgrc","0.0000"
"ele1205g36dbrc","0.0000"
"ele1205g36fgrc","0.0000"
"ele1205w5dbrc","0.0000"
"ele1205w5fgrc","0.0000"
"ele1206d14mbrc","0.0000"
"ele1206d14mbgtrc","0.0000"
"ele1206d14mbssrc","0.0000"
"ele1206d14pnrc","0.0000"
"ele1206d14pngtrc","0.0000"
"ele1206d14pnssrc","0.0000"
"ele1206d20mbrc","0.0000"
"ele1206d20mbgtrc","0.0000"
"ele1206d20mbssrc","0.0000"
"ele1206d20pnrc","0.0000"
"ele1206d20pngtrc","0.0000"
"ele1206d20pnssrc","0.0000"
"ele1206d27mbrc","0.0000"
"ele1206d27mbgtrc","0.0000"
"ele1206d27mbssrc","0.0000"
"ele1206d27pnrc","0.0000"
"ele1206d27pngtrc","0.0000"
"ele1206d27pnssrc","0.0000"
"ele1206d35mbrc","0.0000"
"ele1206d35mbgtrc","0.0000"
"ele1206d35mbssrc","0.0000"
"ele1206d35pnrc","0.0000"
"ele1206d35pngtrc","0.0000"
"ele1206d35pnssrc","0.0000"
"ele1208d12mbrc","0.0000"
"ele1208d12mbgtrc","0.0000"
"ele1208d12mbssrc","0.0000"
"ele1208d12pnssrc","0.0000"
"ele1208d16mbrc","0.0000"
"ele1208d16mbgtrc","0.0000"
"ele1208d16mbssrc","0.0000"
"ele1208d16pnrc","0.0000"
"ele1208d16pngtrc","0.0000"
"ele1208d16pnssrc","0.0000"
"ele1208d20mbrc","0.0000"
"ele1208d20mbgtrc","0.0000"
"ele1208d20mbssrc","0.0000"
"ele1208d20pnrc","0.0000"
"ele1208d20pngtrc","0.0000"
"ele1208d20pnssrc","0.0000"
"ele1208d26mbrc","0.0000"
"ele1208d26mbgtrc","0.0000"
"ele1208d26mbssrc","0.0000"
"ele1208d26pnrc","0.0000"
"ele1208d26pngtrc","0.0000"
"ele1208d26pnssrc","0.0000"
"ele1208d31mbrc","0.0000"
"ele1208d31mbgtrc","0.0000"
"ele1208d31mbssrc","0.0000"
"ele1208d31pnrc","0.0000"
"ele1208d31pngtrc","0.0000"
"ele1208d31pnssrc","0.0000"
"ele1208f12mbrc","0.0000"
"ele1208f12mbgtrc","0.0000"
"ele1208f12mbssrc","0.0000"
"ele1208f12pnssrc","0.0000"
"ele1208f16mbrc","0.0000"
"ele1208f16mbgtrc","0.0000"
"ele1208f16mbssrc","0.0000"
"ele1208f16pnrc","0.0000"
"ele1208f16pngtrc","0.0000"
"ele1208f16pnssrc","0.0000"
"ele1208f20mbrc","0.0000"
"ele1208f20mbgtrc","0.0000"
"ele1208f20mbssrc","0.0000"
"ele1208f20pnrc","0.0000"
"ele1208f20pngtrc","0.0000"
"ele1208f20pnssrc","0.0000"
"ele1208f26mbrc","0.0000"
"ele1208f26mbgtrc","0.0000"
"ele1208f26mbssrc","0.0000"
"ele1208f26pnrc","0.0000"
"ele1208f26pngtrc","0.0000"
"ele1208f26pnssrc","0.0000"
"ele1208f31mbrc","0.0000"
"ele1208f31mbgtrc","0.0000"
"ele1208f31mbssrc","0.0000"
"ele1208f31pnrc","0.0000"
"ele1208f31pngtrc","0.0000"
"ele1208f31pnssrc","0.0000"
"ele1208f43mbrc","0.0000"
"ele1208f43mbgtrc","0.0000"
"ele1208f43mbssrc","0.0000"
"ele1208f43pnrc","0.0000"
"ele1208f43pngtrc","0.0000"
"ele1208f43pnssrc","0.0000"
"ele1208g43mbrc","0.0000"
"ele1208g43mbgtrc","0.0000"
"ele1208g43mbssrc","0.0000"
"ele1208g43pnrc","0.0000"
"ele1208g43pngtrc","0.0000"
"ele1208g43pnssrc","0.0000"
"ele1208w8mbrc","0.0000"
"ele1208w8mbgtrc","0.0000"
"ele1208w8mbssrc","0.0000"
"ele1208w8pnrc","0.0000"
"ele1208w8pngtrc","0.0000"
"ele1208w8pnssrc","0.0000"
"ele1211d17fb","0.0000"
"ele1211d26fb","0.0000"
"ele1211d43fb","0.0000"
"ele1212d40fb","0.0000"
"ele1212d60fb","0.0000"
"ele1212w6fb","0.0000"
"ele1213d12mbrc","0.0000"
"ele1213d12pnrc","0.0000"
"ele1213d16mbrc","0.0000"
"ele1213d16pnrc","0.0000"
"ele1213d20mbrc","0.0000"
"ele1213d20pnrc","0.0000"
"ele1213d25mbrc","0.0000"
"ele1213d25pnrc","0.0000"
"ele1213d32mbrc","0.0000"
"ele1213d32pnrc","0.0000"
"ele1213g43mbrc","0.0000"
"ele1213g43pnrc","0.0000"
"ele1213w11mbrc","0.0000"
"ele1213w11pnrc","0.0000"
"ele1214d12mbrc","0.0000"
"ele1214d12mbgtrc","0.0000"
"ele1214d12mbssrc","0.0000"
"ele1214d12pnrc","0.0000"
"ele1214d12pngtrc","0.0000"
"ele1214d12pnssrc","0.0000"
"ele1214d16mbrc","0.0000"
"ele1214d16mbgtrc","0.0000"
"ele1214d16mbssrc","0.0000"
"ele1214d16pnrc","0.0000"
"ele1214d16pngtrc","0.0000"
"ele1214d16pnssrc","0.0000"
"ele1214d20mbrc","0.0000"
"ele1214d20mbgtrc","0.0000"
"ele1214d20mbssrc","0.0000"
"ele1214d20pnrc","0.0000"
"ele1214d20pngtrc","0.0000"
"ele1214d20pnssrc","0.0000"
"ele1214d25mbrc","0.0000"
"ele1214d25mbgtrc","0.0000"
"ele1214d25mbssrc","0.0000"
"ele1214d25pnrc","0.0000"
"ele1214d25pngtrc","0.0000"
"ele1214d25pnssrc","0.0000"
"ele1214d32mbrc","0.0000"
"ele1214d32mbgtrc","0.0000"
"ele1214d32mbssrc","0.0000"
"ele1214d32pnrc","0.0000"
"ele1214d32pngtrc","0.0000"
"ele1214d32pnssrc","0.0000"
"ele1214g43mbrc","0.0000"
"ele1214g43mbgtrc","0.0000"
"ele1214g43mbssrc","0.0000"
"ele1214g43pnrc","0.0000"
"ele1214g43pngtrc","0.0000"
"ele1214g43pnssrc","0.0000"
"ele1214w11mbrc","0.0000"
"ele1214w11mbgtrc","0.0000"
"ele1214w11mbssrc","0.0000"
"ele1214w11pnrc","0.0000"
"ele1214w11pngtrc","0.0000"
"ele1214w11pnssrc","0.0000"
"ele1215g40pnrc","0.0000"
"ele1215g50mbrc","0.0000"
"ele1215g50pnrc","0.0000"
"ele1216g40mbrc","0.0000"
"ele1216g40mbgtrc","0.0000"
"ele1216g40mbssrc","0.0000"
"ele1216g40pnrc","0.0000"
"ele1216g40pngtrc","0.0000"
"ele1216g40pnssrc","0.0000"
"ele1216g50mbrc","0.0000"
"ele1216g50mbgtrc","0.0000"
"ele1216g50mbssrc","0.0000"
"ele1216g50pnrc","0.0000"
"ele1216g50pngtrc","0.0000"
"ele1216g50pnssrc","0.0000"
"ele1452d22db","0.0000"
"ele1452d22pn","0.0000"
"ele1452d28db","0.0000"
"ele1452d28pn","0.0000"
"ele1452w9db","0.0000"
"ele1452w9pn","0.0000"
"ele1800g48crc","0.0000"
"ele1800g48grc","0.0000"
"ele1800g54crc","0.0000"
"ele1800g54grc","0.0000"
"ele1800g62crc","0.0000"
"ele1800g62grc","0.0000"
"ele1800g72crc","0.0000"
"ele1800g72grc","0.0000"
"ele2006f12crc","0.0000"
"ele2006f13crc","0.0000"
"ele2006f13scrc","0.0000"
"ele2006f14crc","0.0000"
"ele2006f14scrc","0.0000"
"ele2006f16crc","0.0000"
"ele2006f16scrc","0.0000"
"ele2006f8crc","0.0000"
"ele2006g36crc","0.0000"
"ele2011d21dbrc","0.0000"
"ele2011d27dbrc","0.0000"
"ele2011f20dbrc","0.0000"
"ele2011f27dbrc","0.0000"
"ele2011g41dbrc","0.0000"
"ele2011g54crc","0.0000"
"ele2011g54dbrc","0.0000"
"ele2011w16dbrc","0.0000"
"ele2015g36crc","0.0000"
"ele2015g36dbrc","0.0000"
"ele2015g36grc","0.0000"
"ele2015w2crc","0.0000"
"ele2015w2dbrc","0.0000"
"ele2015w2grc","0.0000"
"ele2015w3crc","0.0000"
"ele2015w3dbrc","0.0000"
"ele2015w3grc","0.0000"
"ele2016d24dbrc","0.0000"
"ele2016d26dbrc","0.0000"
"ele2016d28dbrc","0.0000"
"ele2016g36crc","0.0000"
"ele2016g36dbrc","0.0000"
"ele2016g36grc","0.0000"
"ele2090d32crc","0.0000"
"ele2090d44crc","0.0000"
"ele2092d16crc","0.0000"
"ele2092d20crc","0.0000"
"ele2092d24crc","0.0000"
"ele2092f16crc","0.0000"
"ele2092f20crc","0.0000"
"ele2092f24crc","0.0000"
"ele2092w7crc","0.0000"
"ele2102d14crc","0.0000"
"ele2102d20crc","0.0000"
"ele2102d24crc","0.0000"
"ele2800d27gtgtrc","0.0000"
"ele2800d46crc","0.0000"
"ele2800d46grc","0.0000"
"ele2800d46gtgtrc","0.0000"
"ele2800g44gtgtrc","0.0000"
"ele2800g54gtgtrc","0.0000"
"ele2800w1gtgtrc","0.0000"
"ele2800w5gtgtrc","0.0000"
"ele2800w7gtgtrc","0.0000"
"ele2914d12crc","0.0000"
"ele2914d16crc","0.0000"
"ele2914d20crc","0.0000"
"ele2914d24crc","0.0000"
"ele2914f12crc","0.0000"
"ele2914f16crc","0.0000"
"ele2914f20crc","0.0000"
"ele2914f24crc","0.0000"
"ele7890d28crc","0.0000"
"ele7890d28grc","0.0000"
"ele7890g38crc","0.0000"
"ele7890g38grc","0.0000"
"ele9104d10dbgtrc","0.0000"
"ele9800f12crc","0.0000"
"ele9800f12grc","0.0000"
"ele9800f14crc","0.0000"
"ele9800f14grc","0.0000"
"ele9805f10crc","0.0000"
"ele9805f10grc","0.0000"
"ele9805f14crc","0.0000"
"ele9805f14grc","0.0000"
"kovp5044077l","0.0000"
"kovp591084","0.0000"
"kovp1110613l","0.0000"
"kovp1902077l","0.0000"
"kovp4035084","0.0000"
"kovp5046084l","0.0000"
"kovp1234066l","0.0000"
"kovp3051654l","0.0000"
"kovp472084l","0.0000"
"gol127013ch","0.0000"
"gol13233pebb","0.0000"
"gol1567m1lpc","0.0000"
"gol1567sfpc","0.0000"
"gol1821m1lbi","0.0000"
"gol3602lpwpw","0.0000"
"gol3604lrbzrbz","0.0000"
"gol3604m1lrbzrbz","0.0000"
"gol40743rbz","0.0000"
"gol43093pblksd","0.0000"
"gol4309lpblksd","0.0000"
"gol81063pcdb","0.0000"
"gol3306ba2pwpw","0.0000"
"gol3306ba3pwop","0.0000"
"gol3604labab","0.0000"
"frefr45606bni","0.0000"
"frefr41240vbz","0.0000"
"frefr44413pcm","0.0000"
"frefr48602mmb","0.0000"
"hin5650bn","0.0000"
"hin5310pz","0.0000"
"hin5310bb","0.0000"
"hin4017ol","0.0000"
"hin1314mo","0.0000"
"hin1320kz","0.0000"
"hin2370as","0.0000"
"hin2573tt","0.0000"
"hin2372as","0.0000"
"hin1834bz","0.0000"
"hin1419bk","0.0000"
"hin2374as","0.0000"
"hin4103pz","0.0000"
"hin3201br","0.0000"
"hin5105an","0.0000"
"hin1275vkled","0.0000"
"hin1891rk","0.0000"
"hun51059","0.0000"
"hun53069","0.0000"
"hun53071","0.0000"
"hun50466","0.0000"
"hun52089","0.0000"
"hin2206dz","0.0000"
"hin3176an","0.0000"
"hin1490bk","0.0000"
"hin3136cm","0.0000"
"hin50036cm","0.0000"
"hin5593cmled","0.0000"
"hin3381hb","0.0000"
"hun51091","0.0000"
"hun53328","0.0000"
"hun53337","0.0000"
"hun59219","0.0000"
"hun59244","0.0000"
"hun59248","0.0000"
"hun59269","0.0000"
"hin5053cmled","0.0000"
"klc9017mb","0.0000"
"klc5986sn","0.0000"
"klc9171pd","0.0000"
"klc6312ac","0.0000"
"klc9231bb","0.0000"
"klc300484ch","0.0000"
"klc400621mz","0.0000"
"klc400650bd","0.0000"
"klc403321ai","0.0000"
"klc501553cp","0.0000"
"klc501721gsll","0.0000"
"klc315532ch","0.0000"
"klc504634bi","0.0000"
"liv154091","0.0000"
"liv501301","0.0000"
"liv857063","0.0000"
"liv501291","0.0000"
"liv852564","0.0000"
"liv858763","0.0000"
"liv132191","0.0000"
"liv562607","0.0000"
"liv643971","0.0000"
"liv820058","0.0000"
"liv225504","0.0000"
"liv501502","0.0000"
"liv427301","0.0000"
"liv5086591","0.0000"
"liv5087507","0.0000"
"liv200701","0.0000"
"liv209061","0.0000"
"liv214107","0.0000"
"liv215202","0.0000"
"liv225507","0.0000"
"liv238102","0.0000"
"liv255604","0.0000"
"liv260204","0.0000"
"liv260504","0.0000"
"liv415201","0.0000"
"liv486967","0.0000"
"liv506591","0.0000"
"liv651548","0.0000"
"liv651848","0.0000"
"liv739305","0.0000"
"liv765358","0.0000"
"liv886664","0.0000"
"liv651601","0.0000"
"liv213707","0.0000"
"liv421391","0.0000"
"liv5184328","0.0000"
"liv5210935","0.0000"
"liv5213892","0.0000"
"liv200602","0.0000"
"liv216601","0.0000"
"liv6261607","0.0000"
"liv260261","0.0000"
"liv5104491","0.0000"
"liv514091","0.0000"
"liv7395691","0.0000"
"liv4002591","0.0000"
"liv4087005","0.0000"
"liv4110833","0.0000"
"liv4242007","0.0000"
"liv7619807","0.0000"
"prop540131","0.0000"
"qur50943114","0.0000"
"qur5530188","0.0000"
"qur5306270","0.0000"
"qur8041714","0.0000"
"qur6006670","0.0000"
"qur13552595","0.0000"
"qur9241386","0.0000"
"qur8006470","0.0000"
"qur6157644","0.0000"
"qur61061270","0.0000"
"qur63521056","0.0000"
"qur3505","0.0000"
"vaxow24963bbz","0.0000"
"vaxof37211bbz","0.0000"
"vaxow33483bbz","0.0000"
"vaxt0079","0.0000"
"vaxw0075","0.0000"
"vaxt0110","0.0000"
"vaxp0174","0.0000"
"vaxp0177","0.0000"
"vaxp0178","0.0000"
"vaxt0215","0.0000"
"zlt412sf16","0.0000"
"max2699mrsn","0.0000"
"max24153bcgs","0.0000"
"max39828bcwtpc","0.0000"
"max39871bcps","0.0000"
"max24150bcgs","0.0000"
"max24155bcgs","0.0000"
"max21460nkpn","0.0000"
"max21465nkpn","0.0000"
"max21466nkpn","0.0000"
"max1074cleb","0.0000"
"metn610320","0.0000"
"minf589ht","0.0000"
"minf689pw","0.0000"
"murol7400astb","0.0000"
"seafm313bs","0.0000"
"murol5407bk","0.0000"
"murol5404bk","0.0000"
"min324277","0.0000"
"min6354177","0.0000"
"min6912613","0.0000"
"seaol5907bk","0.0000"
"murol8701orb","0.0000"
"min4751206","0.0000"
"minf689wh","0.0000"
"murp1303pn","0.0000"
"murp1309orb","0.0000"
"murf30603orb","0.0000"
"murol11100dwz","0.0000"
"murvs20602pn","0.0000"
"mfcjdbrbrmtl","0.0000"
"minf726bnsl","0.0000"
"min417784","0.0000"
"out869366","0.0000"
"out8882a39","0.0000"
"mfcdabs","0.0000"
"mfcdabb","0.0000"
"murol11602orbled","0.0000"
"min3281589","0.0000"
"metn69671267b","0.0000"
"murol13101ptbz","0.0000"
"murvs23402ch","0.0000"
"mon3dstr57bsd","0.0000"
"sea31808962","0.0000"
"sea31626962","0.0000"
"sea65062715","0.0000"
"sea850912","0.0000"
"sea7543615","0.0000"
"sea876515","0.0000"
"sea8202912","0.0000"
"sea75061962","0.0000"
"sea4450402962","0.0000"
"sea65085715","0.0000"
"sea44854965","0.0000"
"sea88241780","0.0000"
"sea3115203962","0.0000"
"sea784790212","0.0000"
"sea823630112","0.0000"
"sea8452912","0.0000"
"sea61160962","0.0000"
"sea8304701714","0.0000"
"sea853870112","0.0000"
"sea88201en12","0.0000"
"sea8902512","0.0000"
"sea8906246","0.0000"
"sea8980515","0.0000"
"out9153a357","0.0000"
"out881657","0.0000"
"out72502615bl","0.0000"
"out909195","0.0000"
"tol82dg715","0.0000"
"out9322585","0.0000"
"utt19643","0.0000"
"utt19725","0.0000"
"utt21801","0.0000"
"utt26326","0.0000"
"utt21924","0.0000"
"utt26308","0.0000"
"utt26120","0.0000"
"utt24281","0.0000"
"utt05018","0.0000"
"utt14499","0.0000"
"utt20309","0.0000"
"utt21986","0.0000"
"utt22064","0.0000"
"utt24346","0.0000"
"utt24491","0.0000"
"utt285981","0.0000"
"utt24641","0.0000"
"utt27251","0.0000"
"utt27270","0.0000"
"utt27520","0.0000"
"utt281221","0.0000"
"utt04100","0.0000"
"utt25789","0.0000"
"max10014omoi","0.0000"
"utt23321","0.0000"
"utt23954","0.0000"
"max30260clftsn","0.0000"
"max27553wtpc","0.0000"
"et2e10001pc","0.0000"
"et2e2283318svpc","0.0000"
"et2e2283418svpc","0.0000"
"max26111cdpcbui","0.0000"
"max26112cdpcbui","0.0000"
"max26113cdpcbui","0.0000"
"max26114cdpcbui","0.0000"
"artac10063","0.0000"
"artac10684bz","0.0000"
"artac10721ch","0.0000"
"artac10721ob","0.0000"
"artac10789bk","0.0000"
"artac10980","0.0000"
"artac10983","0.0000"
"artac7432ch","0.0000"
"artac9133bk","0.0000"
"artsc13126sb","0.0000"
"hin1144olcl","0.0000"
"hin1194dz","0.0000"
"hin1437rbll","0.0000"
"hin1438rbll","0.0000"
"hin1852lzll","0.0000"
"hin2041gsll","0.0000"
"hin2105bk","0.0000"
"hin2362mb","0.0000"
"hin2931dz","0.0000"
"hin3302brcl","0.0000"
"hin3381hbled","0.0000"
"hin3381lz","0.0000"
"hin3382hbled","0.0000"
"hin3382lzled","0.0000"
"hin4835dzpn","0.0000"
"hin67002en","0.0000"
"hin67003en","0.0000"
"frefr43412cpg","0.0000"
"frefr43415cpg","0.0000"
"aclin21200orb","0.0000"
"aclin41327pn","0.0000"
"aclin11019rb","0.0000"
"aclin41296pn","0.0000"
"aclin11106as","0.0000"
"aclin11106orb","0.0000"
"aclin11201orb","0.0000"
"aclin41301pn","0.0000"
"aclin31144sn","0.0000"
"aclin21062wg","0.0000"
"aclin41311sn","0.0000"
"aclin11025ag","0.0000"
"aclin41310sn","0.0000"
"aclin41267sn","0.0000"
"aclin11170orb","0.0000"
"aclin11096pn","0.0000"
"acl2221bc","0.0000"
"acl2221bk","0.0000"
"acl5274bw","0.0000"
"acl8116abz","0.0000"
"acl39017bc","0.0000"
"acl39102abz","0.0000"
"acl39106abz","0.0000"
"acl39602bc","0.0000"
"aclin41380sn","0.0000"
"aclin41251sn","0.0000"
"aclin41325pn","0.0000"
"acl31991bs","0.0000"
"acl31992abz","0.0000"
"aclin41315pn","0.0000"
"aclin41315orb","0.0000"
"acl1401ss","0.0000"
"artja14021vb","0.0000"
"qur5207265","0.0000"
"qur7708","0.0000"
"qur7860586","0.0000"
"qur6822480","0.0000"
"qur6507365","0.0000"
"qur665658","0.0000"
"qur6207986","0.0000"
"qur61526156","0.0000"
"qur6073470","0.0000"
"qur5257370","0.0000"
"qur5104265","0.0000"
"qur5073270","0.0000"
"qur5011280","0.0000"
"qur350639","0.0000"
"qur29061339","0.0000"
"qur19721586","0.0000"
"qur9021165","0.0000"
"qur9414469","0.0000"
"qur9414486","0.0000"
"qur9021565","0.0000"
"qur84680","0.0000"
"qur8823765","0.0000"
"qur728269","0.0000"
"qur6731465","0.0000"
"qur6714370","0.0000"
"qur6014570","0.0000"
"qur6014870","0.0000"
"qur5059380","0.0000"
"qur5414170","0.0000"
"qur35091462","0.0000"
"qur35091486","0.0000"
"qur336465","0.0000"
"hun53294","0.0000"
"alg11193038se001","0.0000"
"alg11194010se001","0.0000"
"alg11195010se001","0.0000"
"alg020010022fr001","0.0000"
"alg027600010se001","0.0000"
"alg027600038se001","0.0000"
"alg027601010se001","0.0000"
"alg027601038fr001","0.0000"
"alg027602010se001","0.0000"
"alg11807010se001","0.0000"
"alg029621038fr001","0.0000"
"alg11191038se001","0.0000"
"alg027620038se001","0.0000"
"alg027622010se001","0.0000"
"sea3213003962","0.0000"
"sea432568","0.0000"
"sea4413202962","0.0000"
"sea4413203962","0.0000"
"sea44807962","0.0000"
"sea474098","0.0000"
"sea61940962","0.0000"
"sea6517401846","0.0000"
"sea7543515","0.0000"
"sea75435848","0.0000"
"sea8305712","0.0000"
"sea831380215","0.0000"
"sea8413897s10","0.0000"
"sea8820112","0.0000"
"acl1500rb","0.0000"
"acl1520atb","0.0000"
"aclin11336ch","0.0000"
"aclin11357ag","0.0000"
"aclin11365orb","0.0000"
"aclin11406agl","0.0000"
"aclin11420ag","0.0000"
"aclin41410sn","0.0000"
"prop252430","0.0000"
"prop60772030k9","0.0000"
"prop60773130k9","0.0000"
"prop60783130k9","0.0000"
"prop60792030k9","0.0000"
"prop60853130k9","0.0000"
"prop642531","0.0000"
"prop64303130k9","0.0000"
"prop560016020","0.0000"
"prop560048129","0.0000"
"prop56005102030","0.0000"
"prop56005602030","0.0000"
"prop56005603030","0.0000"
"prop56005103130","0.0000"
"prop568230","0.0000"
"prop607031","0.0000"
"prop472609","0.0000"
"prop440229","0.0000"
"prop533820","0.0000"
"prop509430","0.0000"
"prop500013104","0.0000"
"prop500036009","0.0000"
"prop509431","0.0000"
"prop532220","0.0000"
"prop500047104","0.0000"
"prop345009","0.0000"
"prop500051143","0.0000"
"prop714920","0.0000"
"prop710016015","0.0000"
"prop710016009","0.0000"
"prop329009","0.0000"
"prop36832030k9","0.0000"
"crystal1001","0.0000"
"crystal1002","0.0000"
"crystal1003","0.0000"
"crystal1004","0.0000"
"crystal1005","0.0000"
"crystal1006","0.0000"
"crystal1007","0.0000"
"crystal1008","0.0000"
"crystal1009","0.0000"
"crystal1011","0.0000"
"crystal1012","0.0000"
"crystal1013","0.0000"
"crystal1014","0.0000"
"crystalw1016","0.0000"
"crystalw1017","0.0000"
"crystalw1018","0.0000"
"crystalw1019","0.0000"
"crystalw1020","0.0000"
"crystalw1021","0.0000"
"crystalw1022","0.0000"
"crystal1023","0.0000"
"crystalw1024","0.0000"
"crystal1025","0.0000"
"crystal1027","0.0000"
"crystal1029","0.0000"
"crystal1030","0.0000"
"crystal1031","0.0000"
"crystal1032","0.0000"
"crystal1033","0.0000"
"crystalw1035","0.0000"
"crystalw1036","0.0000"
"crystal1037","0.0000"
"crystal1038","0.0000"
"crystalw1039","0.0000"
"crystal1046","0.0000"
"crystal1047","0.0000"
"crystal1048","0.0000"
"crystal1049","0.0000"
"crystal1050","0.0000"
"crystal1051","0.0000"
"crystal1052","0.0000"
"crystal1053","0.0000"
"crystal1054","0.0000"
"crystal1056","0.0000"
"crystal1057","0.0000"
"crystal1058","0.0000"
"crystal1059","0.0000"
"crystal1060","0.0000"
"crystal1063","0.0000"
"crystal1064","0.0000"
"crystal1065","0.0000"
"crystal1066","0.0000"
"crystal1067","0.0000"
"crystal1069","0.0000"
"crystal1070","0.0000"
"crystal1071","0.0000"
"crystal1072","0.0000"
"crystal1073","0.0000"
"crystal1074","0.0000"
"crystal1075","0.0000"
"crystal1076","0.0000"
"crystal1077","0.0000"
"crystal1078","0.0000"
"crystal1079","0.0000"
"crystal1080","0.0000"
"crystal1081","0.0000"
"crystal1082","0.0000"
"crystal1083","0.0000"
"crystal1084","0.0000"
"crystalw1085","0.0000"
"crystalw1086","0.0000"
"crystal1087","0.0000"
"crystal1088","0.0000"
"crystal1095","0.0000"
"crystal1097","0.0000"
"crystal1098","-1.0000"
"crystal1099","0.0000"
"crystal1101","0.0000"
"crystal1102","0.0000"
"crystal1103","0.0000"
"crystal1110","0.0000"
"crystal1111","0.0000"
"crystal1112","0.0000"
"crystal1113","0.0000"
"ele1204d8mbrc","0.0000"
"ele1204d8pnrc","0.0000"
"ele1219d13asrc","0.0000"
"ele1219d16asrc","0.0000"
"ele1219d18asrc","0.0000"
"ele1219d19asrc","0.0000"
"ele1219d24asrc","0.0000"
"ele1219d28asrc","0.0000"
"ele1231d20mbrc","0.0000"
"ele1231d20mbgtrc","0.0000"
"ele1231d20mbssrc","0.0000"
"ele1231d20pnrc","0.0000"
"ele1231d20pngtrc","0.0000"
"ele1231d20pnssrc","0.0000"
"ele1231d26mbrc","0.0000"
"ele1231d26mbgtrc","0.0000"
"ele1231d26mbssrc","0.0000"
"ele1231d26pnrc","0.0000"
"ele1231d26pngtrc","0.0000"
"ele1231d26pnssrc","0.0000"
"ele1231d32mbrc","0.0000"
"ele1231d32mbgtrc","0.0000"
"ele1231d32mbssrc","0.0000"
"ele1231d32pnrc","0.0000"
"ele1231d32pngtrc","0.0000"
"ele1231d32pnssrc","0.0000"
"ele1231d44mbrc","0.0000"
"ele1231d44mbgtrc","0.0000"
"ele1231d44mbssrc","0.0000"
"ele1231d44pnrc","0.0000"
"ele1231d44pngtrc","0.0000"
"ele1231d44pnssrc","0.0000"
"ele1232d40mbrc","0.0000"
"ele1232d40mbgtrc","0.0000"
"ele1232d40mbssrc","0.0000"
"ele1232d40pnrc","0.0000"
"ele1232d40pngtrc","0.0000"
"ele1232d40pnssrc","0.0000"
"ele1232d50mbrc","0.0000"
"ele1232d50mbgtrc","0.0000"
"ele1232d50mbssrc","0.0000"
"ele1232d50pnrc","0.0000"
"ele1232d50pngtrc","0.0000"
"ele1232d50pnssrc","0.0000"
"ele1232d60mbrc","0.0000"
"ele1232d60mbgtrc","0.0000"
"ele1232d60mbssrc","0.0000"
"ele1232d60pnrc","0.0000"
"ele1232d60pngtrc","0.0000"
"ele1232d60pnssrc","0.0000"
"ele1233d28mbrc","0.0000"
"ele1233d28mbgtrc","0.0000"
"ele1233d28mbssrc","0.0000"
"ele1233d28pnrc","0.0000"
"ele1233d28pngtrc","0.0000"
"ele1233d28pnssrc","0.0000"
"ele1233d35mbrc","0.0000"
"ele1233d35mbgtrc","0.0000"
"ele1233d35mbssrc","0.0000"
"ele1233d35pnrc","0.0000"
"ele1233d35pngtrc","0.0000"
"ele1233d35pnssrc","0.0000"
"ele1233g43mbrc","0.0000"
"ele1233g43mbgtrc","0.0000"
"ele1233g43mbssrc","0.0000"
"ele1233g43pnrc","0.0000"
"ele1233g43pngtrc","0.0000"
"ele1233g43pnssrc","0.0000"
"ele1238d12mbrc","0.0000"
"ele1238d12mbgtrc","0.0000"
"ele1238d12mbssrc","0.0000"
"ele1238d12pnrc","0.0000"
"ele1238d12pngtrc","0.0000"
"ele1238d12pnssrc","0.0000"
"ele1238d16mbrc","0.0000"
"ele1238d16mbgtrc","0.0000"
"ele1238d16mbssrc","0.0000"
"ele1238d16pnrc","0.0000"
"ele1238d16pngtrc","0.0000"
"ele1238d16pnssrc","0.0000"
"ele1238d20mbrc","0.0000"
"ele1238d20mbgtrc","0.0000"
"ele1238d20mbssrc","0.0000"
"ele1238d20pnrc","0.0000"
"ele1238d20pngtrc","0.0000"
"ele1238d20pnssrc","0.0000"
"ele1238d26mbrc","0.0000"
"ele1238d26mbgtrc","0.0000"
"ele1238d26mbssrc","0.0000"
"ele1238d26pnrc","0.0000"
"ele1238d26pngtrc","0.0000"
"ele1238d26pnssrc","0.0000"
"ele1238d31mbrc","0.0000"
"ele1238d31mbgtrc","0.0000"
"ele1238d31mbssrc","0.0000"
"ele1238d31pnrc","0.0000"
"ele1238d31pngtrc","0.0000"
"ele1238d31pnssrc","0.0000"
"ele1238g43mbrc","0.0000"
"ele1238g43mbgtrc","0.0000"
"ele1238g43mbssrc","0.0000"
"ele1238g43pnrc","0.0000"
"ele1238g43pngtrc","0.0000"
"ele1238g43pnssrc","0.0000"
"ele1705d26sdg","0.0000"
"ele1705d31sdg","0.0000"
"ele1705d42sdg","0.0000"
"ele1705g3lsdg","0.0000"
"ele2114g59crc","0.0000"
"ele3000d20c","0.0000"
"ele3500d3c","0.0000"
"ele3500d5c","0.0000"
"ele3500d9c","0.0000"
"ele1238w8mbrc","0.0000"
"ele1238w8mbgtrc","0.0000"
"ele1238w8mbssrc","0.0000"
"ele1238w8pnrc","0.0000"
"ele1238w8pngtrc","0.0000"
"ele1238w8pnssrc","0.0000"
"ele1212w6gi","0.0000"
"ele1219w9asrc","0.0000"
"ele2100w12crc","0.0000"
"ele2100w22crc","0.0000"
"ele1219f15asrc","0.0000"
"ele1219f9asrc","0.0000"
"ele1231f20mbrc","0.0000"
"ele1231f20mbgtrc","0.0000"
"ele1231f20mbssrc","0.0000"
"ele1231f20pnrc","0.0000"
"ele1231f20pngtrc","0.0000"
"ele1231f20pnssrc","0.0000"
"ele1231f32mbrc","0.0000"
"ele1231f32mbgtrc","0.0000"
"ele1231f32mbssrc","0.0000"
"ele1231f32pnrc","0.0000"
"ele1231f32pngtrc","0.0000"
"ele1231f32pnssrc","0.0000"
"ele1238f12mbrc","0.0000"
"ele1238f12mbgtrc","0.0000"
"ele1238f12mbssrc","0.0000"
"ele1238f12pnrc","0.0000"
"ele1238f12pnssrc","0.0000"
"ele1238f16mbrc","0.0000"
"ele1238f16mbgtrc","0.0000"
"ele1238f16mbssrc","0.0000"
"ele1238f16pnrc","0.0000"
"ele1238f16pngtrc","0.0000"
"ele1238f16pnssrc","0.0000"
"ele1238f20mbrc","0.0000"
"ele1238f20mbgtrc","0.0000"
"ele1238f20mbssrc","0.0000"
"ele1238f20pnrc","0.0000"
"ele1238f20pngtrc","0.0000"
"ele1238f20pnssrc","0.0000"
"ele1238f26mbrc","0.0000"
"ele1238f26mbgtrc","0.0000"
"ele1238f26mbssrc","0.0000"
"ele1238f26pnrc","0.0000"
"ele1238f26pngtrc","0.0000"
"ele1238f26pnssrc","0.0000"
"ele1238f31mbrc","0.0000"
"ele1238f31mbgtrc","0.0000"
"ele1238f31mbssrc","0.0000"
"ele1238f31pnrc","0.0000"
"ele1238f31pngtrc","0.0000"
"ele1238f31pnssrc","0.0000"
"ele1238f43mbrc","0.0000"
"ele1238f43mbgtrc","0.0000"
"ele1238f43mbssrc","0.0000"
"ele1238f43pnrc","0.0000"
"ele1238f43pngtrc","0.0000"
"ele1238f43pnssrc","0.0000"
"ele2104f14c","0.0000"
"dvidvp7191snop","0.0000"
"dvidvp16213chcl","0.0000"
"dvidvp18006chssop","0.0000"
"dvidvp18011chssop","0.0000"
"dvidvp18011snssop","0.0000"
"dvidvp18150grch","0.0000"
"dvidvp18150grsn","0.0000"
"dvidvp18150sn","0.0000"
"dvidvp25408bngrcl","0.0000"
"dvidvp25411bngrcl","0.0000"
"minf539hbz","0.0000"
"minf588sporb","0.0000"
"metn6472293","0.0000"
"metn6775293","0.0000"
"metn7839659","0.0000"
"min235477","0.0000"
"out71251640","0.0000"
"out72172189l","0.0000"
"dvidvp10393bnssw","0.0000"
"dvidvp14543snssop","0.0000"
"dvidvp10331chssw","0.0000"
"dvidvp11120sncl","0.0000"
"dvidvp13221chcl","0.0000"
"far100141","0.0000"
"far100263","0.0000"
"far100291","0.0000"
"far100293","0.0000"
"far100474","0.0000"
"far100486","0.0000"
"far100491","0.0000"
"far100505","0.0000"
"far100533","0.0000"
"farw100611","0.0000"
"far100612","0.0000"
"far100694","0.0000"
"far100739","0.0000"
"far100773","0.0000"
"far100776","0.0000"
"far100785","0.0000"
"far100840","0.0000"
"far101033","0.0000"
"far101123","0.0000"
"far101147","0.0000"
"far101188","0.0000"
"far101215","0.0000"
"far101270","0.0000"
"far101417","0.0000"
"far101455","0.0000"
"far101456","0.0000"
"far101464","0.0000"
"far101711","0.0000"
"far101839","0.0000"
"far101846","0.0000"
"far101954","0.0000"
"far102002","0.0000"
"far102045","0.0000"
"far102113","0.0000"
"far102146","0.0000"
"far102180","0.0000"
"far102260","0.0000"
"far102344","0.0000"
"far102376","0.0000"
"far102380","0.0000"
"far102386","0.0000"
"far102496","0.0000"
"far102508","0.0000"
"far102592","0.0000"
"far102601","0.0000"
"far102827","0.0000"
"far102861","0.0000"
"far102876","0.0000"
"far102915","0.0000"
"utt04142","0.0000"
"utt24814","0.0000"
"utt60139","0.0000"
"acl1401","0.0000"
"cya02295","0.0000"
"cya04440","0.0000"
"cya05173","0.0000"
"cya06089","0.0000"
"cya06584","0.0000"
"cya07185","0.0000"
"cya07814","0.0000"
"cya07959","0.0000"
"cya08652","0.0000"
"cya08899","0.0000"
"cya08935","0.0000"
"cya09005","0.0000"
"cya09006","0.0000"
"cya09123","0.0000"
"cya09265","0.0000"
"cya052991","0.0000"
"cya085131","0.0000"
"cya085221","0.0000"
"cya091371","0.0000"
"cya091401","0.0000"
"cya092831","0.0000"
"cya092841","0.0000"
"cya092861","0.0000"
"seaf31976io","0.0000"
"murol5424bk","0.0000"
"murol5433bk","0.0000"
"mursf340sn","0.0000"
"far104017","0.0000"
"far104026","0.0000"
"far104155","0.0000"
"far104159","0.0000"
"sea41160en3839","0.0000"
"sea4413202en3962","0.0000"
"sea4413203en3962","0.0000"
"sea44661en3962","0.0000"
"sea44850en305","0.0000"
"sea44850en3965","0.0000"
"sea44853en305","0.0000"
"sea44854en3965","0.0000"
"sea61660en3962","0.0000"
"sea61806en3962","0.0000"
"sea61940en3962","0.0000"
"sea65062en3715","0.0000"
"sea6517401en3846","0.0000"
"sea6519en363","0.0000"
"sea6519en398","0.0000"
"sea75434en315","0.0000"
"sea75435en3848","0.0000"
"sea77065en3782","0.0000"
"sea77437en305","0.0000"
"sea77437en3962","0.0000"
"sea7813801en315","0.0000"
"sea8304701en3714","0.0000"
"sea83057en312","0.0000"
"sea8313802en315","0.0000"
"sea8335en315","0.0000"
"sea8647701en304","0.0000"
"sea88048en3185","0.0000"
"sea89025en312","0.0000"
"sea89102en312","0.0000"
"sea89805en315","0.0000"
"murol5428gbz","0.0000"
"murol7633es","0.0000"
"murvs24304sn","0.0000"
"murvs24702sn","0.0000"
"hin15014skll","0.0000"
"hin1536sk12w27k","0.0000"
"hin15702bz12w3k","0.0000"
"hin15708bz12w27k","0.0000"
"hin15708bz12w3k","0.0000"
"hin1598mzrg","0.0000"
"hin2000ds","0.0000"
"hin2524ls","0.0000"
"hin2568mb","0.0000"
"hin3230oz","0.0000"
"hin3233hb","0.0000"
"hin3243an","0.0000"
"hin3243br","0.0000"
"hin4398bz","0.0000"
"frefr40905bng","0.0000"
"murfm521pn","0.0000"
"murol14400sbl","0.0000"
"murol14401sbl","0.0000"
"murol14402sbl","0.0000"
"murol14403sbl","0.0000"
"murol14404sbl","0.0000"
"murol14405sbl","0.0000"
"murol14408sbl","0.0000"
"seap1484ch","0.0000"
"murvs24402sn","0.0000"
"et2e2430018pc","0.0000"
"et2e2430618pc","0.0000"
"max11026sn","0.0000"
"max91110cdoibui","0.0000"
"max91110cdpcbui","0.0000"
"max26111cdoibui","0.0000"
"max26113cdoibui","0.0000"
"max26114cdoibui","0.0000"
"max26117cdoibui","0.0000"
"max26116cdpcbui","0.0000"
"max26117cdpcbui","0.0000"
"max2151lnsn","0.0000"
"max56222wtabz","0.0000"
"vaxp0249","0.0000"
"vaxw0266","0.0000"
"wynwcs141430skgcmunom24","0.0000"
"wynwcs141430skgcmunomed","0.0000"
"wynwcs141430skgcmunomxx","0.0000"
"wynwcs141480dkgcmunom24","0.0000"
"wynwcs141480dkgcmunom70","0.0000"
"wynwcs141480dkgcmunomed","0.0000"
"wynwcs141480dkgcmunomxx","0.0000"
"hun55078","0.0000"
"hun55080","0.0000"
"hun51078","0.0000"
"hun59459","0.0000"
"alg029810038fr001","0.0000"
"alg012174045fr001","0.0000"
"alg012172045fr001","0.0000"
"alg033052010fr001","0.0000"
"alg032510041fr001","0.0000"
"alg032552041fr001","0.0000"
"alg035161010fr001","0.0000"
"alg027940038fr001","0.0000"
"alg032750010fr001","0.0000"
"alg032751010fr001","0.0000"
"alg032031010fr001","0.0000"
"klc505272rm","0.0000"
"klc312831pn","0.0000"
"klc312833pn","0.0000"
"klc312834pn","0.0000"
"klc312835pn","0.0000"
"klc506420mg","0.0000"
"klc507621ol","0.0000"
"klc506620ni","0.0000"
"klc506640ni","0.0000"
"klc311731wb","0.0000"
"dvidvp27010chcl","0.0000"
"dvidvp27053chcl","0.0000"
"dvidvp27053vbrcl","0.0000"
"dvidvp27043chcl","0.0000"
"dvidvp27044chcl","0.0000"
"dvidvp28848chgrcl","0.0000"
"dvidvp28848chsncl","0.0000"
"dvidvp28849chgrcl","0.0000"
"dvidvp28849chsncl","0.0000"
"dvidvp28850chgrcl","0.0000"
"dvidvp28850chsncl","0.0000"
"dvidvp4432griw","0.0000"
"dvidvp4410griw","0.0000"
"dvidvp20802sngrcl","0.0000"
"dvidvp20802vbrgrcl","0.0000"
"dvidvp20805snchcl","0.0000"
"dvidvp29519sngr","0.0000"
"dvidvp29520chgr","0.0000"
"dvidvp28173sshbcl","0.0000"
"dvidvp28148mfgrcl","0.0000"
"avaalliev42tgg","0.0000"
"avaallievs25tggc","0.0000"
"avaallievs25tgsc","0.0000"
"avaallievs43tggc","0.0000"
"avaallievs43tggd","0.0000"
"avaaustenvs49tggc","0.0000"
"avaaustenvs49tgsc","0.0000"
"avafws17201bn","0.0000"
"avafws17201cp","0.0000"
"avahepburnvs49dcc","0.0000"
"far106002","0.0000"
"min4569098","0.0000"
"min4764416","0.0000"
"min6368613","0.0000"
"out7125378l","0.0000"
"out7125379l","0.0000"
"out72486143c","0.0000"
"mfcir5hwhwa60","0.0000"
"mfcir5hbkwa60","0.0000"
"mfcir5hcrwa60","0.0000"
"mfcir5tbwa60","0.0000"
"mfcir5hlkbnwa42","0.0000"
"mfcir5hlkcrwa42","0.0000"
"mfcir5hlktbwa42","0.0000"
"mfcir3hlkbnbw52","0.0000"
"mfcir3hlkbnwa52","0.0000"
"mfcir5hlkbnwa52","0.0000"
"mfcir3hlkcrbw52","0.0000"
"mfcir3hlkcrwa52","0.0000"
"mfcir5hlkcrwa52","0.0000"
"mfcir3hlktbbw52","0.0000"
"mfcir3hlktbwa52","0.0000"
"mfcir5hlktbwa52","0.0000"
"mfcir5hlkbnbw60","0.0000"
"mfcir5hlkbnwa60","0.0000"
"mfcir5hlkcrbw60","0.0000"
"mfcir5hlkcrwa60","0.0000"
"mfcir5hlktbbw60","0.0000"
"mfcir5hlktbwa60","0.0000"
"mfcpa3bnbw52","0.0000"
"mfcpa3bnwa52","0.0000"
"mfcpa5bnwa52","0.0000"
"mfcpa3bkwa52","0.0000"
"mfcpa3crbw52","0.0000"
"mfcpa3crwa52","0.0000"
"mfcpa5crwa52","0.0000"
"mfcpa3tbbw52","0.0000"
"mfcpa3tbwa52","0.0000"
"mfcpa5tbwa52","0.0000"
"mfcpa5bnbw60","0.0000"
"mfcpa5crwa60","0.0000"
"mfcpa5crbw60","0.0000"
"mfcpa5tbbw60","0.0000"
"mfcpa5tbwa60","0.0000"
"wynwcs2020wcwh","0.0000"
"qur88680","0.0000"
"qur8868086","0.0000"
"qur8011280","0.0000"
"qur586286","0.0000"
"qur586365","0.0000"
"qur5403365","0.0000"
"utt25404","0.0000"
"utt296351","0.0000"
"far1060","0.0000"
"artac11231","0.0000"
"artcl15090","0.0000"
"artcl15113","0.0000"
"artac11032","0.0000"
"artac9150bk","0.0000"
"artac9150sl","0.0000"
"artac8220bk","0.0000"
"artac8220ob","0.0000"
"artac8240bk","0.0000"
"artac8221bk","0.0000"
"gol3306fmchnvy","0.0000"
"avacoventryvs49gt","0.0000"
"avacoventryvs49nt","0.0000"
"avaharpervs49nt","0.0000"
"max10223omoi","0.0000"
"max10221omoi","0.0000"
"max10231omoi","0.0000"
"max26115cdoibui","0.0000"
"max26115cdpcbui","0.0000"
"max26119cdoibui","0.0000"
"far107112","0.0000"
"far107126","0.0000"
"far107142","0.0000"
"crw1042p32601r","0.0000"
"crw5464p32db9","0.0000"
"crw8318p50c41clearb","0.0000"
"murf33224adb","0.0000"
"murf33235adb","0.0000"
"murf33248adb","0.0000"
"murf33248sms","0.0000"
"qur3391","0.0000"
"qur90211","0.0000"
"cya09758","0.0000"
"cya10066","0.0000"
"alg033972044fr001","0.0000"
"alg035560010fr001","0.0000"
"alg035670041fr001","0.0000"
"artac11111pn","0.0000"
"artac11275","0.0000"
"dvidvp20805sngrcl","0.0000"
"dvidvp29810chgrbcg","0.0000"
"dvidvp29821chgrbcg","0.0000"
"dvidvp30249sngrcl","0.0000"
"dvidvp30249vbrgrcl","0.0000"
"dvidvp32923chcry","0.0000"
"dvidvp32926chcry","0.0000"
"dvidvp32926mfgrcry","0.0000"
"dvidvp32929mfgrcry","0.0000"
"ele2114g52crc","0.0000"
"ele2114g71crc","0.0000"
"ele2800f18crc","0.0000"
"ele2800f18grc","0.0000"
"ele2800f24crc","0.0000"
"ele2800f24grc","0.0000"
"ele2800f36crc","0.0000"
"ele2800f36grc","0.0000"
"ele3501d36c","0.0000"
"ele3501d42c","0.0000"
"ele3501w12c","0.0000"
"ele3501w18c","0.0000"
"ele3501w30c","0.0000"
"ele3502d31c","0.0000"
"ele3502d38c","0.0000"
"ele3502w32c","0.0000"
"ele3503d17c","0.0000"
"ele3503d31c","0.0000"
"ele3503f18l2c","0.0000"
"ele3503g18c","0.0000"
"ele3503g24c","0.0000"
"ele3503g32c","0.0000"
"ele3503g3lc","0.0000"
"ele3503g5lc","0.0000"
"ele3803d24c","0.0000"
"klc507920bmg","0.0000"
"klc508450ch","0.0000"
"liv1013305","0.0000"
"liv2058780","0.0000"
"liv2098404","0.0000"
"liv4112391","0.0000"
"liv4122692","0.0000"
"liv4125412","0.0000"
"zlt725mpch","0.0000"
"zlt917mp12bnled","0.0000"
"zlt917mp12bnled10lch","0.0000"
"zlt917mp12bnled11lch","0.0000"
"zlt917mp12bnled14lch","0.0000"
"zlt917mp12bnled2lbn","0.0000"
"zlt917mp12bnled2lch","0.0000"
"zlt917mp12bnled3lbn","0.0000"
"zlt917mp12bnled3lch","0.0000"
"zlt917mp12bnled4sch","0.0000"
"zlt917mp12bnled5rch","0.0000"
"zlt917mp12bnled8lch","0.0000"
"zlt917mp12bnled9rch","0.0000"
"zlt917mp12bnled9sch","0.0000"
"gol36023lpblkblk","0.0000"
"gol3602ba1blkgy","0.0000"
"gol3602ba1chgy","0.0000"
"gol3602ba1pwgy","0.0000"
"gol3602ba3blkgy","0.0000"
"gol3602ba3chgy","0.0000"
"gol60706blkblk","0.0000"
"gol60709blkblk","0.0000"
"gol6070ba1blkblk","0.0000"
"kic15820cbr27","0.0000"
"kic43115pn","0.0000"
"kic43496bk","0.0000"
"kic10766whled","0.0000"
"kic11301niled","0.0000"
"kic15190bk","0.0000"
"kic15211azt","0.0000"
"kic15319pz","0.0000"
"kic15326azt","0.0000"
"kic15802tzt27r","0.0000"
"kic15805bkt27r","0.0000"
"kic15805bkt30r","0.0000"
"kic15833azt27r","0.0000"
"kic15848bkt","0.0000"
"kic300230ni","0.0000"
"kic300275wh","0.0000"
"kic310155ni","0.0000"
"kic310192sbk","0.0000"
"kic3275ni","0.0000"
"kic330000ni","0.0000"
"kic330002ni","0.0000"
"kic3497nil18","0.0000"
"kic3677oz","0.0000"
"kic3797chl18","0.0000"
"kic42035ch","0.0000"
"kic42275ni","0.0000"
"kic42275oz","0.0000"
"kic42399ap","0.0000"
"kic42495clp","0.0000"
"kic42878ni","0.0000"
"kic42907nil18","0.0000"
"kic42995snled","0.0000"
"kic43074nil18","0.0000"
"kic43194miz","0.0000"
"kic43309nbr","0.0000"
"kic43375clp","0.0000"
"kic43489bkslv","0.0000"
"kic43638nil18","0.0000"
"kic43641nil18","0.0000"
"kic43668oz","0.0000"
"kic43693ni","0.0000"
"kic43765oz","0.0000"
"kic43853ni","0.0000"
"kic43922nil18","0.0000"
"kic43925ozl18","0.0000"
"kic43926nil18","0.0000"
"kic43997oz","0.0000"
"kic44059oz","0.0000"
"kic44083bk","0.0000"
"kic44085oz","0.0000"
"kic44268pn","0.0000"
"kic45374nil18","0.0000"
"kic45374ozl18","0.0000"
"kic45376ozl18","0.0000"
"kic45377nil18","0.0000"
"kic45495ch","0.0000"
"kic45512ozl18","0.0000"
"kic45638nil18","0.0000"
"kic45639nil18","0.0000"
"kic45640chl18","0.0000"
"kic45903ozl18","0.0000"
"kic45921nil18","0.0000"
"kic45921ozl18","0.0000"
"kic45922ozl18","0.0000"
"kic45923ni","0.0000"
"kic45923nil18","0.0000"
"kic45923oz","0.0000"
"kic45923ozl18","0.0000"
"kic45924ni","0.0000"
"kic45924nil18","0.0000"
"kic45924ozl18","0.0000"
"kic49091cv","0.0000"
"kic49183tzl18","0.0000"
"kic49186bkl18","0.0000"
"kic49186tzl18","0.0000"
"kic49187tzl18","0.0000"
"kic49255wh","0.0000"
"kic49384oz","0.0000"
"kic49434sbk","0.0000"
"kic49435az","0.0000"
"kic49435sbk","0.0000"
"kic49492az","0.0000"
"kic49492sbk","0.0000"
"kic49646oz","0.0000"
"kic49687ozl18","0.0000"
"kic49688ozl18","0.0000"
"kic49689ozl18","0.0000"
"kic49709oz","0.0000"
"kic49722wzcl18","0.0000"
"kic49744wzcl18","0.0000"
"kic49746wzcl18","0.0000"
"kic49747wzcl18","0.0000"
"kic49822bkt","0.0000"
"kic49917bk","0.0000"
"kic49931wzc","0.0000"
"kic49984dbk","0.0000"
"kic5097nil18","0.0000"
"kic5098chl18","0.0000"
"kic5448ni","0.0000"
"kic78200","0.0000"
"kic9023ob","0.0000"
"kic9409pb","0.0000"
"kic9650tz","0.0000"
"kic9653tz","0.0000"
"kic9776bks","0.0000"
"kic9777bk","0.0000"
"kic9791bk","0.0000"
"kic9835tzl18","0.0000"
"kic9909ozled","0.0000"
"far113707","0.0000"
"far116235","0.0000"
"far116534","0.0000"
"genec1025mbk","0.0000"
"genec10310bbs","0.0000"
"genet1161wdo1","0.0000"
"far112001par","0.0000"
"far112042par","0.0000"
"qur518365","0.0000"
"qur518369","0.0000"
"qur518469","0.0000"
"qur604969","0.0000"
"qur8150474","0.0000"
"qur881569","0.0000"
"qur883265","0.0000"
"qur9021169","0.0000"
"qur9021569","0.0000"
"cya10075","0.0000"
"cya10134","0.0000"
"cya10290","0.0000"
"cya10293","0.0000"
"cya10294","0.0000"
"mon3btr54anbzd","0.0000"
"mon3mavr52bkbkd","0.0000"
"murvs2461pn","0.0000"
"murf328112adb","0.0000"
"murol15203anbz","0.0000"
"murf33255adb","0.0000"
"mursf350adb","0.0000"
"mursf350pn","0.0000"
"murol15400txb","0.0000"
"artac11363vb","0.0000"
"artac11452","0.0000"
"artac11493","0.0000"
"artac11493bw","0.0000"
"artac11508bk","0.0000"
"artac7084bk","0.0000"
"artac7084sa","0.0000"
"artac7981","0.0000"
"artac8121bk","0.0000"
"artsc13071","0.0000"
"artsc13227bk","0.0000"
"ela83239","0.0000"
"ela83260","0.0000"
"ela83261","0.0000"
"ela83669","0.0000"
"ela83831","0.0000"
"ela83918","0.0000"
"ela84011","0.0000"
"ela84019","0.0000"
"ela84046","0.0000"
"ela84114","0.0000"
"ela84143","0.0000"
"ela84158","0.0000"
"ela84178","0.0000"
"ela84202","0.0000"
"minf888ldk","0.0000"
"far112174","0.0000"
"utt22150","0.0000"
"utt22163","0.0000"
"utt25436","0.0000"
"minf736lbssdbk","0.0000"
"minf846whf","0.0000"
"kic45128bk","0.0000"
"kic45130bk","0.0000"
"ela85083ch","0.0000"
"kovp1153609l","0.0000"
"min3568098","0.0000"
"out72487143c","0.0000"
"out72582143c","0.0000"
"min824613l","0.0000"
"min824281l","0.0000"
"utt263881","0.0000"
"utt297311","0.0000"
"max21611clbkal","0.0000"
"et2e2321090wt","0.0000"
"et2e2506392bkgld","0.0000"
"klc409353bm","0.0000"
"klc508851csl","0.0000"
"klc509010ol","0.0000"
"klc509352ws","0.0000"
"klc510320ws","0.0000"
"hin1512bz","0.0000"
"hin15232bz","0.0000"
"hin1534bz","0.0000"
"hin1557bz","0.0000"
"hin1857dz","0.0000"
"hin2390bu","0.0000"
"hin2394bu","0.0000"
"hin2395bu","0.0000"
"hin4468bk","0.0000"
"hin4697hbdz","0.0000"
"hin51583cm","0.0000"
"hin5660bkll","0.0000"
"hin57233hb","0.0000"
"dvidvp20849sngrcl","0.0000"
"dvidvp20849vbrgrcl","0.0000"
"dvidvp24721sngrcl","0.0000"
"dvidvp27025chcl","0.0000"
"dvidvp37075bkcl","0.0000"
"dvidvp37075bkwtr","0.0000"
"dvidvp24705sngrcl","0.0000"
"dvidvp38642bnbawcl","0.0000"
"dvidvp30211vbrgrcl","0.0000"
"dvidvp24722sngrcl","0.0000"
"dvidvp27011chcl","0.0000"
"dvidvp27011grcl","0.0000"
"dvidvp27011vbrcl","0.0000"
"dvidvp27027chcl","0.0000"
"dvidvp27027grcl","0.0000"
"dvidvp27027vbrcl","0.0000"
"dvidvp27043vbrcl","0.0000"
"dvidvp27044vbrcl","0.0000"
"dvidvp27049chcl","0.0000"
"dvidvp27049grcl","0.0000"
"dvidvp27049vbrcl","0.0000"
"dvidvp34523grop","0.0000"
"dvidvp34599grop","0.0000"
"dvidvp43371bkiwcl","0.0000"
"dvidvp27025grcl","0.0000"
"dvidvp27053grcl","0.0000"
"dvidvp30006sngr","0.0000"
"dvidvp30148mfgriw","0.0000"
"dvidvp30202griwcl","0.0000"
"dvidvp30211griwcl","0.0000"
"dvidvp30248griwcl","0.0000"
"dvidvp30249griwcl","0.0000"
"dvidvp33911vbrsw","0.0000"
"dvidvp34721chcl","0.0000"
"dvidvp34721chsm","0.0000"
"dvidvp34724chcl","0.0000"
"dvidvp34724chsm","0.0000"
"dvidvp38642grbiwcl","0.0000"
"dvidvp4411griw","0.0000"
"far201015","0.0000"
"far201020","0.0000"
"far201022","0.0000"
"farw205032","0.0000"
"farw205037","0.0000"
"far205094","0.0000"
"far205501","0.0000"
"far205514","0.0000"
"far205522","0.0000"
"farw205643","0.0000"
"farw205690","0.0000"
"farw205698","0.0000"
"farw205705","0.0000"
"farw205718","0.0000"
"farw205726","0.0000"
"farw205793","0.0000"
"farw205857","0.0000"
"farw205882","0.0000"
"farw205906","0.0000"
"far205940","0.0000"
"far205944","0.0000"
"farw205995","0.0000"
"farw206001","0.0000"
"farw206007","0.0000"
"far206129","0.0000"
"genep1141mbk","0.0000"
"genaf1072bbs","0.0000"
"genaf1153bbs","0.0000"
"genap1084adb","0.0000"
"genap1173bbs","0.0000"
"genaw1041bbs","0.0000"
"gencc1084adb","0.0000"
"gencc1179ai","0.0000"
"gencp1081ai","0.0000"
"gencw1032adb","0.0000"
"murf33518da","0.0000"
"genkc1008bbs","0.0000"
"genkc1008mbk","0.0000"
"genkf1011mbk","0.0000"
"genkf1034mbk","0.0000"
"genkp1001bbs","0.0000"
"genkt1001mbk2","0.0000"
"genkw1021mbk","0.0000"
"genkw1031mbk","0.0000"
"genkw1041bbs","0.0000"
"genkw1061ai","0.0000"
"genkwl1012bbs","0.0000"
"murol13201pdb","0.0000"
"murol13202pdb","0.0000"
"murol13207pdb","0.0000"
"murol13209pdb","0.0000"
"murp1442snl1","0.0000"
"murp1443snl1","0.0000"
"gentp1001pn","0.0000"
"gentp1031ai","0.0000"
"gentp1071pn","0.0000"
"gentp1092pn","0.0000"
"gentt1001pn1","0.0000"
"gentt1012ai1","0.0000"
"gentt1031bbs1","0.0000"
"gentv1001bbs","0.0000"
"gentv1001pn","0.0000"
"gol0806sabi","0.0000"
"gol0806sai","0.0000"
"gol08384pvs","0.0000"
"gol22433pblkmws","0.0000"
"gol3118m1lrbzop","0.0000"
"gol3118sfrbzsd","0.0000"
"gol3602vl3blkblk","0.0000"
"gol4309ba3blkblksd","0.0000"
"golddddba3","0.0000"
"mfcir3hlkbkwa52","0.0000"
"mfcir3hlkwhwa52","0.0000"
"mfcir3hlkbkbw52","0.0000"
"mfcir3hlkwhbw52","0.0000"
"mfcir5hbnwa60","0.0000"
"mfcir5htbwa60","0.0000"
"mfcir5hlkbkwa60","0.0000"
"mfcir5hlkbkwa52","0.0000"
"mfcir5hlkbkwa42","0.0000"
"mfcir5hlkbkbw60","0.0000"
"mfcpa3whwa52","0.0000"
"mfcpa3bkbw52","0.0000"
"mfcpa3whbw52","0.0000"
"mfcpa5bkwa60","0.0000"
"mfcpa5whwa60","0.0000"
"mfcpa5bkwa52","0.0000"
"mfcpa5whwa52","0.0000"
"mfcpa5bkbw60","0.0000"
"mfcpa5whbw60","0.0000"
"ele1212d53fb","0.0000"
"ele1212w6pn","0.0000"
"ele2800g120crc","0.0000"
"ele2800g120grc","0.0000"
"ele2803g120crc","0.0000"
"ele2803g120cgsrc","0.0000"
"ele2803g120cgtrc","0.0000"
"ele2803g120cssrc","0.0000"
"ele2803g120grc","0.0000"
"ele2803g120ggsrc","0.0000"
"ele2803g120ggtrc","0.0000"
"ele2803g120gssrc","0.0000"
"ele3503f26c","0.0000"
"ele1712d42lab","0.0000"
"ele1712g73lab","0.0000"
"ele1712g79lab","0.0000"
"ele5200d4c","0.0000"
"ele5200d4g","0.0000"
"ele5200d12c","0.0000"
"ele5200d12g","0.0000"
"ele5200d26g","0.0000"
"ele5200d32c","0.0000"
"ele5200d32g","0.0000"
"ele5200w5c","0.0000"
"ele5200w24c","0.0000"
"ele5200w24g","0.0000"
"ele5300d4c","0.0000"
"ele5300d4g","0.0000"
"tol2633bn715","0.0000"
"tol2636mb458","0.0000"
"utt04217","0.0000"
"utt22183","0.0000"
"alg035750010fr001","0.0000"
"alg034860051fr001","0.0000"
"alg035832010fr001","0.0000"
"alg035833010fr001","0.0000"
"alg035950003fr001","0.0000"
"alg036150010fr001","0.0000"
"alg036160010fr001","0.0000"
"alg036052010fr001","0.0000"
"alg032220014","0.0000"
"avaallievs25wtgc","0.0000"
"avaallievs25wtsc","0.0000"
"avaaustenv48wts","0.0000"
"avaaustenvs49wtgc","0.0000"
"avaaustenvs49wtsc","0.0000"
"avamasonv24bkg","0.0000"
"avamasonv48bkg","0.0000"
"avamasonvs25bkgc","0.0000"
"avamasonvs25bkgd","0.0000"
"avamasonvs25bksc","0.0000"
"avamasonvs25nbgc","0.0000"
"avamasonvs25nbsc","0.0000"
"avamasonvs25wtgc","0.0000"
"avamasonvs25wtsc","0.0000"
"avamasonvs49bkgc","0.0000"
"avamasonvs49bkgd","0.0000"
"avamasonvs49bksc","0.0000"
"avamasonvs49nbgc","0.0000"
"avamasonvs49nbsc","0.0000"
"avamasonvs49wtgc","0.0000"
"avamasonvs49wtsc","0.0000"
"wynwcs202072dkgcxsxxm70","0.0000"
"wynwcs202080dkgcxsxxm70","0.0000"
"wynwcs202072dkgcmunom70","0.0000"
"wynwcs202072dkgcmunsm70","0.0000"
"wynwcs202080ddecmunom24","0.0000"
"wynwcs202080ddecmunom70","0.0000"
"wynwcs202080ddecmunomed","0.0000"
"wynwcs202080ddecmunomxx","0.0000"
"wynwcs202080dkgcmunom24","0.0000"
"wynwcs202080dkgcmunom70","0.0000"
"wynwcs202080dkgcmunomed","0.0000"
"wynwcs202080dkgcmunomxx","0.0000"
"wynwcs202080dkgcmunsm70","0.0000"
"wynwcs202080dwhcmunom24","0.0000"
"wynwcs202080dwhcmunom70","0.0000"
"wynwcs202080dwhcmunomed","0.0000"
"wynwcs202080dwhcmunomxx","0.0000"
"crystal3786","0.0000"
"crystal3787","0.0000"
"crystal3788","0.0000"
"crystal3789","0.0000"
"crystal3794","0.0000"
"crystal3795","0.0000"
"crystal3796","0.0000"
"crystal3797","0.0000"
"crystal3800","0.0000"
"crystal3801","0.0000"
"crystalw3809","0.0000"
"crystal3810","0.0000"
"crystal3817","0.0000"
"crystalw3825","0.0000"
"crystalw3826","0.0000"
"crystal3829","0.0000"
"crystal3833","0.0000"
"crystal3837","0.0000"
"crystal3838","0.0000"
"crystal3839","0.0000"
"crystal3840","0.0000"
"crystalw3847","0.0000"
"crystalw3848","0.0000"
"crystal3849","0.0000"
"crystal3850","0.0000"
"crystal3855","0.0000"
"crystalw3856","0.0000"
"crystalw3857","0.0000"
"crystal3858","0.0000"
"crystal3859","0.0000"
"crystal3860","0.0000"
"crystalw3865","0.0000"
"crystalw3866","0.0000"
"crystal3872","0.0000"
"crystal3873","0.0000"
"crystal3874","0.0000"
"crystal3875","0.0000"
"crystal3876","0.0000"
"crystal3877","0.0000"
"crystal3880","0.0000"
"crystal3881","0.0000"
"crystalw3884","0.0000"
"crystalw3885","0.0000"
"crystalw3886","0.0000"
"crystal3888","0.0000"
"crystal3889","0.0000"
"crystal3892","0.0000"
"crystal3893","0.0000"
"crystal3894","0.0000"
"crystal3895","0.0000"
"crystal3911","0.0000"
"crystal3912","0.0000"
"crystalw3913","0.0000"
"crystalw3914","0.0000"
"crystal3916","0.0000"
"crystal3917","0.0000"
"crystal3918","0.0000"
"crystalw3925","0.0000"
"crystal3926","0.0000"
"crystal3927","0.0000"
"crystalw3928","0.0000"
"crystal3929","0.0000"
"crystal3930","0.0000"
"crystal3931","0.0000"
"crystal3932","0.0000"
"crystal3934","0.0000"
"crystal3935","0.0000"
"crystalw3942","0.0000"
"crystalw3943","0.0000"
"crystal3944","0.0000"
"crystal3945","0.0000"
"crystal3946","0.0000"
"crystal3949","0.0000"
"crystal3950","0.0000"
"crystal3951","0.0000"
"crystal3952","0.0000"
"crystal3953","0.0000"
"crystal3955","0.0000"
"crystal3956","0.0000"
"crystal3958","0.0000"
"crystal3959","0.0000"
"crystal3962","0.0000"
"crystal3963","0.0000"
"crystalw3964","0.0000"
"crystalw3965","0.0000"
"crystalw3966","0.0000"
"crystal3967","0.0000"
"crystal3968","0.0000"
"crystal3969","0.0000"
"crystal3970","0.0000"
"crystalw3973","0.0000"
"crystalw3974","0.0000"
"crystalw3975","0.0000"
"crystal3976","0.0000"
"crystal3977","0.0000"
"crystal3978","0.0000"
"crystal3979","0.0000"
"crystal3980","0.0000"
"crystal3981","0.0000"
"crystal3982","0.0000"
"crystal3983","0.0000"
"crystalw3986","0.0000"
"crystalw3987","0.0000"
"crystalw3989","0.0000"
"crystal3990","0.0000"
"crystal3991","0.0000"
"crystal3992","0.0000"
"crystal3993","0.0000"
"crystal3994","0.0000"
"crystalw3998","0.0000"
"crystalw3999","0.0000"
"crystal4000","0.0000"
"crystal4001","0.0000"
"crystal4002","0.0000"
"crystal4003","0.0000"
"crystal4004","0.0000"
"crystal4005","0.0000"
"crystalw4007","0.0000"
"crystalw4008","0.0000"
"crystalw4009","0.0000"
"crystalw4017","0.0000"
"crystalw4018","0.0000"
"crystal4019","0.0000"
"crystal4020","0.0000"
"crystal4021","0.0000"
"crystalw4025","0.0000"
"crystalw4026","0.0000"
"crystalw4027","0.0000"
"crystal4028","0.0000"
"crystal4029","0.0000"
"crystal4030","0.0000"
"crystal4033","0.0000"
"crystalw4036","0.0000"
"crystalw4037","0.0000"
"crystal4038","0.0000"
"crystal4039","0.0000"
"crystal4040","0.0000"
"crystal4041","0.0000"
"crystal4042","0.0000"
"crystal4046","0.0000"
"crystal4047","0.0000"
"crystal4048","0.0000"
"crystalw4051","0.0000"
"crystalw4052","0.0000"
"crystal4053","0.0000"
"crystal4054","0.0000"
"crystal4060","0.0000"
"crystal4061","0.0000"
"crystalw4062","0.0000"
"crystal4064","0.0000"
"crystal4068","0.0000"
"crystal4069","0.0000"
"crystal4070","0.0000"
"crystal4071","0.0000"
"crystal4072","0.0000"
"crystalw4075","0.0000"
"crystalw4077","0.0000"
"crystalw4078","0.0000"
"crystal4080","0.0000"
"crystalw4082","0.0000"
"crystalw4083","0.0000"
"crystalw4084","0.0000"
"crystalw4085","0.0000"
"crystalw4086","0.0000"
"crystal4091","0.0000"
"crystal4094","0.0000"
"crystal4096","0.0000"
"crystal4099","0.0000"
"crystal4100","0.0000"
"crystal4103","0.0000"
"crystal4105","0.0000"
"crystal4106","0.0000"
"crystal4107","0.0000"
"crystal4122","0.0000"
"crystal4123","0.0000"
"crystal4124","0.0000"
"crystal4127","0.0000"
"crystal4128","0.0000"
"crystalw4136","0.0000"
"crystal4137","0.0000"
"crystalw4140","0.0000"
"crystal4141","0.0000"
"crystal4145","0.0000"
"crystal4146","0.0000"
"crystal4165","0.0000"
"crystal4166","0.0000"
"crystal4167","0.0000"
"crystalw4171","0.0000"
"crystalw4172","0.0000"
"crystalw4173","0.0000"
"crystalw4175","0.0000"
"crystalw4176","0.0000"
"crystal4187","0.0000"
"crystalw4197","0.0000"
"crystal4201","0.0000"
"crystal4202","0.0000"
"crystal4203","0.0000"
"crystalw4211","0.0000"
"crystalw4212","0.0000"
"crystal4214","0.0000"
"crystal4215","0.0000"
"crystal4223","0.0000"
"crystal4228","0.0000"
"crystal4229","0.0000"
"crystal4230","0.0000"
"crystalw4233","0.0000"
"crystalw4234","0.0000"
"crystal4240","0.0000"
"crystal4241","0.0000"
"crystal4244","0.0000"
"crystal4257","0.0000"
"crystal4258","0.0000"
"crystal4259","0.0000"
"crystal4260","0.0000"
"crystalw4262","0.0000"
"crystalw4266","0.0000"
"crystalw4267","0.0000"
"crystalw4272","0.0000"
"crystalw4273","0.0000"
"crystalw4275","0.0000"
"crystal4278","0.0000"
"crystal4279","0.0000"
"crystalw4296","0.0000"
"crystalw4300","0.0000"
"crystalw4302","0.0000"
"crystalw4303","0.0000"
"crystalw4307","0.0000"
"crystal4310","0.0000"
"crystal4311","0.0000"
"crystalw4312","0.0000"
"crystalw4325","0.0000"
"crystal4327","0.0000"
"crystal4328","0.0000"
"crystalw4345","0.0000"
"crystalw4346","0.0000"
"crystal4349","0.0000"
"crystalw4352","0.0000"
"crystalw4353","0.0000"
"crystal4358","0.0000"
"crystal4359","0.0000"
"crystal4361","0.0000"
"crystal4362","0.0000"
"crystal4363","0.0000"
"crystal4364","0.0000"
"crystal4365","0.0000"
"crystal4366","0.0000"
"crystal4384","0.0000"
"crystal4386","0.0000"
"crystal4389","0.0000"
"crystal4390","0.0000"
"crystalw4397","0.0000"
"crystalw4398","0.0000"
"crystalw4399","0.0000"
"crystalw4400","0.0000"
"crystal4401","0.0000"
"crystal4402","0.0000"
"crystalw4417","0.0000"
"crystalw4418","0.0000"
"crystal4422","0.0000"
"crystal4424","0.0000"
"crystal4425","0.0000"
"crystal4435","0.0000"
"crystal4436","0.0000"
"crystal4442","0.0000"
"crystal4453","0.0000"
"crystal4454","0.0000"
"crystal4458","0.0000"
"crystalw4460","0.0000"
"crystalw4461","0.0000"
"crystal4462","0.0000"
"crystal4470","0.0000"
"crystal4471","0.0000"
"crystal4472","0.0000"
"crystal4473","0.0000"
"crystal4477","0.0000"
"crystal4478","0.0000"
"crystal4483","0.0000"
"crystal4484","0.0000"
"crystal4493","0.0000"
"crystal4494","0.0000"
"crystal4495","0.0000"
"crystal4501","0.0000"
"crystal4502","0.0000"
"crystalw4507","0.0000"
"crystal4510","0.0000"
"crystal4511","0.0000"
"crystalw4512","0.0000"
"crystalw4513","0.0000"
"crystal4521","0.0000"
"crystal4522","0.0000"
"crystal4523","0.0000"
"crystal4524","0.0000"
"crystal4525","0.0000"
"crystal4526","0.0000"
"crystal4531","0.0000"
"crystal4532","0.0000"
"crystal4538","0.0000"
"crystal4539","0.0000"
"crystalw4540","0.0000"
"crystalw4541","0.0000"
"crystal4544","0.0000"
"crystal4545","0.0000"
"crystal4551","0.0000"
"crystal4552","0.0000"
"crystal4554","0.0000"
"crystal4556","0.0000"
"crystal4557","0.0000"
"crystal4558","0.0000"
"crystal4559","0.0000"
"crystal4560","0.0000"
"crystal4561","0.0000"
"crystal4564","0.0000"
"crystal4565","0.0000"
"crystal4566","0.0000"
"crystal4567","0.0000"
"crystal4568","0.0000"
"crystal4569","0.0000"
"crystal4570","0.0000"
"crystal4571","0.0000"
"crystal4572","0.0000"
"crystal4573","0.0000"
"crystal4574","0.0000"
"crystal4575","0.0000"
"crystal4582","0.0000"
"crystal4583","0.0000"
"crystal4592","0.0000"
"crystal4594","0.0000"
"crystal4595","0.0000"
"crystal4597","0.0000"
"crystal4598","0.0000"
"crystal4599","0.0000"
"crystal4600","-1.0000"
"crystal4601","0.0000"
"crystal4602","0.0000"
"crystal4603","0.0000"
"crystal4604","0.0000"
"crystal4605","0.0000"
"crystal4609","0.0000"
"crystal4610","0.0000"
"crystal4611","0.0000"
"crystal4612","0.0000"
"crystal4613","0.0000"
"crystal4614","0.0000"
"crystal4618","0.0000"
"crystal4619","0.0000"
"crystal4620","0.0000"
"crystal4621","0.0000"
"crystal4622","0.0000"
"crystal4623","0.0000"
"crystal4630","0.0000"
"crystal4631","0.0000"
"crystal4632","0.0000"
"crystal4645","0.0000"
"crystal4646","0.0000"
"crystal4647","0.0000"
"crystal4648","0.0000"
"crystal4649","0.0000"
"crystal4650","0.0000"
"crystal4651","0.0000"
"crystal4652","0.0000"
"crystal4653","0.0000"
"crystal4654","0.0000"
"crystal4655","0.0000"
"crystal4656","0.0000"
"crystal4657","0.0000"
"crystal4658","0.0000"
"crystal4659","0.0000"
"crystal4731","0.0000"
"crystal4732","0.0000"
"crystal4733","0.0000"
"crystal4734","0.0000"
"crystal4735","0.0000"
"crystal4736","0.0000"
"crystal4737","0.0000"
"crystal4738","0.0000"
"crystal4739","0.0000"
"crystal4740","0.0000"
"crystal4741","0.0000"
"crystal4742","0.0000"
"crystal4743","0.0000"
"crystal4744","0.0000"
"crystal4745","0.0000"
"crystal4746","0.0000"
"crystal4747","0.0000"
"crystal4748","0.0000"
"crystal4755","0.0000"
"crystal4756","0.0000"
"crystal4757","0.0000"
"crystal4758","0.0000"
"crystal4759","0.0000"
"crystal4760","0.0000"
"crystal4761","0.0000"
"crystal4762","0.0000"
"crystal4763","0.0000"
"crystal4764","0.0000"
"crystal4765","0.0000"
"crystal4766","0.0000"
"crystal4767","0.0000"
"crystal4768","0.0000"
"crystal4769","0.0000"
"crystal4770","0.0000"
"crystal4771","0.0000"
"crystal4772","0.0000"
"crystal4773","0.0000"
"crystal4774","0.0000"
"crystal4775","0.0000"
"crystal4776","0.0000"
"crystal4777","0.0000"
"crystal4778","0.0000"
"crystal4785","0.0000"
"crystal4786","0.0000"
"crystal4787","0.0000"
"crystal4788","0.0000"
"crystal4789","0.0000"
"crystal4790","0.0000"
"crystal4797","0.0000"
"crystal4798","0.0000"
"crystal4799","0.0000"
"crystal4800","0.0000"
"crystal4801","0.0000"
"crystal4802","0.0000"
"crystal4807","0.0000"
"crystal4808","0.0000"
"crystal4809","0.0000"
"crystal4810","0.0000"
"crystal4811","0.0000"
"crystal4812","0.0000"
"crystal4819","0.0000"
"crystal4820","0.0000"
"crystal4821","0.0000"
"crystal4822","0.0000"
"crystal4823","0.0000"
"crystal4824","0.0000"
"crystal4825","0.0000"
"crystal4826","0.0000"
"crystal4827","0.0000"
"crystal4828","0.0000"
"crystal4829","0.0000"
"crystal4830","0.0000"
"crystal4831","0.0000"
"crystal4832","0.0000"
"crystal4833","0.0000"
"crystal4834","0.0000"
"crystal4835","0.0000"
"crystal4836","0.0000"
"crystal4837","0.0000"
"crystal4838","0.0000"
"crystal4839","0.0000"
"crystal4840","0.0000"
"crystal4853","0.0000"
"crystal4854","0.0000"
"crystal4855","0.0000"
"crystal4858","0.0000"
"crystal4859","0.0000"
"crystal4860","0.0000"
"crystal4861","0.0000"
"crystal4862","0.0000"
"crystal4863","0.0000"
"crystal4864","0.0000"
"crystal4865","0.0000"
"crystal4866","0.0000"
"crystal4867","0.0000"
"crystal4868","0.0000"
"crystal4869","0.0000"
"crystal4870","0.0000"
"crystal4871","0.0000"
"crystal4872","0.0000"
"crystal4873","0.0000"
"crystal4876","0.0000"
"crystal4877","0.0000"
"crystal4878","0.0000"
"crystal4879","0.0000"
"crystal4880","0.0000"
"crystal4881","0.0000"
"crystal4882","0.0000"
"crystal4883","0.0000"
"crystal4884","0.0000"
"crystal4885","0.0000"
"crystal4886","0.0000"
"crystal4887","0.0000"
"crystal4888","0.0000"
"crystal4889","0.0000"
"crystal4890","0.0000"
"crystal4891","0.0000"
"crystal4892","0.0000"
"crystal4893","0.0000"
"crystal4894","0.0000"
"crystal4895","0.0000"
"crystal4896","0.0000"
"crystal4897","0.0000"
"crystal4898","0.0000"
"crystal4899","0.0000"
"crystal4900","0.0000"
"crystal4901","0.0000"
"crystal4902","0.0000"
"crystal4903","0.0000"
"crystal4905","0.0000"
"crystal4906","0.0000"
"crystal4917","0.0000"
"crystal4918","0.0000"
"crystal4920","0.0000"
"crystal4922","0.0000"
"crystal4923","0.0000"
"crystal4924","0.0000"
"crystal4925","0.0000"
"crystal4926","0.0000"
"crystal4927","0.0000"
"crystal4928","0.0000"
"crystal4929","0.0000"
"crystal4930","0.0000"
"crystal4931","0.0000"
"crystal4932","0.0000"
"crystal4933","0.0000"
"crystal4934","0.0000"
"crystal4935","0.0000"
"crystal4936","0.0000"
"crystalw4937","0.0000"
"crystalw4938","0.0000"
"crystalw4939","0.0000"
"crystalw4940","0.0000"
"crystalw4941","0.0000"
"crystalw4942","0.0000"
"crystalw4943","0.0000"
"crystalw4944","0.0000"
"crystalw4945","0.0000"
"crystalw4946","0.0000"
"crystalw4947","0.0000"
"crystalw4948","0.0000"
"crystalw4949","0.0000"
"crystalw4950","0.0000"
"crystalw4951","0.0000"
"crystalw4952","0.0000"
"crystalw4953","0.0000"
"crystalw4954","0.0000"
"crystalw4955","0.0000"
"crystalw4956","0.0000"
"crystalw4957","0.0000"
"crystalw4958","0.0000"
"crystalw4959","0.0000"
"crystalw4960","0.0000"
"crystal4961","0.0000"
"crystal4962","0.0000"
"crystal4963","0.0000"
"crystal4964","0.0000"
"crystal4965","0.0000"
"crystal4966","0.0000"
"crystal4967","0.0000"
"crystal4968","0.0000"
"crystal4969","0.0000"
"crystal4970","0.0000"
"crystal4971","0.0000"
"crystal4972","0.0000"
"crystal4974","0.0000"
"crystal4975","0.0000"
"crystal4976","0.0000"
"crystalw4977","0.0000"
"crystalw4978","0.0000"
"crystalw4979","0.0000"
"crystalw4980","0.0000"
"crystalw4981","0.0000"
"crystalw4982","0.0000"
"crystalw4983","0.0000"
"crystalw4984","0.0000"
"crystalw4985","0.0000"
"crystalw4986","0.0000"
"crystalw4987","0.0000"
"crystalw4988","0.0000"
"crystal4994","0.0000"
"crystal4995","0.0000"
"crystal4996","0.0000"
"crystal4997","0.0000"
"crystal4998","0.0000"
"crystal5015","0.0000"
"crystal5016","0.0000"
"crystal5017","0.0000"
"crystal5018","0.0000"
"crystal5019","0.0000"
"crystal5020","0.0000"
"crystal5021","0.0000"
"crystal5022","0.0000"
"crystal5023","0.0000"
"crystal5024","0.0000"
"crystal5025","0.0000"
"crystal5026","0.0000"
"crystal5027","0.0000"
"crystal5028","0.0000"
"crystal5029","0.0000"
"crystal5030","0.0000"
"crystal5031","0.0000"
"crystalw5042","0.0000"
"crystalw5043","0.0000"
"crystalw5044","0.0000"
"crystalw5045","0.0000"
"crystalw5046","0.0000"
"crystalw5047","0.0000"
"crystalw5048","0.0000"
"crystalw5049","0.0000"
"crystalw5050","0.0000"
"crystal5051","0.0000"
"crystalw5052","0.0000"
"crystal5053","0.0000"
"crystal5054","0.0000"
"crystal5055","0.0000"
"crystal5056","0.0000"
"crystal5088","0.0000"
"crystal5089","0.0000"
"crystal5093","0.0000"
"crystal5094","0.0000"
"crystal5095","0.0000"
"crystalw5096","0.0000"
"crystalw5097","0.0000"
"crystalw5098","0.0000"
"crystal5099","0.0000"
"crystal5100","0.0000"
"crystal5101","0.0000"
"crystal5110","0.0000"
"crystal5117","0.0000"
"crystal5118","0.0000"
"crystal5119","0.0000"
"crystal5126","0.0000"
"crystal5129","0.0000"
"crystal5132","0.0000"
"crystal5133","0.0000"
"crystal5134","0.0000"
"crystal5135","0.0000"
"crystal5136","0.0000"
"crystal5137","0.0000"
"crystal5138","0.0000"
"crystal5139","0.0000"
"crystal5140","0.0000"
"crystal5141","0.0000"
"crystal5142","0.0000"
"crystal5152","0.0000"
"crystal5153","0.0000"
"crystal5154","0.0000"
"crystal5155","0.0000"
"crystal5162","0.0000"
"crystal5214","0.0000"
"crystal5215","0.0000"
"crystal5216","0.0000"
"crystal5217","0.0000"
"crystal5226","0.0000"
"crystal5227","0.0000"
"crystal5228","0.0000"
"crystal5229","0.0000"
"crystal5252","0.0000"
"crystal5253","0.0000"
"crystal5298","0.0000"
"crystal5299","0.0000"
"crystal5300","0.0000"
"crystal5301","0.0000"
"crystal5302","0.0000"
"crystal5303","0.0000"
"crystalw5311","0.0000"
"crystalw5312","0.0000"
"crystalw5313","0.0000"
"crystalw5314","0.0000"
"crystalw5315","0.0000"
"crystalw5316","0.0000"
"crystalw5317","0.0000"
"crystalw5318","0.0000"
"crystalw5319","0.0000"
"crystalw5320","0.0000"
"crystalw5321","0.0000"
"crystalw5322","0.0000"
"crystal5323","0.0000"
"crystal5324","0.0000"
"crystal5325","0.0000"
"crystal5326","0.0000"
"crystal5327","0.0000"
"crystal5328","0.0000"
"crystal5329","0.0000"
"crystal5330","0.0000"
"crystal5331","0.0000"
"crystal5332","0.0000"
"crystal5333","0.0000"
"crystal5334","0.0000"
"crystal5335","0.0000"
"crystal5336","0.0000"
"crystal5337","0.0000"
"crystal5338","0.0000"
"crystal5339","0.0000"
"crystal5340","0.0000"
"crystal5341","0.0000"
"crystal5342","0.0000"
"crystal5343","0.0000"
"crystal5344","0.0000"
"crystal5345","0.0000"
"crystal5346","0.0000"
"crystal5347","0.0000"
"crystal5348","0.0000"
"crystal5349","0.0000"
"crystal5350","0.0000"
"crystal5351","0.0000"
"crystal5352","0.0000"
"crystal5353","0.0000"
"crystal5354","0.0000"
"crystal5355","0.0000"
"crystal5356","0.0000"
"crystal5357","0.0000"
"crystal5358","0.0000"
"crystal5359","0.0000"
"crystal5360","0.0000"
"crystal5361","0.0000"
"crystal5362","0.0000"
"crystal5363","0.0000"
"crystal5364","0.0000"
"crystal5365","0.0000"
"crystal5366","0.0000"
"crystal5367","0.0000"
"crystal5368","0.0000"
"crystal5369","0.0000"
"crystal5370","0.0000"
"crystal5371","0.0000"
"crystal5372","0.0000"
"crystal5373","0.0000"
"crystal5374","0.0000"
"crystal5375","0.0000"
"crystal5376","0.0000"
"crystal5532","0.0000"
"crystal5533","0.0000"
"crystal5534","0.0000"
"crystal5535","0.0000"
"crystal5555","0.0000"
"crystalw5561","0.0000"
"crystal5634","0.0000"
"crystal5635","0.0000"
"crystal5636","0.0000"
"crystal5637","0.0000"
"crystal5638","0.0000"
"crystal5639","0.0000"
"crystal5643","0.0000"
"crystal5648","0.0000"
"crystal5673","0.0000"
"crystal5674","0.0000"
"crystal5698","0.0000"
"crystal5699","0.0000"
"crystalw5700","0.0000"
"crystalw5701","0.0000"
"crystalw5702","0.0000"
"crystalw5703","0.0000"
"crystalw5704","0.0000"
"crystal5706","0.0000"
"crystal5707","0.0000"
"crystal5708","0.0000"
"crystal5709","0.0000"
"crystal5711","0.0000"
"crystal5712","0.0000"
"crystal5713","0.0000"
"crystal5714","0.0000"
"crystal5715","0.0000"
"crystal5716","0.0000"
"crystal5717","0.0000"
"crystal5718","0.0000"
"crystal5719","0.0000"
"crystal5720","0.0000"
"crystal5721","0.0000"
"crystal5722","0.0000"
"crystal5723","0.0000"
"crystal5724","0.0000"
"crystal5725","0.0000"
"crystal5726","0.0000"
"crystal5727","0.0000"
"crystal5728","0.0000"
"crystal5729","0.0000"
"crystal5730","0.0000"
"crystal5778","0.0000"
"crystal5779","0.0000"
"crystal5781","0.0000"
"crystal5782","0.0000"
"crystal5784","0.0000"
"crystal5785","0.0000"
"crystalw5790","0.0000"
"crystalw5791","0.0000"
"crystal5797","0.0000"
"crystal5798","0.0000"
"crystalw5799","0.0000"
"crystalw5800","0.0000"
"crystalw5802","0.0000"
"crystalw5803","0.0000"
"crystal5809","0.0000"
"crystal5810","0.0000"
"crystalw5818","0.0000"
"crystalw5819","0.0000"
"crystal5825","0.0000"
"crystalw5826","0.0000"
"crystal5827","0.0000"
"crystalw5833","0.0000"
"crystal5840","0.0000"
"crystal5841","0.0000"
"crystal5842","0.0000"
"crystal5843","0.0000"
"crystal5844","0.0000"
"crystal5845","0.0000"
"crystal5846","0.0000"
"crystal5847","0.0000"
"crystal5850","0.0000"
"crystal5851","0.0000"
"crystal5852","0.0000"
"crystal5853","0.0000"
"crystal5854","0.0000"
"crystal5855","0.0000"
"crystal5856","0.0000"
"crystal5857","0.0000"
"crystal5858","0.0000"
"crystal5859","0.0000"
"crystal5860","0.0000"
"crystal5861","0.0000"
"crystal5862","0.0000"
"crystal5863","0.0000"
"crystal5864","0.0000"
"crystal5865","0.0000"
"crystal5866","0.0000"
"crystal5867","0.0000"
"crystal5874","0.0000"
"crystal5875","0.0000"
"crystal5876","0.0000"
"crystal5877","0.0000"
"crystal5878","0.0000"
"crystal5879","0.0000"
"crystal5880","0.0000"
"crystal5881","0.0000"
"crystal5882","0.0000"
"crystal5883","0.0000"
"crystal5884","0.0000"
"crystal5885","0.0000"
"crystal5886","0.0000"
"crystal5887","0.0000"
"crystal5888","0.0000"
"crystal5889","0.0000"
"crystal5890","0.0000"
"crystal5891","0.0000"
"crystal5892","0.0000"
"crystal5893","0.0000"
"crystal5894","0.0000"
"crystal5895","0.0000"
"crystal5896","0.0000"
"crystal5897","0.0000"
"crystal5898","0.0000"
"crystal5899","0.0000"
"crystal5900","0.0000"
"crystal5901","0.0000"
"crystal5902","0.0000"
"crystal5903","0.0000"
"crystal5904","0.0000"
"crystal5905","0.0000"
"crystal5906","0.0000"
"crystal5907","0.0000"
"crystal5908","0.0000"
"crystal5909","0.0000"
"crystal5910","0.0000"
"crystal5911","0.0000"
"crystal5912","0.0000"
"crystal5913","0.0000"
"crystalw5914","0.0000"
"crystalw5915","0.0000"
"crystalw5916","0.0000"
"crystalw5917","0.0000"
"crystalw5918","0.0000"
"crystalw5919","0.0000"
"crystal5920","0.0000"
"crystal5927","0.0000"
"crystalw5945","0.0000"
"crystalw5946","0.0000"
"crystalw5947","0.0000"
"crystalw5948","0.0000"
"crystalw5949","0.0000"
"crystalw5950","0.0000"
"crystalw5951","0.0000"
"crystalw5952","0.0000"
"crystalw5953","0.0000"
"crystalw5954","0.0000"
"crystalw5955","0.0000"
"crystalw5956","0.0000"
"crystal5957","0.0000"
"crystal5958","0.0000"
"crystal5959","0.0000"
"crystal5960","0.0000"
"crystal5961","0.0000"
"crystal5962","0.0000"
"crystal5963","0.0000"
"crystal5964","0.0000"
"crystal5965","0.0000"
"crystal5966","0.0000"
"crystal5967","0.0000"
"crystal5968","0.0000"
"crystal5969","0.0000"
"crystal5970","0.0000"
"crystal5971","0.0000"
"crystal5972","0.0000"
"crystal5973","0.0000"
"crystal5974","0.0000"
"crystalw6014","0.0000"
"crystalw6015","0.0000"
"crystalw6016","0.0000"
"crystalw6017","0.0000"
"crystalw6018","0.0000"
"crystalw6019","0.0000"
"crystal6020","0.0000"
"crystal6021","0.0000"
"crystal6022","0.0000"
"crystal6023","0.0000"
"crystal6024","0.0000"
"crystal6025","0.0000"
"crystal6026","0.0000"
"crystal6027","0.0000"
"crystal6028","0.0000"
"crystal6029","0.0000"
"crystal6030","0.0000"
"crystal6031","0.0000"
"prop259909","0.0000"
"prop560119031","0.0000"
"prop400086143","0.0000"
"prop350129009","0.0000"
"prop350130009","0.0000"
"prop350130143","0.0000"
"prop35013500930","0.0000"
"prop500177031","0.0000"
"prop500151031","0.0000"
"prop350139009","0.0000"
"prop350139161","0.0000"
"avafws1501mb","0.0000"
"qur35091269","0.0000"
"qur50593265","0.0000"
"qur35091469","0.0000"
"qur9672869","0.0000"
"qur61931265","0.0000"
"qur6114680","0.0000"
"avafws17201mb","0.0000"
"utt06103","0.0000"
"utt17718","0.0000"
"utt24932","0.0000"
"utt28287","0.0000"
"utt283461","0.0000"
"utt297411","0.0000"
"utt297451","0.0000"
"liv2059904","0.0000"
"liv4954104","0.0000"
"far207069","0.0000"
"far207361","0.0000"
"gol08884pabi","0.0000"
"gol3306ba2blkop","0.0000"
"gol3306ba2blkpw","0.0000"
"gol3306ba3blkpw","0.0000"
"gol3306sblkblk","0.0000"
"gol7011ba3blkclr","0.0000"
"gol98082wblk","0.0000"
"far104089par","0.0000"
"far100290par","0.0000"
"far100380par","0.0000"
"far100400par","0.0000"
"far100433par","0.0000"
"far100510par","0.0000"
"far100517par","0.0000"
"far100522par","0.0000"
"far100541par","0.0000"
"far100563par","0.0000"
"far100570par","0.0000"
"far100683par","0.0000"
"far100722par","0.0000"
"far100767par","0.0000"
"far100821par","0.0000"
"far101172par","0.0000"
"far101198par","0.0000"
"far101368par","0.0000"
"far101443par","0.0000"
"far101715par","0.0000"
"far102373par","0.0000"
"far107141par","0.0000"
"far201014par","0.0000"
"far201030par","0.0000"
"far205051par","0.0000"
"far205580par","0.0000"
"far205980par","0.0000"
"kic42525bk","0.0000"
"kic43293sn","0.0000"
"kic43859bk","0.0000"
"kic43997bk","0.0000"
"kic45497bk","0.0000"
"kic45498bk","0.0000"
"kic45974nbr","0.0000"
"kic49279bkled","0.0000"
"kic49557bkled","0.0000"
"kic52073sn","0.0000"
"kic52135pn","0.0000"
"kic52153wh","0.0000"
"kic52210pn","0.0000"
"kic59005wzc","0.0000"
"kic59010rz","0.0000"
"kic59024bk","0.0000"
"ela84095mbk","0.0000"
"ela85090mbk","0.0000"
"crystal1001par","0.0000"
"crystal1003par","0.0000"
"crystal4731par","0.0000"
"crystal4811par","0.0000"
"crystal5152par","0.0000"
"wynwcs1414lt","0.0000"
"wynwcs2020","0.0000"
"wynwcs2020wc","0.0000"
"wynwcv2525","0.0000"
"kic15789cbr","0.0000"
"kic16102azt30","0.0000"
"kic16103azt30","0.0000"
"kic16103cbr27","0.0000"
"kic16103gry27","0.0000"
"hin1860tw","0.0000"
"hin2774blbscr","0.0000"
"hin2874bk","0.0000"
"hin34904bu","0.0000"
"hin41009bn","0.0000"
"hin41101bk","0.0000"
"hin41101hb","0.0000"
"hin41102hb","0.0000"
"hin41705hb","0.0000"
"hin41706hb","0.0000"
"hin41708bk","0.0000"
"hin41709bk","0.0000"
"hin41709hb","0.0000"
"hin41710bk","0.0000"
"hin41710hb","0.0000"
"hin42006bn","0.0000"
"hin4443blb","0.0000"
"hin4555bk","0.0000"
"hin51152bx","0.0000"
"hin5172pn","0.0000"
"frefr32703cpg","0.0000"
"frefr46102hbr","0.0000"
"et2e25038wtbk","0.0000"
"max11832swsn","0.0000"
"max16125clbkab","0.0000"
"max21529sn","0.0000"
"avabrooksv24nb","0.0000"
"avabrooksvs24nbc","0.0000"
"avabrooksvs30nbc","0.0000"
"avabrooksvs36nbc","0.0000"
"avabrooksvs42nbc","0.0000"
"avabrooksvs60nbc","0.0000"
"avamoderov30nb","0.0000"
"avamoderov60nb","0.0000"
"avamoderovs30nbc","0.0000"
"avamoderovs48nbc","0.0000"
"avamoderovs60nbac","0.0000"
"avamoderovs60nbc","0.0000"
"kic15846","0.0000"
"kic42798","0.0000"
"gencf1052bbs","0.0000"
"oxy310420","0.0000"
"oxy3308115","0.0000"
"oxy3308215","0.0000"
"oxy350940","0.0000"
"oxy351540","0.0000"
"oxy351624","0.0000"
"oxy352140","0.0000"
"oxy352414","0.0000"
"oxy353040","0.0000"
"oxy353224","0.0000"
"oxy353240","0.0000"
"oxy353424","0.0000"
"oxy353922","0.0000"
"oxy354224","0.0000"
"oxy354424","0.0000"
"oxy3563114","0.0000"
"oxy3563214","0.0000"
"oxy3563224","0.0000"
"oxy356924","0.0000"
"oxy358824","0.0000"
"oxy362524","0.0000"
"oxy362624","0.0000"
"oxy363524","0.0000"
"oxy365114","0.0000"
"oxy370322","0.0000"
"oxy3710224","0.0000"
"oxy3711222","0.0000"
"oxy372815","0.0000"
"oxy375016","0.0000"
"dvidvp24772sngrcl","0.0000"
"dvidvp27001chcl","0.0000"
"dvidvp27025vbrcl","0.0000"
"dvidvp27043grcl","0.0000"
"dvidvp27044grcl","0.0000"
"dvidvp34749chcl","0.0000"
"dvidvp34749chsm","0.0000"
"dvidvp38938br3k","0.0000"
"dvidvp39038mwnm3k","0.0000"
"dvidvp40401brgrrpg","0.0000"
"dvidvp40420brgrrpg","0.0000"
"dvidvp40421brgrrpg","0.0000"
"dvidvp40422brgrrpg","0.0000"
"dvidvp40424brgrrpg","0.0000"
"dvidvp40443brgrrpg","0.0000"
"dvidvp40444brgrrpg","0.0000"
"dvidvp43821gr","0.0000"
"dvidvp43821brgr","0.0000"
"dvidvp43821sngr","0.0000"
"dvidvp29043mfeb","0.0000"
"dvidvp44842bn","0.0000"
"dvidvp44842gr","0.0000"
"dvidvp44842br","0.0000"
"dvidvp44852bn","0.0000"
"dvidvp44852gr","0.0000"
"dvidvp44852br","0.0000"
"dvidvp44843bn","0.0000"
"dvidvp44843gr","0.0000"
"dvidvp44843br","0.0000"
"dvidvp40499brgrrpg","0.0000"
"dvidvp40442brgrrpg","0.0000"
"dvidvp40402brgrrpg","0.0000"
"dvidvp28199mfbncl","0.0000"
"dvidvp28199mfbrgrcl","0.0000"
"dvidvp39028mwnm4k","0.0000"
"dvidvp43811brgr","0.0000"
"dvidvp43811sngr","0.0000"
"dvidvp43812brgr","0.0000"
"dvidvp43812sngr","0.0000"
"dvidvp7511vbr","0.0000"
"dvidvp43802brgr","0.0000"
"dvidvp43802sngr","0.0000"
"dvidvp43804brgr","0.0000"
"dvidvp43804sngr","0.0000"
"dvidvp31022mwvbr","0.0000"
"dvidvp20812snchcl","0.0000"
"dvidvp25406bngrcl","0.0000"
"dvidvp25421bngrcl","0.0000"
"dvidvp25402bngrcl","0.0000"
"dvidvp24711sngrcl","0.0000"
"dvidvp27002chcl","0.0000"
"dvidvp27023chcl","0.0000"
"dvidvp35048mfgrcl","0.0000"
"dvidvp35049mfgrcl","0.0000"
"dvidvp9073hbop","0.0000"
"dvidvp9083bncl","0.0000"
"dvidvp9083chcl","0.0000"
"dvidvp9084bncl","0.0000"
"dvidvp9084chcl","0.0000"
"klc405121mb","0.0000"
"klc512021mb","0.0000"
"klc512041mb","0.0000"
"klc512042mb","0.0000"
"klc512142pn","0.0000"
"zlt193532io","0.0000"
"zlt585phmr533pmbkled","0.0000"
"zlt585phmr567pbkled","0.0000"
"zlt585phmrbkled","0.0000"
"mfcir5hbbwa60","0.0000"
"mfcir5hbrbrwa60","0.0000"
"mfcir5hbwwa60","0.0000"
"mfcir5hlkbkmwh60","0.0000"
"mfcir5hlkbnmwh60","0.0000"
"mfcir5hlkcrmwh60","0.0000"
"mfcir5hlktbmwh60","0.0000"
"mfcir5hlkwhbw60","0.0000"
"mfcir5hlkwhmwh60","0.0000"
"mfcir5hlkwhwa42","0.0000"
"mfcir5hlkwhwa52","0.0000"
"mfcir5hlkwhwa60","0.0000"
"mfcir5hwnwa60","0.0000"
"alg036833010fr001","0.0000"
"alg036856010fr001","0.0000"
"alg037155052fr001","0.0000"
"utt21521","0.0000"
"utt60173","0.0000"
"utt283361","0.0000"
"hin900752fgtlwd","0.0000"
"hin901836fawnwa","0.0000"
"hin901836fmbnwa","0.0000"
"hin901836fmmnwa","0.0000"
"hin902466fmblwd","0.0000"
"mon3str60mbkd","0.0000"
"mon5dvr60bs","0.0000"
"mon5tv52rbdv1","0.0000"
"oxy3614224","0.0000"
"oxy36224","0.0000"
"oxy36324","0.0000"
"oxy364415","0.0000"
"oxy36740","0.0000"
"oxy3690015","0.0000"
"oxy3690115","0.0000"
"oxy3690140","0.0000"
"oxy3690315","0.0000"
"oxy369624","0.0000"
"oxy369640","0.0000"
"oxy370815","0.0000"
"oxy374315","0.0000"
"oxy374716","0.0000"
"hun50728","0.0000"
"hun59451","0.0000"
"hun50018","0.0000"
"hun59207","0.0000"
"hun50885","0.0000"
"hun50887","0.0000"
"hun59608","0.0000"
"hun50394","0.0000"
"hun59480","0.0000"
"hun59470","0.0000"
"hun59615","0.0000"
"hun52137","0.0000"
"hun50022","0.0000"
"hun50359","0.0000"
"hun50019","0.0000"
"hun50716","0.0000"
"hun50393","0.0000"
"hun50260","0.0000"
"hun54215","0.0000"
"hun50763","0.0000"
"hun50905","0.0000"
"hun50282","0.0000"
"hun51839","0.0000"
"sea89936en3782","0.0000"
"sea8993712","0.0000"
"sea89937en312","0.0000"
"seafm273en3bs","0.0000"
"seasf240en3bs","0.0000"
"seasf241en3bs","0.0000"
"seaf3208en24af","0.0000"
"sea4418502962","0.0000"
"sea4418503en3112","0.0000"
"sea4418503en3962","0.0000"
"sea8736401en371","0.0000"
"sea8219301en312","0.0000"
"sea8219301en371","0.0000"
"sea871930112","0.0000"
"sea8819301en312","0.0000"
"sea8819301en371","0.0000"
"sea8819401en312","0.0000"
"sea8819401en371","0.0000"
"sea6513703en3778","0.0000"
"sea856070171","0.0000"
"sea856070271","0.0000"
"seaf3195en4io","0.0000"
"seaf3197en6io","0.0000"
"seavs23603en3sn","0.0000"
"sea3130705en3962","0.0000"
"sea6130701710","0.0000"
"sea7728803112","0.0000"
"sea7728803en3112","0.0000"
"sea7546701en315","0.0000"
"seaol5907enbk","0.0000"
"sea3113212en3715","0.0000"
"sea3113212en3962","0.0000"
"sea859312","0.0000"
"sea8593965","0.0000"
"sea6551701848","0.0000"
"sea831380212","0.0000"
"sea8313802en312","0.0000"
"sea8631702753","0.0000"
"sea8631702en3753","0.0000"
"sea883170212","0.0000"
"sea8831702753","0.0000"
"sea8831702en3753","0.0000"
"sea5221804en962","0.0000"
"sea4121601962","0.0000"
"sea4121601en3962","0.0000"
"sea442160205","0.0000"
"sea4421602en305","0.0000"
"sea4421603112","0.0000"
"sea4421603962","0.0000"
"sea4421603en3112","0.0000"
"sea442160405","0.0000"
"sea4421604112","0.0000"
"sea4421604en305","0.0000"
"sea4421604en3112","0.0000"
"sea4430804962","0.0000"
"sea4430804en962","0.0000"
"sea4402005","0.0000"
"sea859090112","0.0000"
"sea8590901d12","0.0000"
"sea8690901en312","0.0000"
"sea889090112","0.0000"
"sea8890901d12","0.0000"
"sea8890901den312","0.0000"
"sea8890901en312","0.0000"
"hin1007bk","0.0000"
"hin1010oz","0.0000"
"hin10231gw","0.0000"
"hin10312gw","0.0000"
"hin10514gw","0.0000"
"hin10615gw","0.0000"
"hin10645tk","0.0000"
"hin10918gw","0.0000"
"hin15708mz","0.0000"
"hin15708mz3w3k","0.0000"
"hin15708mz5w3k","0.0000"
"hin1857dzll","0.0000"
"hin2566mb","0.0000"
"hin2566mbll","0.0000"
"hin2566oz","0.0000"
"hin2566ozll","0.0000"
"hin2840bu","0.0000"
"hin2845bu","0.0000"
"hin29060bu","0.0000"
"hin29064bu","0.0000"
"hin29064tk","0.0000"
"hin2931dzll","0.0000"
"hin3218an","0.0000"
"hin3219kz","0.0000"
"hin3223hb","0.0000"
"hin3224hb","0.0000"
"hin3225hb","0.0000"
"hin3487hb","0.0000"
"hin3670fe","0.0000"
"hin3764bgr","0.0000"
"hin5070cm","0.0000"
"hin51150hb","0.0000"
"hin51153hb","0.0000"
"hin51402bk","0.0000"
"hin54000bk","0.0000"
"hin55702bz3k","0.0000"
"frefr33103slf","0.0000"
"frefr33104slf","0.0000"
"frefr40904bng","0.0000"
"artac10122sn","0.0000"
"artac10764bn","0.0000"
"artac10891vb","0.0000"
"artac11173nb","0.0000"
"artac11178nb","0.0000"
"artac11253nb","0.0000"
"artac11502bw","0.0000"
"artac11520sm","0.0000"
"artac11522cl","0.0000"
"artac11522sm","0.0000"
"artac11526sm","0.0000"
"artac11540vb","0.0000"
"artac11546vb","0.0000"
"artac11561nb","0.0000"
"artac11566nb","0.0000"
"artac11614bn","0.0000"
"artac11651bk","0.0000"
"artac6641bk","0.0000"
"artac7231bk","0.0000"
"artsc13265ch","0.0000"
"far212043","0.0000"
"far212163","0.0000"
"min2405680","0.0000"
"min4499298","0.0000"
"min4622099","0.0000"
"out7317266","0.0000"
"kovp1473077l","0.0000"
"liv2691001","0.0000"
"liv4549312","0.0000"
"liv4944601","0.0000"
"liv4964514","0.0000"
"liv4980192","0.0000"
"liv4980601","0.0000"
"liv5806391","0.0000"
"liv5806392","0.0000"
"liv755114","0.0000"
"liv756614","0.0000"
"liv770314","0.0000"
"liv770514","0.0000"
"liv785114","0.0000"
"wynwcobt100169mbtrim","0.0000"
"wynwcobt100360bkmbtrim","0.0000"
"wynwcobt100169swtrim","0.0000"
"wynwcobt100360bkswtrim","0.0000"
"far100538par","0.0000"
"utt33627","0.0000"
"utt33648","0.0000"
"esswc7wh","0.0000"
"utt25473","0.0000"
"utt284171","0.0000"
"utt284371","0.0000"
"utt297881","0.0000"
"hin902744fmmlwd","0.0000"
"hin902744fmwlwd","0.0000"
"hin902844fmwlia","0.0000"
"hun50323","0.0000"
"min1080695","0.0000"
"min1089695l","0.0000"
"mon5com52mbkdv1","0.0000"
"gol2073lpblkclr","0.0000"
"gol3306a1wabblk","0.0000"
"gol3306a1wabch","0.0000"
"gol3306a1wabnvy","0.0000"
"gol3306a1wabpw","0.0000"
"gol3306a1wabrbz","0.0000"
"gol3602ba4chgy","0.0000"
"gol3688a1wabblk","0.0000"
"gol3688a1wblkblk","0.0000"
"gol3824a1wabblk","0.0000"
"gol0883sai","0.0000"
"gol6071owsnbclr","0.0000"
"ele3000d25c","0.0000"
"ele3000d32c","0.0000"
"ele3000g36c","0.0000"
"ele3000w8c","0.0000"
"ele3500d3rc","0.0000"
"ele3500d5rg","0.0000"
"ele3500d24c","0.0000"
"ele3500d24g","0.0000"
"ele3500d28c","0.0000"
"ele3500d28g","0.0000"
"ele3503g41c","0.0000"
"ele3503g41g","0.0000"
"ele3503g34g","0.0000"
"ele3503f33c","0.0000"
"ele3503f33g","0.0000"
"ele3503f33l2c","0.0000"
"ele3503f33l2g","0.0000"
"ele3503d48c","0.0000"
"ele3503d48g","0.0000"
"ele3503d42c","0.0000"
"ele3500d3g","0.0000"
"ele3500d9g","0.0000"
"ele3502w35g","0.0000"
"ele3503f26l2g","0.0000"
"ele3503g18g","0.0000"
"ele3503g24g","0.0000"
"ele3503g32g","0.0000"
"ele3503g3lg","0.0000"
"ele3503g5lg","0.0000"
"ele3000d25g","0.0000"
"ele3000g36g","0.0000"
"ele3000w8g","0.0000"
"ele3503f18g","0.0000"
"ele3505d20c","0.0000"
"ele3505d20g","0.0000"
"ele3505d20bk","0.0000"
"ele3505d12c","0.0000"
"ele3505d12bk","0.0000"
"ele3505g12c","0.0000"
"ele3505g12g","0.0000"
"ele3505d6g","0.0000"
"ele3505d6bk","0.0000"
"ele3505w6c","0.0000"
"ele3505w6g","0.0000"
"ele3505d32c","0.0000"
"ele3505d32g","0.0000"
"ele3505d32bk","0.0000"
"ele3506d26c","0.0000"
"ele3506d26g","0.0000"
"ele3506d34c","0.0000"
"ele3506d34g","0.0000"
"ele3507d18c","0.0000"
"ele3507d18g","0.0000"
"ele3507d24c","0.0000"
"ele3507d24g","0.0000"
"ele3505g19c","0.0000"
"ele3505g19g","0.0000"
"ele3505g15c","0.0000"
"ele3505g15g","0.0000"
"ele3505g15bk","0.0000"
"ele3505g11g","0.0000"
"ele3505g11bk","0.0000"
"ele3505f5c","0.0000"
"ele5202d6c","0.0000"
"ele5202d6g","0.0000"
"ele5202d16c","0.0000"
"ele5202d19g","0.0000"
"ele5202d18c","0.0000"
"ele5202d22c","0.0000"
"ele5202d24g","0.0000"
"ele5202d36c","0.0000"
"ele5202d36g","0.0000"
"ele5203d5c","0.0000"
"ele5203d5g","0.0000"
"ele5203d12c","0.0000"
"artac11085","0.0000"
"artac11101","0.0000"
"artac11676bk","0.0000"
"klc308431wb","0.0000"
"klc309510chamber","0.0000"
"klc309540chamber","0.0000"
"klc309541chamber","0.0000"
"klc309542chamber","0.0000"
"klc309542chaqua","0.0000"
"klc309542chclear","0.0000"
"klc309542chsapph","0.0000"
"klc315922nrb","0.0000"
"klc404500ai","0.0000"
"klc501721gslr","0.0000"
"klc506873fg","0.0000"
"klc512872pn","0.0000"
"kic10786niled","0.0000"
"kic15165az","0.0000"
"kic15251azt","0.0000"
"kic15384co","0.0000"
"kic15483cbr","0.0000"
"kic15484cbr","0.0000"
"kic15492cbr","0.0000"
"kic15871cbr27","0.0000"
"kic16016cbr27","0.0000"
"kic16016wht30","0.0000"
"kic16017bkt27","0.0000"
"kic16019cbr27","0.0000"
"kic16140cbr30","0.0000"
"kic16140ss30","0.0000"
"kic16150azt27","0.0000"
"kic16151bkt30","0.0000"
"kic16152bkt27","0.0000"
"kic16153azt27","0.0000"
"kic16155bkt30","0.0000"
"kic49183tz","0.0000"
"kic52036nbr","0.0000"
"kic6122ch","0.0000"
"kic9021oz","0.0000"
"kic9859bk","0.0000"
"alg032150043fr001","0.0000"
"alg036261010fr001","0.0000"
"alg031950010fr001","0.0000"
"alg032152043fr001","0.0000"
"alg032251038","0.0000"
"alg032252038","0.0000"
"alg031920010fr001","0.0000"
"alg032121043fr001","0.0000"
"alg032220038","0.0000"
"alg037056014fr001","0.0000"
"max57694wtbk","0.0000"
"max86141bk","0.0000"
"max11262bksbr","0.0000"
"murvs22103sn","0.0000"
"max5840mrwt","0.0000"
"max5881wtsn","0.0000"
"max5841mrwt","0.0000"
"max57692wtwt","0.0000"
"hin1007bklv","0.0000"
"hin1437rblv","0.0000"
"hin16022mzll","0.0000"
"hin16055mzll","0.0000"
"hin1857dzlv","0.0000"
"crystal6044par","0.0000"
"crystal6046par","0.0000"
"crystal6048par","0.0000"
"crystal6058par","0.0000"
"elev1800d16bkrc","0.0000"
"elev1800d20bkrc","0.0000"
"elev1800d24bkrc","0.0000"
"elev1800f10bkrc","0.0000"
"elev1800f12bkrc","0.0000"
"elev1800f14bkrc","0.0000"
"elev1800f16bkrc","0.0000"
"elev1800f20bkrc","0.0000"
"elev2528f10bkrc","0.0000"
"elev2528f12bkrc","0.0000"
"elev2528f14bkrc","0.0000"
"elev2528f16bkrc","0.0000"
"elev2528f20bkrc","0.0000"
"elev2528f8bkrc","0.0000"
"elev8000d12bkrc","0.0000"
"elev8000d16bkrc","0.0000"
"elev8000f12bkrc","0.0000"
"elev8000f16bkrc","0.0000"
"elev8000f19bkrc","0.0000"
"elev8001d19bkrc","0.0000"
"elev8002d22bkrc","0.0000"
"elev2030d20bkrc","0.0000"
"elev2030d24bkrc","0.0000"
"elev2030d28bkrc","0.0000"
"elev2030d32bkrc","0.0000"
"elev2030f12bkrc","0.0000"
"elev2030f14bkrc","0.0000"
"elev2030f16bkrc","0.0000"
"elev2030f20bkrc","0.0000"
"elev2030f24bkrc","0.0000"
"elev2030w6bkrc","0.0000"
"elev2030w8bkrc","0.0000"
"elev2032d20bkrc","0.0000"
"elev2032d24bkrc","0.0000"
"elev2032d28bkrc","0.0000"
"elev2032d32bkrc","0.0000"
"elev2032f12bkrc","0.0000"
"elev2032f14bkrc","0.0000"
"elev2032f16bkrc","0.0000"
"elev2032f20bkrc","0.0000"
"elev2032f24bkrc","0.0000"
"elev2032w18bkrc","0.0000"
"elev2032w26bkrc","0.0000"
"elev2032w30bkrc","0.0000"
"elev2032w36bkrc","0.0000"
"elev2032w44bkrc","0.0000"
"elev2032w6bkrc","0.0000"
"elev2032w8bkrc","0.0000"
"elev2034d20bkrc","0.0000"
"elev2034d24bkrc","0.0000"
"elev2034d28bkrc","0.0000"
"elev2034d32bkrc","0.0000"
"elev2034d36bkrc","0.0000"
"elev9800f10bkrc","0.0000"
"elev9800f12bkrc","0.0000"
"elev9805f10bkrc","0.0000"
"ele1219d13bkrc","0.0000"
"ele1219d13brrc","0.0000"
"ele1219d16bkrc","0.0000"
"ele1219d16brrc","0.0000"
"ele1219d18bkrc","0.0000"
"ele1219d18brrc","0.0000"
"ele1219d19bkrc","0.0000"
"ele1219d19brrc","0.0000"
"ele1219d24bkrc","0.0000"
"ele1219d24brrc","0.0000"
"ele1219d28bkrc","0.0000"
"ele1219d28brrc","0.0000"
"ele1219f9bkrc","0.0000"
"ele1219f9brrc","0.0000"
"ele1219f15bkrc","0.0000"
"ele1219f15brrc","0.0000"
"ele1219w9bkrc","0.0000"
"ele1219w9brrc","0.0000"
"ele1712d42bk","0.0000"
"ele1712d42br","0.0000"
"ele1712g57bk","0.0000"
"ele1712g73bk","0.0000"
"ele1712g73br","0.0000"
"ele2114g41grc","0.0000"
"ele2114g71grc","0.0000"
"ele2114g52grc","0.0000"
"ele2114g59grc","0.0000"
"mfcir3hmwh60","0.0000"
"artac10860bu","0.0000"
"artac10861dp","0.0000"
"artac602bk","0.0000"
"artam301","0.0000"
"artam311","0.0000"
"artam315","0.0000"
"artam318","0.0000"
"far215007par","0.0000"
"sharlowchandelier","0.0000"
"montaukpendant","0.0000"
"ashingtonbath","0.0000"
"irvinependant","0.0000"
"monmc260mbk","0.0000"
"monmc260pn","0.0000"
"mondr12rzw","0.0000"
"mondr18wgr","0.0000"
"mondr36rb","0.0000"
"mondr48dwz","0.0000"
"mondr60dwz","0.0000"
"mondr72dwz","0.0000"
"hin930008fmm","0.0000"
"hin990024fmm","0.0000"
"kic360000bss","0.0000"
"kic360000wn","0.0000"
"kic360001wh","0.0000"
"kic360002bss","0.0000"
"kic360002obb","0.0000"
"kic360002oz","0.0000"
"kic360002wh","0.0000"
"kic360003bss","0.0000"
"kic360003nbr","0.0000"
"kic360003oz","0.0000"
"kic360003wh","0.0000"
"kic360004ap","0.0000"
"kic360004bss","0.0000"
"kic360004oz","0.0000"
"kic360005obb","0.0000"
"kic360006nbr","0.0000"
"prop260581","0.0000"
"qur197469","0.0000"
"mondr12ch","0.0000"
"mondr24gry","0.0000"
"mondr36agb","0.0000"
"mondr36mbk","0.0000"
"mondra18ati","0.0000"
"mondra72ati","0.0000"
"mondr48gry","0.0000"
"mondr60gry","0.0000"
"mondr72gry","0.0000"
"mondr48agb","0.0000"
"mondr60agb","0.0000"
"mondr72agb","0.0000"
"mondr12qs","0.0000"
"mondr18qs","0.0000"
"mondr24qs","0.0000"
"mondr36qs","0.0000"
"mondr48qs","0.0000"
"mondr60qs","0.0000"
"mondr72qs","0.0000"
"mondr12anbz","0.0000"
"mondr18anbz","0.0000"
"mondr24anbz","0.0000"
"mondr36anbz","0.0000"
"mondr48anbz","0.0000"
"mondr60anbz","0.0000"
"mondr72anbz","0.0000"
"mondr36bnz","0.0000"
"mondr48bnz","0.0000"
"mondr60bnz","0.0000"
"mondr72bnz","0.0000"
"mondr72sn","0.0000"
"mondr72ti","0.0000"
"mondr36hab","0.0000"
"mondr48hab","0.0000"
"zlt1552bnmbn","0.0000"
"zlt1552bnmsg","0.0000"
"zlt2003mbmas","0.0000"
"zlt314sfbn","0.0000"
"zlt442mp12mb","0.0000"
"zlt60044lbzgd","0.0000"
"zlt60084brz","0.0000"
"zlt70013vbn","0.0000"
"oxy362420","0.0000"
"oxy363606","0.0000"
"oxy364815","0.0000"
"oxy364820","0.0000"
"oxy366022","0.0000"
"oxy3810000","0.0000"
"oxy3861322","0.0000"
"mindr524sl","0.0000"
"far500062","0.0000"
"far500044","0.0000"
"far500135","0.0000"
"far500032","0.0000"
"far500118","0.0000"
"far500092","0.0000"
"far500100","0.0000"
"far500094","0.0000"
"far500095","0.0000"
"far500096","0.0000"
"far500101","0.0000"
"far500102","0.0000"
"far500103","0.0000"
"far500111","0.0000"
"far500112","0.0000"
"far500113","0.0000"
"far500114","0.0000"
"far500115","0.0000"
"far500116","0.0000"
"far500117","0.0000"
"far500152","0.0000"
"far500140","0.0000"
"max10281swbk","0.0000"
"minf502lbcw","0.0000"
"minf602lrrb","0.0000"
"mindr518gl","0.0000"
"minwcs213","0.0000"
"far216023","0.0000"
"far216060","0.0000"
"far217008","0.0000"
"far217152","0.0000"
"far217178","0.0000"
"far217268","0.0000"
"farw217287","0.0000"
"far217415","0.0000"
"far217426","0.0000"
"far217437","0.0000"
"far217447","0.0000"
"far217488","0.0000"
"far217596","0.0000"
"far217626","0.0000"
"far217641","0.0000"
"far217669","0.0000"
"far217752","0.0000"
"far217822","0.0000"
"far217882","0.0000"
"far217894","0.0000"
"far217914","0.0000"
"far217976","0.0000"
"far218031","0.0000"
"far218045","0.0000"
"far218245","0.0000"
"far218334","0.0000"
"far218370","0.0000"
"far218372","0.0000"
"far218384","0.0000"
"far218388","0.0000"
"far218433","0.0000"
"far218446","0.0000"
"far218506","0.0000"
"far218512","0.0000"
"far218516","0.0000"
"far218630","0.0000"
"far218640","0.0000"
"far218644","0.0000"
"far218649","0.0000"
"far218650","0.0000"
"far218652","0.0000"
"far218686","0.0000"
"far218782","0.0000"
"far218783","0.0000"
"far218799","0.0000"
"far218832","0.0000"
"far218863","0.0000"
"far218872","0.0000"
"far218875","0.0000"
"far218878","0.0000"
"far218897","0.0000"
"far218915","0.0000"
"far218917","0.0000"
"far219124","0.0000"
"far219179","0.0000"
"far219403","0.0000"
"far219481","0.0000"
"far219485","0.0000"
"far219512","0.0000"
"far219519","0.0000"
"far219527","0.0000"
"minf900lbcw","0.0000"
"far500165","0.0000"
"far500180","0.0000"
"far500200","0.0000"
"far500207","0.0000"
"far500213","0.0000"
"far500215","0.0000"
"far500221","0.0000"
"far500228","0.0000"
"far500232","0.0000"
"far500236","0.0000"
"far500242","0.0000"
"far500247","0.0000"
"far500251","0.0000"
"far500259","0.0000"
"far500281","0.0000"
"far500302","0.0000"
"cas59288","0.0000"
"hun50275","0.0000"
"hun50706","0.0000"
"hun50722","0.0000"
"hun50786","0.0000"
"hun50794","0.0000"
"hun51111","0.0000"
"hun51121","0.0000"
"hun59618","0.0000"
"hun59628","0.0000"
"hun59629","0.0000"
"gol31626blkhwg","0.0000"
"gol55165blkmws","0.0000"
"gol1092mbcsd","0.0000"
"gol1096mblksd","0.0000"
"far217011par","0.0000"
"minf522lbwh","0.0000"
"minf681lwapw","0.0000"
"hin903160fmwndd","0.0000"
"hin903352fcwnwa","0.0000"
"hin903660fmbldd","0.0000"
"hin903680fgtldd","0.0000"
"hin903744fmbndd","0.0000"
"hin903752fgtndd","0.0000"
"hin903752fmbndd","0.0000"
"hin903760fgtndd","0.0000"
"hin903760fmbndd","0.0000"
"hin903760fmwndd","0.0000"
"hin903860fgtndd","0.0000"
"hin903860fmbndd","0.0000"
"hin903880fmbndd","0.0000"
"hun22727","0.0000"
"hun22729","0.0000"
"hun23190","0.0000"
"hun23197","0.0000"
"hun25150","0.0000"
"hun26227","0.0000"
"hun26337","0.0000"
"hun99204","0.0000"
"hun99280","0.0000"
"hun99302","0.0000"
"hun99703","0.0000"
"hun99704","0.0000"
"hun99708","0.0000"
"hun99709","0.0000"
"hun99711","0.0000"
"hun99713","0.0000"
"hun99746","0.0000"
"hun99747","0.0000"
"hun99749","0.0000"
"hun99750","0.0000"
"hun99757","0.0000"
"hun99759","0.0000"
"far217002par","0.0000"
"far217022par","0.0000"
"far217026par","0.0000"
"far217036par","0.0000"
"far217048par","0.0000"
"far217057par","0.0000"
"far217070par","0.0000"
"far217084par","0.0000"
"far217094par","0.0000"
"far217098par","0.0000"
"far217100par","0.0000"
"far217107par","0.0000"
"far217111par","0.0000"
"far217115par","0.0000"
"far217119par","0.0000"
"far217121par","0.0000"
"far217124par","0.0000"
"far217136par","0.0000"
"far217138par","0.0000"
"far217146par","0.0000"
"far217152par","0.0000"
"far217169par","0.0000"
"far217170par","0.0000"
"far217173par","0.0000"
"far217176par","0.0000"
"far217183par","0.0000"
"far217193par","0.0000"
"far217196par","0.0000"
"far217202par","0.0000"
"far217211par","0.0000"
"far217217par","0.0000"
"far217220par","0.0000"
"far217233par","0.0000"
"far217242par","0.0000"
"far217259par","0.0000"
"far217271par","0.0000"
"far217276par","0.0000"
"far217279par","0.0000"
"far217283par","0.0000"
"far217287par","0.0000"
"far217331par","0.0000"
"far217334par","0.0000"
"far217341par","0.0000"
"far217353par","0.0000"
"far217370par","0.0000"
"far217379par","0.0000"
"far217383par","0.0000"
"far217394par","0.0000"
"far217420par","0.0000"
"far217423par","0.0000"
"far217431par","0.0000"
"far217448par","0.0000"
"far217464par","0.0000"
"far217467par","0.0000"
"far217487par","0.0000"
"far217492par","0.0000"
"far217494par","0.0000"
"far217511par","0.0000"
"far217517par","0.0000"
"far217521par","0.0000"
"far217548par","0.0000"
"far217551par","0.0000"
"far217557par","0.0000"
"far217571par","0.0000"
"far217581par","0.0000"
"far217583par","0.0000"
"far217585par","0.0000"
"far217592par","0.0000"
"far217609par","0.0000"
"far217636par","0.0000"
"far217640par","0.0000"
"far217648par","0.0000"
"far217656par","0.0000"
"far217660par","0.0000"
"far217662par","0.0000"
"far217664par","0.0000"
"far217683par","0.0000"
"far217685par","0.0000"
"far217689par","0.0000"
"far217693par","0.0000"
"far217716par","0.0000"
"far217718par","0.0000"
"far217737par","0.0000"
"far217739par","0.0000"
"far217753par","0.0000"
"far217778par","0.0000"
"far217786par","0.0000"
"far217789par","0.0000"
"far217794par","0.0000"
"far217796par","0.0000"
"far217802par","0.0000"
"far217816par","0.0000"
"far217819par","0.0000"
"far217825par","0.0000"
"far217848par","0.0000"
"far217854par","0.0000"
"far217877par","0.0000"
"far217889par","0.0000"
"far217900par","0.0000"
"far217912par","0.0000"
"far217916par","0.0000"
"far217920par","0.0000"
"far217926par","0.0000"
"far217928par","0.0000"
"far217931par","0.0000"
"far217943par","0.0000"
"far217947par","0.0000"
"far217949par","0.0000"
"far217957par","0.0000"
"far217969par","0.0000"
"far217989par","0.0000"
"far217992par","0.0000"
"far218007par","0.0000"
"far218012par","0.0000"
"far218017par","0.0000"
"far218030par","0.0000"
"far218042par","0.0000"
"far218046par","0.0000"
"far218056par","0.0000"
"far218081par","0.0000"
"far218087par","0.0000"
"far218091par","0.0000"
"far218095par","0.0000"
"far218113par","0.0000"
"far218122par","0.0000"
"far218125par","0.0000"
"far218141par","0.0000"
"far218144par","0.0000"
"far218164par","0.0000"
"far218169par","0.0000"
"far218173par","0.0000"
"far218179par","0.0000"
"far218187par","0.0000"
"far218207par","0.0000"
"far218249par","0.0000"
"far218301par","0.0000"
"far218311par","0.0000"
"far218313par","0.0000"
"far218334par","0.0000"
"far218345par","0.0000"
"far218357par","0.0000"
"far218359par","0.0000"
"far218367par","0.0000"
"far218373par","0.0000"
"far218398par","0.0000"
"far218412par","0.0000"
"far218421par","0.0000"
"far218426par","0.0000"
"far218430par","0.0000"
"far218440par","0.0000"
"far218459par","0.0000"
"far218472par","0.0000"
"farw218485par","0.0000"
"far218491par","0.0000"
"far218497par","0.0000"
"far218503par","0.0000"
"far218530par","0.0000"
"far218540par","0.0000"
"far218544par","0.0000"
"far218576par","0.0000"
"far218603par","0.0000"
"far218618par","0.0000"
"far218641par","0.0000"
"far218654par","0.0000"
"far218660par","0.0000"
"far218664par","0.0000"
"far218667par","0.0000"
"far218679par","0.0000"
"far218689par","0.0000"
"far218702par","0.0000"
"far218710par","0.0000"
"far218713par","0.0000"
"far218717par","0.0000"
"far218724par","0.0000"
"far218736par","0.0000"
"far218743par","0.0000"
"far218757par","0.0000"
"far218760par","0.0000"
"far218763par","0.0000"
"far218781par","0.0000"
"far218785par","0.0000"
"far218787par","0.0000"
"far218795par","0.0000"
"far218806par","0.0000"
"far218813par","0.0000"
"far218815par","0.0000"
"far218822par","0.0000"
"far218827par","0.0000"
"far218831par","0.0000"
"far218835par","0.0000"
"far218860par","0.0000"
"far218866par","0.0000"
"far218879par","0.0000"
"far218882par","0.0000"
"far218889par","0.0000"
"far218894par","0.0000"
"far218902par","0.0000"
"far218908par","0.0000"
"far218914par","0.0000"
"far218918par","0.0000"
"far218925par","0.0000"
"far218933par","0.0000"
"far218939par","0.0000"
"far218945par","0.0000"
"far218947par","0.0000"
"far218952par","0.0000"
"far218960par","0.0000"
"far218985par","0.0000"
"far218998par","0.0000"
"far219012par","0.0000"
"far219026par","0.0000"
"far219034par","0.0000"
"far219044par","0.0000"
"far219047par","0.0000"
"far219059par","0.0000"
"far219062par","0.0000"
"far219084par","0.0000"
"far219095par","0.0000"
"far219119par","0.0000"
"far219139par","0.0000"
"far219160par","0.0000"
"far219166par","0.0000"
"far219174par","0.0000"
"far219180par","0.0000"
"far219192par","0.0000"
"far219215par","0.0000"
"far219221par","0.0000"
"far219328par","0.0000"
"far219337par","0.0000"
"far219356par","0.0000"
"far219372par","0.0000"
"far219381par","0.0000"
"far219387par","0.0000"
"far219397par","0.0000"
"far219408par","0.0000"
"far219412par","0.0000"
"far219418par","0.0000"
"far219426par","0.0000"
"far219446par","0.0000"
"far219460par","0.0000"
"far219469par","0.0000"
"far219480par","0.0000"
"far219490par","0.0000"
"far219499par","0.0000"
"far219502par","0.0000"
"far219515par","0.0000"
"far219524par","0.0000"
"mindr536cl-1","-1.0000"
"cya10205","0.0000"
"cya10497","0.0000"
"cya10563","0.0000"
"cya10664","0.0000"
"cya10665","0.0000"
"cya10837","0.0000"
"cya10890","0.0000"
"cya10892","0.0000"
"cya10896","0.0000"
"cya10942","0.0000"
"cya10943","0.0000"
"cya10961","0.0000"
"cya10968","0.0000"
"cya10976","0.0000"
"cya11062","0.0000"
"cya11073","0.0000"
"metn69651267b","0.0000"
"metn700408","0.0000"
"metn850220","0.0000"
"metn9200","0.0000"
"metn950093","0.0000"
"metn9802","0.0000"
"hin903056flid","0.0000"
"marinfan","0.0000"
"hin903254flid","0.0000"
"hin903352fnwa","0.0000"
"hin903552flia","0.0000"
"hin9036fldd","0.0000"
"hin9037fndd","0.0000"
"hin9038fndd","0.0000"
"minf588spbcw","0.0000"
"minf588spbn","0.0000"
"minf696wh","0.0000"
"min142484","0.0000"
"min2246281","0.0000"
"min3287589","0.0000"
"min3295613","0.0000"
"min341184","0.0000"
"min4405581","0.0000"
"min4460273","0.0000"
"min4879283","0.0000"
"out72212a144","0.0000"
"out72400615b","0.0000"
"out869161","0.0000"
"out8883a39","0.0000"
"out893395","0.0000"
"out9156a357","0.0000"
"out9802144l","0.0000"
"minrcs223","0.0000"
"kic43498bk","0.0000"
"kic52410bnb","0.0000"
"kic52410pn","0.0000"
"kic52428bk","0.0000"
"kic55110pn","0.0000"
"kic55112bnb","0.0000"
"kic59079bkt","0.0000"
"kic59080bkt","0.0000"
"kic59080nbr","0.0000"
"kic8116bk","0.0000"
"kic9774wh","0.0000"
"kic9794bkl18","0.0000"
"kovp477077","0.0000"
"kovp3808077","0.0000"
"kovp951084l","0.0000"
"kovp1821248","0.0000"
"kovp842609l","0.0000"
"zlt571xxlbk","0.0000"
"crystal6073","0.0000"
"crystal6074","0.0000"
"crystal6075","0.0000"
"crystal5554par","0.0000"
"klc310422sn","0.0000"
"dvidvp11120grcl","0.0000"
"dvidvp34343sncl","0.0000"
"dvidvp34344sncl","0.0000"
"dvidvp30147mfgriw","0.0000"
"dvidvp4410orb","0.0000"
"dvidvp4411orb","0.0000"
"dvidvp16213grchcl","0.0000"
"dvidvp34802snbawmg","0.0000"
"dvidvp34802snbiwmg","0.0000"
"dvidvp40457brgrrpg","0.0000"
"dvidvp1113orbop","0.0000"
"gol0838sfvs","0.0000"
"gol08394pabi","0.0000"
"gol08466ai","0.0000"
"gol1157m1lbcbclr","0.0000"
"gol127009blk","0.0000"
"gol3306ba2bcbop","0.0000"
"gol8355pw","0.0000"
"gol9128fm10bcbop","0.0000"
"qur7052365","0.0000"
"qur627669","0.0000"
"qur5826280","0.0000"
"qur53694280","0.0000"
"qur520169","0.0000"
"qur520369","0.0000"
"qur520465","0.0000"
"qur527469","0.0000"
"qur5201165","0.0000"
"qur51102170","0.0000"
"qur320265","0.0000"
"qur89586980","0.0000"
"qur92086","0.0000"
"qur8773280","0.0000"
"qur8766980","0.0000"
"qur82880","0.0000"
"qur8760880","0.0000"
"qur80086980","0.0000"
"qur814169","0.0000"
"qur80106980","0.0000"
"qur80110880","0.0000"
"qur696969","0.0000"
"qur6814669","0.0000"
"qur6814674","0.0000"
"qur64246941","0.0000"
"qur3076980","0.0000"
"qur61280","0.0000"
"qur6728","0.0000"
"minf596lpntl","0.0000"
"minf802lka","0.0000"
"minf802lorb","0.0000"
"alg028255010fr001","0.0000"
"alg036655038fr001","0.0000"
"alg036656038fr001","0.0000"
"alg037661038fr001","0.0000"
"dvidvp9051bncl","0.0000"
"dvidvp9051chcl","0.0000"
"dvidvp9051grcl","0.0000"
"dvidvp9052bncl","0.0000"
"dvidvp9052grcl","0.0000"
"dvidvp9022bnop","0.0000"
"dvidvp9071hbop","0.0000"
"dvidvp22313chssw","0.0000"
"dvioca1300bk","0.0000"
"dvidvp21102gr","0.0000"
"dvidvp21157gr","0.0000"
"dvidvp21159gr","0.0000"
"dvidvp20802snchcl","0.0000"
"dvidvp14543chssop","0.0000"
"crystalw6090","0.0000"
"crystal6096","0.0000"
"crystalw6098","0.0000"
"crystal6130","0.0000"
"sea6519en3","0.0000"
"sea7569en3","0.0000"
"sea7813801en3","0.0000"
"sea8313801en3","0.0000"
"sea8313802en3","0.0000"
"sea8313901en3","0.0000"
"sea8313902en3","0.0000"
"sea8560701","0.0000"
"sea86071","0.0000"
"far219550","0.0000"
"far219594","0.0000"
"far219599","0.0000"
"far219645","0.0000"
"far219647","0.0000"
"far219649","0.0000"
"far219651","0.0000"
"far219659","0.0000"
"far219660","0.0000"
"far219675","0.0000"
"far219677","0.0000"
"far219706","0.0000"
"far219739","0.0000"
"far219765","0.0000"
"far219766","0.0000"
"far219836","0.0000"
"far219838","0.0000"
"far219863","0.0000"
"far219871","0.0000"
"far219883","0.0000"
"far219891","0.0000"
"far219897","0.0000"
"far219910","0.0000"
"far219927","0.0000"
"far219944","0.0000"
"far219952","0.0000"
"far219964","0.0000"
"far219993","0.0000"
"far220012","0.0000"
"far220042","0.0000"
"far220043","0.0000"
"farw220069","0.0000"
"far220083","0.0000"
"far220093","0.0000"
"far220131","0.0000"
"far220177","0.0000"
"far220181","0.0000"
"far220186","0.0000"
"far220247","0.0000"
"far220258","0.0000"
"farw220300","0.0000"
"farw220303","0.0000"
"farw220304","0.0000"
"far220325","0.0000"
"far220418","0.0000"
"far220428","0.0000"
"far220430","0.0000"
"far220462","0.0000"
"far220477","0.0000"
"far220528","0.0000"
"far220539","0.0000"
"far220543","0.0000"
"far220544","0.0000"
"far220550","0.0000"
"far220566","0.0000"
"far220592","0.0000"
"farw220602","0.0000"
"far220656","0.0000"
"far220692","0.0000"
"far220706","0.0000"
"far220716","0.0000"
"far220760","0.0000"
"far220834","0.0000"
"far220921","0.0000"
"far220984","0.0000"
"far221037","0.0000"
"far221038","0.0000"
"far221048","0.0000"
"farw221066","0.0000"
"far221108","0.0000"
"far221116","0.0000"
"far221142","0.0000"
"far221159","0.0000"
"far221222","0.0000"
"far221240","0.0000"
"far221292","0.0000"
"farw221299","0.0000"
"far221346","0.0000"
"far221353","0.0000"
"far500332","0.0000"
"far500354","0.0000"
"alg026221018fr001","0.0000"
"alg021772032fr001","0.0000"
"alg023950017fr001","0.0000"
"alg023951017fr001","0.0000"
"alg027750010fr001","0.0000"
"alg031350010fr001","0.0000"
"alg031652038fr001","0.0000"
"alg10499004fr000","0.0000"
"alg10499004fr001","0.0000"
"alg11098016fr000","0.0000"
"alg11528010fr001","0.0000"
"alg11675022fr001","0.0000"
"alg11677022fr001","0.0000"
"alg11097016fr000","0.0000"
"alg020247010fr001","0.0000"
"alg020941010fr001","0.0000"
"alg025943031fr001","0.0000"
"alg025944031fr001","0.0000"
"alg11631018fr001","0.0000"
"alg026351010fr000","0.0000"
"alg027951038fr001","0.0000"
"alg028252010fr001","0.0000"
"alg031450010fr000","0.0000"
"alg11427010fr001","0.0000"
"alg11751010fr001","0.0000"
"alg028543017fr001","0.0000"
"alg10496016fr000","0.0000"
"alg012122010fr001","0.0000"
"alg020220010fr001","0.0000"
"alg026223018fr001","0.0000"
"alg030620010fr001","0.0000"
"alg032020010fr001","0.0000"
"alg10490016fr000","0.0000"
"max26106bkphc","0.0000"
"max12243ofsbr","0.0000"
"max12244ofsbr","0.0000"
"max57614wtwt","0.0000"
"vaxp0272","0.0000"
"vaxt0467","0.0000"
"zlt1004p14mbch","0.0000"
"zlt1004p14mbrb","0.0000"
"zlt1004p14mwrb","0.0000"
"zlt1004p20mbch","0.0000"
"zlt1004p20mbrb","0.0000"
"zlt1004p20mwbn","0.0000"
"zlt1004p20mwrb","0.0000"
"zlt2302f1mb","0.0000"
"zlt2302f1rb","0.0000"
"zlt6012p9sbk","0.0000"
"far200006","0.0000"
"farw200153","0.0000"
"far200208","0.0000"
"far200218","0.0000"
"far200220","0.0000"
"far200242","0.0000"
"far200244","0.0000"
"far200258","0.0000"
"farw200330","0.0000"
"farw200334","0.0000"
"farw200335","0.0000"
"far200364","0.0000"
"ela84163","0.0000"
"kic6322tz","0.0000"
"metn9067","0.0000"
"utt23595","0.0000"
"artac10065","0.0000"
"artac10480","0.0000"
"artac10481","0.0000"
"artac10571ch","0.0000"
"artac10666ob","0.0000"
"artac10881ch","0.0000"
"artac2313ob","0.0000"
"artac8360bk","0.0000"
"artac8361wh","0.0000"
"artac8630bz","0.0000"
"artac8631bk","0.0000"
"artac8645bz","0.0000"
"artac9073ob","0.0000"
"artsc780","0.0000"
"qur5060286","0.0000"
"qur32086","0.0000"
"qur35071765","0.0000"
"qur14342595","0.0000"
"qur300012165","0.0000"
"qur915254","0.0000"
"qur8552567","0.0000"
"qur7852595","0.0000"
"qur7246786","0.0000"
"qur7246986","0.0000"
"qur682265","0.0000"
"qur6854986","0.0000"
"qur6037670","0.0000"
"qur435256","0.0000"
"qur35051365","0.0000"
"qur306064","0.0000"
"qur1433066","0.0000"
"far104094par","0.0000"
"hin1007bkll","0.0000"
"hin13590bkll","0.0000"
"hin13594bkll","0.0000"
"hin14064bu","0.0000"
"hin14065bu","0.0000"
"hin1502bzll","0.0000"
"hin1513ozll","0.0000"
"hin1529cbll","0.0000"
"hin1554szll","0.0000"
"hin1555cbll","0.0000"
"hin1579ssll","0.0000"
"hin1646skll","0.0000"
"hin16801mzll","0.0000"
"hin17460blc","0.0000"
"hin18081dsz","0.0000"
"hin18085dsz","0.0000"
"hin1850lzll","0.0000"
"hin2595bu","0.0000"
"hin2800dzll","0.0000"
"hin2804ozll","0.0000"
"hin2844bu","0.0000"
"hin2845bull","0.0000"
"hin29060bull","0.0000"
"hin29064bull","0.0000"
"hin29064tkll","0.0000"
"hin32377hb","0.0000"
"hin3690hbcl","0.0000"
"hin3691hb","0.0000"
"hin3691hbcl","0.0000"
"hin37385hb","0.0000"
"hin38113hb","0.0000"
"hin38894lcb","0.0000"
"hin39674hb","0.0000"
"hin4446blb","0.0000"
"hin50871bn","0.0000"
"hin51452bx","0.0000"
"hin51452hb","0.0000"
"hin52882hb","0.0000"
"hin52883hb","0.0000"
"hin52884hb","0.0000"
"hin53770hb","0.0000"
"hin53860cm","0.0000"
"frefr30206bng","0.0000"
"minf533lwh","0.0000"
"hin1112dz","0.0000"
"hin1220sk","0.0000"
"hin1314mb","0.0000"
"hin1340he","0.0000"
"hin1433dz","0.0000"
"hin1437rb","0.0000"
"hin1542bzled","0.0000"
"hin1647skled","0.0000"
"hin16501mz","0.0000"
"hin16507mz","0.0000"
"hin16507mz27k60","0.0000"
"hin1674oz","0.0000"
"hin1769sk","0.0000"
"hin1801cw","0.0000"
"hin1802bk","0.0000"
"hin1852lz","0.0000"
"hin1894bk","0.0000"
"hin1895bk","0.0000"
"hin1895rk","0.0000"
"hin1902mtled","0.0000"
"hin1951he","0.0000"
"hin2126pzled","0.0000"
"hin2195bzled","0.0000"
"hin2201dz","0.0000"
"hin2203dz","0.0000"
"hin2205sz","0.0000"
"hin2240rb","0.0000"
"hin2246rb","0.0000"
"hin2300bk","0.0000"
"hin2304bk","0.0000"
"hin2321oz","0.0000"
"hin2424cb","0.0000"
"hin2426cb","0.0000"
"hin2428cb","0.0000"
"hin2571sk","0.0000"
"hin2571skled","0.0000"
"hin2574sk","0.0000"
"hin2574skled","0.0000"
"hin2641ob","0.0000"
"hin2649ob","0.0000"
"hin2795ozcl","0.0000"
"hin2862oz","0.0000"
"hin3031kz","0.0000"
"hin3034dz","0.0000"
"hin3136an","0.0000"
"hin3146cm","0.0000"
"hin3176oz","0.0000"
"hin3201brled","0.0000"
"hin3204kz","0.0000"
"hin3231oz","0.0000"
"hin3300cm","0.0000"
"hin3308br","0.0000"
"hin3407bn","0.0000"
"hin3413bz","0.0000"
"hin3414bz","0.0000"
"hin3474hr","0.0000"
"hin3643hb","0.0000"
"hin4360kz","0.0000"
"hin4744bn","0.0000"
"hin4952lz","0.0000"
"hin4958hb","0.0000"
"hin50036an","0.0000"
"hin50036oz","0.0000"
"hin5050bnled","0.0000"
"hin5050cmled","0.0000"
"hin5052cmled","0.0000"
"hin5053bnled","0.0000"
"hin5053cm","0.0000"
"hin5054cmled","0.0000"
"hin51000bz","0.0000"
"hin5105anled","0.0000"
"hin52112pn","0.0000"
"hin53550bn","0.0000"
"hin53550bnled","0.0000"
"hin53842pn","0.0000"
"hin54624cm","0.0000"
"hin55023pn","0.0000"
"hin5553cm","0.0000"
"hin5652cm","0.0000"
"hin63307bncl","0.0000"
"frefr45608bni","0.0000"
"max12218oishd123","0.0000"
"max20112bknabbui","0.0000"
"max20119bknabbui","0.0000"
"max20917aparbui","0.0000"
"max20918aparbui","0.0000"
"max24209bcpc","0.0000"
"max21672cdbkbui","0.0000"
"max1025rp","0.0000"
"max1073cleb","0.0000"
"max1000bk","0.0000"
"max92006tb","0.0000"
"max54354abz","0.0000"
"max66926bk","0.0000"
"max14405nawt","0.0000"
"max4058hobu","0.0000"
"max21675cdbkbui","0.0000"
"max91910aparbui","0.0000"
"max24206bcpc","0.0000"
"max39872bcps","0.0000"
"max21670cdbkbui","0.0000"
"max21467nkpn","0.0000"
"max11223ftoi","0.0000"
"max21677cdbkbui","0.0000"
"max26275bknabbui","0.0000"
"max26276bknabbui","0.0000"
"max26278bknabbui","0.0000"
"hun50907","0.0000"
"hun50957","0.0000"
"hun51140","0.0000"
"hun53058","0.0000"
"hun53126","0.0000"
"mfcir5bkwa60","0.0000"
"mfckcbk","0.0000"
"mfcb2kcpwd","0.0000"
"mfcb2kbnmtl","0.0000"
"mfcb2kbnwd","0.0000"
"mfcb2kcrwd","0.0000"
"mfcddcrmtl","0.0000"
"mfcddcrwd","0.0000"
"mfcivbzztmtl","0.0000"
"mfcvbcpmtl","0.0000"
"mfcvbcpwd","0.0000"
"far222258","0.0000"
"farw222248","0.0000"
"far222154","0.0000"
"far500375","0.0000"
"far500359","0.0000"
"far500358","0.0000"
"et2e23214wt","0.0000"
"et2e2011324","0.0000"
"et2e2011718","0.0000"
"et2e2010724","0.0000"
"et2e2313210pc","0.0000"
"et2e2131510pc","0.0000"
"et2e2209328","0.0000"
"et2e2209028","0.0000"
"et2e2209628","0.0000"
"far104105par","0.0000"
"far104081par","0.0000"
"crw0417w71101","0.0000"
"crw0417w91101","0.0000"
"min288366a","0.0000"
"min3012613l","0.0000"
"min317366a","0.0000"
"out7126066","0.0000"
"out7126666","0.0000"
"out9334661","0.0000"
"far222397par","0.0000"
"far222463par","0.0000"
"artac11683nb","0.0000"
"artac6659bk","0.0000"
"artac11242bk","0.0000"
"utt17973","0.0000"
"utt17974","0.0000"
"utt25148","0.0000"
"utt25496","0.0000"
"utt60185","0.0000"
"max5591bgbk","0.0000"
"max56190gbk","0.0000"
"max5779wtwt","0.0000"
"max5779wtwtpar","0.0000"
"vaxt0596","0.0000"
"vax2244nn","0.0000"
"mon5aspr56mbk","0.0000"
"mon5aspr70agp","0.0000"
"mon5aspr70bs","0.0000"
"mon3jovr52mbk","0.0000"
"mon3jovr52rzw","0.0000"
"mon6lfr62rzwbbsd","0.0000"
"mon6lfr72rzwd","0.0000"
"mon3mgmr60mbkmbk","0.0000"
"mon3rozr44mbk","0.0000"
"mon3rozr44rzw","0.0000"
"mon3rozr52mbk","0.0000"
"mon3rozr52rzw","0.0000"
"gol0806fmai","0.0000"
"gol0809mvgai","0.0000"
"gol20733pblkclr","0.0000"
"gol3164fmblkhwg","0.0000"
"gol3602ba2blkgy","0.0000"
"gol3602ba2pwgy","0.0000"
"far228938","0.0000"
"far228940","0.0000"
"far228948","0.0000"
"far228952","0.0000"
"far228956","0.0000"
"far228958","0.0000"
"far228964","0.0000"
"far228965","0.0000"
"far228969","0.0000"
"far228996","0.0000"
"far228998","0.0000"
"far229003","0.0000"
"far229004","0.0000"
"far229005","0.0000"
"far229021","0.0000"
"far229025","0.0000"
"far229028","0.0000"
"far229038","0.0000"
"far229042","0.0000"
"far229043","0.0000"
"far229054","0.0000"
"far229060","0.0000"
"far229066","0.0000"
"far229074","0.0000"
"far229082","0.0000"
"far229083","0.0000"
"far229115","0.0000"
"far229122","0.0000"
"far229140","0.0000"
"far229163","0.0000"
"far229165","0.0000"
"far229207","0.0000"
"far229213","0.0000"
"far229219","0.0000"
"far229231","0.0000"
"far229236","0.0000"
"far229237","0.0000"
"far229244","0.0000"
"far229245","0.0000"
"far229247","0.0000"
"far229264","0.0000"
"far229270","0.0000"
"far229291","0.0000"
"far229294","0.0000"
"far229295","0.0000"
"far229309","0.0000"
"far229314","0.0000"
"far229341","0.0000"
"far227575","0.0000"
"mondrc24rzw","0.0000"
"mondrc48rzw","0.0000"
"far500389","0.0000"
"far231217","0.0000"
"far231221","0.0000"
"far231256","0.0000"
"far231290","0.0000"
"far231300","0.0000"
"far231312","0.0000"
"far231313","0.0000"
"far231318","0.0000"
"far231353","0.0000"
"far231366","0.0000"
"far231390","0.0000"
"far231413","0.0000"
"crystal7352","0.0000"
"crystal7517","0.0000"
"crystal7904","0.0000"
"far237628","0.0000"
"far237646","0.0000"
"far237655","0.0000"
"farw237656","0.0000"
"far237660","0.0000"
"far237661","0.0000"
"far237664","0.0000"
"far237665","0.0000"
"far233096","0.0000"
"far233100","0.0000"
"far233116","0.0000"
"far233162","0.0000"
"far233201","0.0000"
"far233260","0.0000"
"far233295","0.0000"
"far233327","0.0000"
"far233332","0.0000"
"far233365","0.0000"
"far233372","0.0000"
"far233397","0.0000"
"far233443","0.0000"
"far233458","0.0000"
"far233460","0.0000"
"far233463","0.0000"
"far233477","0.0000"
"far233509","0.0000"
"far233511","0.0000"
"far233516","0.0000"
"far233523","0.0000"
"far233528","0.0000"
"far233532","0.0000"
"far233545","0.0000"
"far233759","0.0000"
"far233834","0.0000"
"far233837","0.0000"
"far233882","0.0000"
"far233913","0.0000"
"far233933","0.0000"
"far233935","0.0000"
"far232212","0.0000"
"far232213","0.0000"
"far232224","0.0000"
"far232266","0.0000"
"far232267","0.0000"
"far232270","0.0000"
"far232300","0.0000"
"far232329","0.0000"
"far232332","0.0000"
"farw232340","0.0000"
"far232345","0.0000"
"far232412","0.0000"
"far232425","0.0000"
"far232506","0.0000"
"far232507","0.0000"
"far232512","0.0000"
"far232540","0.0000"
"farw232614","0.0000"
"far232627","0.0000"
"farw232640","0.0000"
"farw232642","0.0000"
"farw232643","0.0000"
"farw232644","0.0000"
"farw232645","0.0000"
"farw232646","0.0000"
"farw232668","0.0000"
"far232675","0.0000"
"far232677","0.0000"
"far232680","0.0000"
"far232704","0.0000"
"far232754","0.0000"
"far232785","0.0000"
"farw232788","0.0000"
"far232812","0.0000"
"far232822","0.0000"
"far232885","0.0000"
"far232886","0.0000"
"far232888","-1.0000"
"far232906","0.0000"
"farw232907","0.0000"
"far232918","0.0000"
"far232939","0.0000"
"far232943","0.0000"
"far232958","0.0000"
"far232960","0.0000"
"farw232967","0.0000"
"far232978","0.0000"
"farw232997","0.0000"
"farw233019","0.0000"
"farw102713","0.0000"
"far233967","0.0000"
"far234036","0.0000"
"far234118","0.0000"
"far234232","0.0000"
"far234317","0.0000"
"far234335","0.0000"
"far234716","0.0000"
"far234796","0.0000"
"far235045","0.0000"
"far235055","0.0000"
"far235071","0.0000"
"farw235082","0.0000"
"far235184","0.0000"
"far235185","0.0000"
"far235204","0.0000"
"far235215","0.0000"
"far235221","0.0000"
"far235222","0.0000"
"far235233","0.0000"
"far500416","0.0000"
"far500417","0.0000"
"far500418","0.0000"
"far500419","0.0000"
"far500420","0.0000"
"far500422","0.0000"
"far500429","0.0000"
"far500433","0.0000"
"far500453","0.0000"
"far500455","0.0000"
"far500459","0.0000"
"far500463","0.0000"
"far238001","0.0000"
"far238079","0.0000"
"far238090","0.0000"
"far238221","0.0000"
"far238339","0.0000"
"far238630","0.0000"
"ele1211d30fb","0.0000"
"ele1101d20c","0.0000"
"ele1101d20br","0.0000"
"ele1101d20bk","0.0000"
"ele1101d24c","0.0000"
"ele1101d24br","0.0000"
"ele1101d24bk","0.0000"
"ele1101d28c","0.0000"
"ele1101d28br","0.0000"
"ele1101d28bk","0.0000"
"ele1101f10c","0.0000"
"ele1101f10br","0.0000"
"ele1101f10bk","0.0000"
"ele1101f12c","0.0000"
"ele1101f12br","0.0000"
"ele1101f12bk","0.0000"
"ele1101f14c","0.0000"
"ele1101f14br","0.0000"
"ele1101f14bk","0.0000"
"ele1101f16c","0.0000"
"ele1101f16br","0.0000"
"ele1101f16bk","0.0000"
"ele1102d12c","0.0000"
"ele1102d12br","0.0000"
"ele1102d12bk","0.0000"
"ele1102d14c","0.0000"
"ele1102d14br","0.0000"
"ele1102d14bk","0.0000"
"ele1102d16c","0.0000"
"ele1102d16br","0.0000"
"ele1102d16bk","0.0000"
"ele1102d18c","0.0000"
"ele1102d18br","0.0000"
"ele1102d18bk","0.0000"
"ele1102d20c","0.0000"
"ele1102d20br","0.0000"
"ele1102d20bk","0.0000"
"ele1103f12c","0.0000"
"ele1103f12br","0.0000"
"ele1103f12bk","0.0000"
"ele1103f14c","0.0000"
"ele1103f14br","0.0000"
"ele1103f14bk","0.0000"
"ele1103f16c","0.0000"
"ele1103f16br","0.0000"
"ele1103f16bk","0.0000"
"ele1103f18c","0.0000"
"ele1103f18br","0.0000"
"ele1103f18bk","0.0000"
"ele1103f20c","0.0000"
"ele1103f20br","0.0000"
"ele1103f20bk","0.0000"
"ele1104d14c","0.0000"
"ele1104d14br","0.0000"
"ele1104d14bk","0.0000"
"ele1104d16c","0.0000"
"ele1104d16br","0.0000"
"ele1104d16bk","0.0000"
"ele1104d18c","0.0000"
"ele1104d18br","0.0000"
"ele1104d18bk","0.0000"
"ele1104d20c","0.0000"
"ele1104d20br","0.0000"
"ele1104d20bk","0.0000"
"ele1105f14c","0.0000"
"ele1105f14br","0.0000"
"ele1105f14bk","0.0000"
"ele1105f16c","0.0000"
"ele1105f16br","0.0000"
"ele1105f16bk","0.0000"
"ele1105f18c","0.0000"
"ele1105f18br","0.0000"
"ele1105f18bk","0.0000"
"ele1105f20c","0.0000"
"ele1105f20br","0.0000"
"ele1105f20bk","0.0000"
"ele1106d12c","0.0000"
"ele1106d12br","0.0000"
"ele1106d12bk","0.0000"
"ele1106d14c","0.0000"
"ele1106d14br","0.0000"
"ele1106d14bk","0.0000"
"ele1106d16c","0.0000"
"ele1106d16br","0.0000"
"ele1106d16bk","0.0000"
"ele1106d18c","0.0000"
"ele1106d18br","0.0000"
"ele1106d18bk","0.0000"
"ele1106d20c","0.0000"
"ele1106d20br","0.0000"
"ele1106d20bk","0.0000"
"ele1107f12c","0.0000"
"ele1107f12br","0.0000"
"ele1107f12bk","0.0000"
"ele1107f14c","0.0000"
"ele1107f14br","0.0000"
"ele1107f14bk","0.0000"
"ele1107f16c","0.0000"
"ele1107f16br","0.0000"
"ele1107f16bk","0.0000"
"ele1107f18c","0.0000"
"ele1107f18br","0.0000"
"ele1107f18bk","0.0000"
"ele1107f20c","0.0000"
"ele1107f20br","0.0000"
"ele1107f20bk","0.0000"
"ele1108d16c","0.0000"
"ele1108d16br","0.0000"
"ele1108d16bk","0.0000"
"ele1108d19c","0.0000"
"ele1108d19br","0.0000"
"ele1108d19bk","0.0000"
"ele1108d24c","0.0000"
"ele1108d24br","0.0000"
"ele1108d24bk","0.0000"
"ele1109f10c","0.0000"
"ele1109f10br","0.0000"
"ele1109f10bk","0.0000"
"ele1109f13c","0.0000"
"ele1109f13br","0.0000"
"ele1109f13bk","0.0000"
"ele1110f13c","0.0000"
"ele1110f13br","0.0000"
"ele1110f13bk","0.0000"
"ele1111d13c","0.0000"
"ele1111d13br","0.0000"
"ele1111d13bk","0.0000"
"ele1111d16c","0.0000"
"ele1111d16br","0.0000"
"ele1111d16bk","0.0000"
"ele1111d21c","0.0000"
"ele1111d21br","0.0000"
"ele1111d21bk","0.0000"
"ele1112f10c","0.0000"
"ele1112f10br","0.0000"
"ele1112f10bk","0.0000"
"ele1112f12c","0.0000"
"ele1112f12br","0.0000"
"ele1112f12bk","0.0000"
"ele1112f14c","0.0000"
"ele1112f14br","0.0000"
"ele1112f14bk","0.0000"
"ele1112f16c","0.0000"
"ele1112f16br","0.0000"
"ele1112f16bk","0.0000"
"ele1113d14c","0.0000"
"ele1113d14br","0.0000"
"ele1113d14bk","0.0000"
"ele1114d10c","0.0000"
"ele1114d10br","0.0000"
"ele1114d10bk","0.0000"
"ele1114d13c","0.0000"
"ele1114d13br","0.0000"
"ele1114d13bk","0.0000"
"ele2066d5bk","0.0000"
"ele2066d5c","0.0000"
"ele2066d16c","0.0000"
"ele2066d16sg","0.0000"
"ele2066d20bk","0.0000"
"ele2066d20c","0.0000"
"ele2066d32bk","0.0000"
"ele2066d32c","0.0000"
"ele2066d32sg","0.0000"
"ele2066d36bk","0.0000"
"ele2066d36c","0.0000"
"ele2066d36sg","0.0000"
"ele2066d42bk","0.0000"
"ele2066d42c","0.0000"
"ele2066d42sg","0.0000"
"ele2066g26bk","0.0000"
"ele2066g26sg","0.0000"
"ele2066g30c","0.0000"
"ele2066g30sg","0.0000"
"ele2066g36bk","0.0000"
"ele2066g36c","0.0000"
"ele2066g36sg","0.0000"
"ele2066g42bk","0.0000"
"ele2066g42c","0.0000"
"ele2066s32bk","0.0000"
"ele2066s32c","0.0000"
"ele2066s32sg","0.0000"
"ele2066s36bk","0.0000"
"ele2066s36c","0.0000"
"ele2066s36sg","0.0000"
"ele2066s42c","0.0000"
"ele2066s42sg","0.0000"
"ele2067d16bk","0.0000"
"ele2067d16c","0.0000"
"ele2067d16sg","0.0000"
"ele2067d20bk","0.0000"
"ele2067d20c","0.0000"
"ele2067d20sg","0.0000"
"ele2067d24bk","0.0000"
"ele2067d24c","0.0000"
"ele2067d24sg","0.0000"
"ele2067g30bk","0.0000"
"ele2067g30c","0.0000"
"ele2067g36bk","0.0000"
"ele2067g36c","0.0000"
"ele2067g36sg","0.0000"
"ele2067g42bk","0.0000"
"ele2067g42c","0.0000"
"ele2067g42sg","0.0000"
"far239088","0.0000"
"far239116","0.0000"
"far239119","0.0000"
"far239184","0.0000"
"far239198","0.0000"
"far239199","0.0000"
"far239217","0.0000"
"far239221","0.0000"
"far239239","0.0000"
"far239241","0.0000"
"far239242","0.0000"
"far239246","0.0000"
"far239259","0.0000"
"far239267","0.0000"
"far239270","0.0000"
"far239297","0.0000"
"far239299","0.0000"
"far239300","0.0000"
"far239314","0.0000"
"far239327","0.0000"
"far239370","0.0000"
"far239372","0.0000"
"far239377","0.0000"
"far239383","0.0000"
"far239458","0.0000"
"far239460","0.0000"
"far239461","0.0000"
"far239477","0.0000"
"far239494","0.0000"
"far239545","0.0000"
"far239551","0.0000"
"far239555","0.0000"
"far239565","0.0000"
"far239587","0.0000"
"far239593","0.0000"
"far239596","0.0000"
"far239598","0.0000"
"far239604","0.0000"
"far239615","0.0000"
"far239616","0.0000"
"far239619","0.0000"
"far239632","0.0000"
"far239638","0.0000"
"ele1219g32as","0.0000"
"ele1219g32bk","0.0000"
"ele1219g32br","0.0000"
"ele1219g40as","0.0000"
"ele2500d36bk","0.0000"
"ele2500d36c","0.0000"
"ele2500d38bk","0.0000"
"ele2500d42c","0.0000"
"ele2500d42sg","0.0000"
"ele2500d48bk","0.0000"
"ele2500d48sg","0.0000"
"ele2500d50c","0.0000"
"ele2500w19bk","0.0000"
"ele2500w19c","0.0000"
"ele2502d17bk","0.0000"
"ele2502d17c","0.0000"
"ele2502d17sg","0.0000"
"ele2502d23bk","0.0000"
"ele2502d23c","0.0000"
"ele2502d27bk","0.0000"
"ele2502d27c","0.0000"
"ele2502d27sg","0.0000"
"ele2502d32sg","0.0000"
"ele2502d36bk","0.0000"
"ele2502d36c","0.0000"
"ele2502d36sg","0.0000"
"ele2502d42bk","0.0000"
"ele2502d42c","0.0000"
"ele2502d42sg","0.0000"
"ele2502d46bk","0.0000"
"ele2502d46c","0.0000"
"ele2502d46sg","0.0000"
"ele2502w18bk","0.0000"
"ele2502w18c","0.0000"
"ele2502w18sg","0.0000"
"far239657par","0.0000"
"wynwcobt100360bk","0.0000"
"wynwcobt100360bkatp11bn","0.0000"
"wynwcobt100360bkatp11pc","0.0000"
"wynwcobt100360bkbntrim","0.0000"
"wynwcv2323wcwh","0.0000"
"wynwcv232380dblcmunom70","0.0000"
"wynwcv232380dblcmunomxx","0.0000"
"wynwcv232380dkgcmunom70","0.0000"
"wynwcv232380dkgcmunomxx","0.0000"
"wynwcv232380dwhcmunom70","0.0000"
"wynwcv232380dwhcmunomxx","0.0000"
"wynwcs202072dkgwcunsm70","0.0000"
"wynwcs202080dkgwcunsm70","0.0000"
"wynwcs202072dkgc2unsm70","0.0000"
"wynwcs202080dkgc2unsm70","0.0000"
"wynwcf282860dlscxsxxmxx","0.0000"
"wynwcf282860dlsc2unsmxx","0.0000"
"wynwcf282860dlscmunsmxx","0.0000"
"wynwcf282860dlswcunsmxx","0.0000"
"wynwcf282860dlbcxsxxmxx","0.0000"
"wynwcf282860dlbc2unsmxx","0.0000"
"wynwcf282860dlbcmunsmxx","0.0000"
"wynwcf282860dlbwcunsmxx","0.0000"
"wynwcv232380dwgcmunom70","0.0000"
"wynwcv232380dwgcmunomxx","0.0000"
"wynwcbte301159mwpcatpgd","0.0000"
"wynwcbte301159mwswatpgd","0.0000"
"wynwcbte306159mwpcatpgd","0.0000"
"wynwcbte306159mwswatpgd","0.0000"
"wynwcbte306163mwpcatpgd","0.0000"
"wynwcbte306163mwswatpgd","0.0000"
"wynwcbte306167mwpcatpgd","0.0000"
"wynwcbte306167mwswatpgd","0.0000"
"wynwcbte306171mwpcatpgd","0.0000"
"wynwcbte306171mwswatpgd","0.0000"
"wynwcbtk150159pcatpgd","0.0000"
"wynwcbtk150159swatpgd","0.0000"
"wynwcbtk150167pcatpgd","0.0000"
"wynwcbtk150167swatpgd","0.0000"
"wynwcbtk150459pcatpgd","0.0000"
"wynwcbtk150459swatpgd","0.0000"
"wynwcbtk150467pcatpgd","0.0000"
"wynwcbtk150467swatpgd","0.0000"
"wynwcbtk151159pcatpgd","0.0000"
"wynwcbtk151159swatpgd","0.0000"
"wynwcbtk151167pcatpgd","0.0000"
"wynwcbtk151167swatpgd","0.0000"
"wynwcbtk151459pcatpgd","0.0000"
"wynwcbtk151459swatpgd","0.0000"
"wynwcbtk151463pcatpgd","0.0000"
"wynwcbtk151463swatpgd","0.0000"
"wynwcbtk151467pcatpgd","0.0000"
"wynwcbtk151467swatpgd","0.0000"
"wynwcbtk151871pcatpgd","0.0000"
"wynwcbtk151871swatpgd","0.0000"
"wynwcbtk151967pcatpgd","0.0000"
"wynwcbtk151967swatpgd","0.0000"
"wynwcbtk156159pcatpgd","0.0000"
"wynwcbtk156159swatpgd","0.0000"
"wynwcbtk156163pcatpgd","0.0000"
"wynwcbtk156163swatpgd","0.0000"
"wynwcbtk156167pcatpgd","0.0000"
"wynwcbtk156167swatpgd","0.0000"
"wynwcbtk156171pcatpgd","0.0000"
"wynwcbtk156171swatpgd","0.0000"
"wynwcobt100060pcatpgd","0.0000"
"wynwcobt100060swatpgd","0.0000"
"wynwcobt100065pcatpgd","0.0000"
"wynwcobt100065swatpgd","0.0000"
"wynwcobt100071pcatpgd","0.0000"
"wynwcobt100071swatpgd","0.0000"
"wynwcobt100169mbatpbk","0.0000"
"wynwcobt100169pcatpbk","0.0000"
"wynwcobt100169pcatpgd","0.0000"
"wynwcobt100169swatpbk","0.0000"
"wynwcobt100169swatpgd","0.0000"
"wynwcobt100260pcatpgd","0.0000"
"wynwcobt100260swatpgd","0.0000"
"wynwcobt100268pcatpgd","0.0000"
"wynwcobt100268swatpgd","0.0000"
"wynwcobt100272pcatpgd","0.0000"
"wynwcobt100272swatpgd","0.0000"
"wynwcobt100360bkmbatpbk","0.0000"
"wynwcobt100360bkpcatpbk","0.0000"
"wynwcobt100360bkswatpbk","0.0000"
"wynwcobt100360pcatpgd","0.0000"
"wynwcobt100360swatpgd","0.0000"
"wynwcobt100367pcatpgd","0.0000"
"wynwcobt100367swatpgd","0.0000"
"wynwcobt100371pcatpgd","0.0000"
"wynwcobt100371swatpgd","0.0000"
"wynwcobt100559pcatpgd","0.0000"
"wynwcobt100559swatpgd","0.0000"
"wynwcobt101160pcatpgd","0.0000"
"wynwcobt101160swatpgd","0.0000"
"wynwcobt101260pcatpgd","0.0000"
"wynwcobt101260swatpgd","0.0000"
"wynwcobt101267pcatpgd","0.0000"
"wynwcobt101267swatpgd","0.0000"
"wynwcobt101271pcatpgd","0.0000"
"wynwcobt101271swatpgd","0.0000"
"wynwcobt101360pcatpgd","0.0000"
"wynwcobt101360swatpgd","0.0000"
"wynwcobt101367pcatpgd","0.0000"
"wynwcobt101367swatpgd","0.0000"
"wynwcobt101371pcatpgd","0.0000"
"wynwcobt101371swatpgd","0.0000"
"wynwcobt101460pcatpgd","0.0000"
"wynwcobt101460swatpgd","0.0000"
"wynwcobt101465pcatpgd","0.0000"
"wynwcobt101465swatpgd","0.0000"
"wynwcobt101470pcatpgd","0.0000"
"wynwcobt101470swatpgd","0.0000"
"wynwcobt200060pcatpgd","0.0000"
"wynwcobt200060swatpgd","0.0000"
"wynwcobt200067pcatpgd","0.0000"
"wynwcobt200067swatpgd","-1.0000"
"wynwcs202080dwgcmunom24","0.0000"
"wynwcs202080dwgcmunom70","0.0000"
"wynwcs202080dwgcmunomed","0.0000"
"wynwcs202080dwgcmunomxx","0.0000"
"liv238161","0.0000"
"liv500702","0.0000"
"tol132dg9925","0.0000"
"tol162dg458","0.0000"
"tol162dg615","0.0000"
"tol162dg9925","0.0000"
"tol163dg458","0.0000"
"tol163dg615","0.0000"
"tol163dg9925","0.0000"
"tol164dg458","0.0000"
"tol164dg9925","0.0000"
"tol172bn458","0.0000"
"tol172brz458","0.0000"
"tol172brz9925","0.0000"
"tol173bc458","0.0000"
"tol173bc9925","0.0000"
"tol173bn458","0.0000"
"tol173brz458","0.0000"
"tol173brz9925","0.0000"
"tol174bc458","0.0000"
"tol174bc9925","0.0000"
"tol174bn458","0.0000"
"tol174brz458","0.0000"
"tol174brz9925","0.0000"
"tol182dg458","0.0000"
"tol182dg9925","0.0000"
"tol1842mbdw9925","0.0000"
"tol1843mbdw9925","0.0000"
"tol1844mbdw9925","0.0000"
"tol184dg9925","0.0000"
"tol1932mbbr4110","0.0000"
"tol1933whbn4110","0.0000"
"tol552gp458","0.0000"
"tol552mb9925","0.0000"
"tol553dg458","0.0000"
"tol553dg9925","0.0000"
"tol553gp458","0.0000"
"tol553mb458","0.0000"
"tol553mb9925","0.0000"
"tol554dg458","0.0000"
"tol554dg9925","0.0000"
"tol554gp458","0.0000"
"tol554mb458","0.0000"
"tol554mb9925","0.0000"
"tol594dg458","0.0000"
"tol594dg9925","0.0000"
"tol3423bn4109","0.0000"
"tol3424bn458","0.0000"
"tol3424bn4101","0.0000"
"tol3424bn4250","0.0000"
"tol3424bn4811","0.0000"
"tol3424bn4812","0.0000"
"tol3424mbbn458","0.0000"
"tol3424mbbn4101","0.0000"
"tol3424mbbn4250","0.0000"
"tol3424mbbn4811","0.0000"
"tol3424mbbn4812","0.0000"
"tol3424mbbr458","0.0000"
"tol3424mbbr4101","0.0000"
"tol3424mbbr4811","0.0000"
"tol3424mbbr4812","0.0000"
"tol2633mb912","0.0000"
"tol373bn715","0.0000"
"tol373bn912","0.0000"
"tol373chmb715","0.0000"
"tol373dg715","0.0000"
"tol373mb715","0.0000"
"tol373mb912","0.0000"
"tol374bn715","0.0000"
"tol374bn912","0.0000"
"tol374brz715","0.0000"
"tol374chmb715","0.0000"
"tol374mb715","0.0000"
"tol374mb912","0.0000"
"tol803bn715","0.0000"
"tol803bn912","0.0000"
"tol803dg715","0.0000"
"tol803dg912","0.0000"
"tol804brz715","0.0000"
"tol823brz715","0.0000"
"tol824brz715","0.0000"
"tol863dg715","0.0000"
"tol873bn715","0.0000"
"tol873bn912","0.0000"
"tol873dg715","0.0000"
"tol874bn715","0.0000"
"tol874bn912","0.0000"
"tol874dg715","0.0000"
"tol274bn715","0.0000"
"tol274bn912","0.0000"
"tol1943whbn4110","0.0000"
"tol1945whbn4110","0.0000"
"tol263brz9925","0.0000"
"tol568mb9925","0.0000"
"tol869dg615","0.0000"
"tol3409bn4811","0.0000"
"tol3409bn4812","0.0000"
"tol3409bn4101","0.0000"
"tol3409mbbr4811","0.0000"
"tol3409mbbr4812","0.0000"
"tol3415mbbn4101","0.0000"
"tol3415mbbn4811","0.0000"
"tol3415mbbn4812","0.0000"
"tol3415bn4101","0.0000"
"tol3415bn4811","0.0000"
"tol28bn458","0.0000"
"tol28dg458","0.0000"
"tol28dg9925","0.0000"
"tol28mb458","0.0000"
"tol28mb9925","0.0000"
"tol2636bn458","0.0000"
"tol2636mb9925","0.0000"
"tol140as458","0.0000"
"tol31brz458","0.0000"
"tol35brz458","0.0000"
"tol42bn715","0.0000"
"tol61dg458","0.0000"
"tol25bn458","0.0000"
"tol25dg458","0.0000"
"tol25dg9925","0.0000"
"tol36bn1025","0.0000"
"tol36bn407","0.0000"
"tol36bn408","0.0000"
"tol36bn4155","0.0000"
"tol36bn416","0.0000"
"tol36bn4165","0.0000"
"tol36bn421","0.0000"
"tol36bn425","0.0000"
"tol36bn426","0.0000"
"tol36bn427","0.0000"
"tol36bn435","0.0000"
"tol36bn437","0.0000"
"tol36bn438","0.0000"
"tol36bn441","0.0000"
"tol36bn444","0.0000"
"tol36bn447","0.0000"
"tol36bn448","0.0000"
"tol36bn451","0.0000"
"tol36bn454","0.0000"
"tol36bn458","0.0000"
"tol36bn5054","0.0000"
"tol36bn5055","0.0000"
"tol36bn5057","0.0000"
"tol36bn5064","0.0000"
"tol36bn5065","0.0000"
"tol36bn5066","0.0000"
"tol36bn5067","0.0000"
"tol36bn508","0.0000"
"tol36bn603","0.0000"
"tol36bn604","0.0000"
"tol36bn615","0.0000"
"tol36bn681","0.0000"
"tol36bn700","0.0000"
"tol36bn701","0.0000"
"tol36bn702","0.0000"
"tol36bn706","0.0000"
"tol36bn709","0.0000"
"tol36bn7145","0.0000"
"tol36bn7195","0.0000"
"tol36bn720","0.0000"
"tol36bn721","0.0000"
"tol36bn725","0.0000"
"tol36bn726","0.0000"
"tol36bn729","0.0000"
"tol36bn730","0.0000"
"tol36bn736","0.0000"
"tol36bn751","0.0000"
"tol36bn755","0.0000"
"tol36bn756","0.0000"
"tol36bn759","0.0000"
"tol36bn783","0.0000"
"tol36bn9105","0.0000"
"tol36bn9485","0.0000"
"tol36bn9905","0.0000"
"tol36bn9955","0.0000"
"tol36brz458","0.0000"
"tol36brz9925","0.0000"
"tol36dg458","0.0000"
"tol36dg9925","0.0000"
"tol48bn715","0.0000"
"tol48bn912","0.0000"
"tol48brz715","0.0000"
"tol48dg715","0.0000"
"tol1941whbn4110","0.0000"
"tol22bc458","0.0000"
"tol22bn458","0.0000"
"tol22ch458","0.0000"
"tol22dg458","0.0000"
"tol23bc458","0.0000"
"tol23bn458","0.0000"
"tol23ch458","0.0000"
"tol23dg458","0.0000"
"tol3401bn9925","0.0000"
"tol3401mbbn9925","0.0000"
"tol80as458","0.0000"
"tol80as615","0.0000"
"tol80dg458","0.0000"
"tol80dg615","0.0000"
"tol80dg9925","0.0000"
"tol2601bn4101","0.0000"
"tol2601bn4811","0.0000"
"tol2601bn4812","0.0000"
"tol2601mb4101","0.0000"
"tol2601mb4811","0.0000"
"tol2601mb4812","0.0000"
"tol10bc912","0.0000"
"tol10bn715","0.0000"
"tol10bn912","0.0000"
"tol10brz715","0.0000"
"tol10ch715","0.0000"
"tol10ch912","0.0000"
"tol10dg715","0.0000"
"tol10dg912","0.0000"
"tol10mb715","0.0000"
"tol10mb912","0.0000"
"tol26bn715","0.0000"
"tol26bn912","0.0000"
"tol26brz715","0.0000"
"tol26ch715","0.0000"
"tol26ch912","0.0000"
"tol26dg715","0.0000"
"tol26dg912","0.0000"
"tol26mb715","0.0000"
"tol26mb912","0.0000"
"tol271bn715","0.0000"
"tol271dg715","0.0000"
"tol271dg912","0.0000"
"tol3401bn715","0.0000"
"tol3401mbbn715","0.0000"
"tol3401mbbr715","0.0000"
"tol72bn4250","0.0000"
"tol72mb4250","0.0000"
"tol72nab4250","0.0000"
"tol81nab4550","0.0000"
"tol81nab4552","0.0000"
"tol81nab4560","0.0000"
"tol81nab4562","0.0000"
"tol81nab4570","0.0000"
"tol81nab4572","0.0000"
"tol82dg912","0.0000"
"tol900dg715","0.0000"
"tol92bn4250","0.0000"
"tol92mb4250","0.0000"
"tol92nab4250","0.0000"
"tol98nab4681","0.0000"
"tol98nab4730","0.0000"
"tol98nab4731","0.0000"
"tol121bc715","0.0000"
"tol121bn715","0.0000"
"tol121brz715","0.0000"
"tol121ch715","0.0000"
"tol121dg715","0.0000"
"tol121mb715","0.0000"
"tol1947whbn4110","0.0000"
"tol242as715","0.0000"
"tol242dg715","0.0000"
"tol565dg715","0.0000"
"tol565gp715","0.0000"
"tol565mb715","0.0000"
"tol909dg715","0.0000"
"tol53nab4101","0.0000"
"tol141dg458","0.0000"
"tol141dg9925","0.0000"
"tol161dg458","0.0000"
"tol161dg615","0.0000"
"tol161dg9925","0.0000"
"tol1841mbdw9925","0.0000"
"tol1931whbn4110","0.0000"
"tol40bn458","0.0000"
"tol40brz458","0.0000"
"tol40brz9925","0.0000"
"tol40ch458","0.0000"
"tol40dg458","0.0000"
"tol40dg9925","0.0000"
"tol40mb458","0.0000"
"tol40mb9925","0.0000"
"tol551gp458","0.0000"
"tol551mb458","0.0000"
"tol551mb9925","0.0000"
"tol591dg458","0.0000"
"tol3421bn4101","0.0000"
"tol3421bn4811","0.0000"
"tol3421bn4812","0.0000"
"tol3421mbbn4101","0.0000"
"tol3421mbbn4811","0.0000"
"tol3421mbbn4812","0.0000"
"tol3421mbbr4101","0.0000"
"tol3421mbbr4811","0.0000"
"tol3421mbbr4812","0.0000"
"far239671","0.0000"
"max10205clsn","0.0000"
"max10064ftbk","0.0000"
"max10211clbk","0.0000"
"max10212clbk","0.0000"
"max11842cdsn","0.0000"
"crw0418w7l2","0.0000"
"artac5660wh","0.0000"
"kic49686bkl18","0.0000"
"kic55013bk","0.0000"
"kic45650nbr","0.0000"
"kic16171cbr30","0.0000"
"kic16172azt27","0.0000"
"kic16172bkt27","0.0000"
"kic55012bk","0.0000"
"kic45694ch","0.0000"
"kic45656mbkled","0.0000"
"kic49435pl","0.0000"
"kic55018ni","0.0000"
"kic330164mwh","0.0000"
"kic49927oz","0.0000"
"far239763","0.0000"
"far239777","0.0000"
"far239808","0.0000"
"far239821","0.0000"
"far239836","0.0000"
"far239844","0.0000"
"far239881","0.0000"
"acl1500bk","0.0000"
"acl1777orb","0.0000"
"acl1857orb","0.0000"
"acl2121mm","0.0000"
"acl3601bc","0.0000"
"acl5005bw","0.0000"
"acl5181bkfr","0.0000"
"acl5221bk","0.0000"
"acl5221bw","0.0000"
"acl5261bkcl","0.0000"
"acl5301bk","0.0000"
"acl5423bw","0.0000"
"acl5501mm","0.0000"
"acl5527mm","0.0000"
"acl6001abz","0.0000"
"acl6101bkfr","0.0000"
"acl7551bcch","0.0000"
"acl7652bk","0.0000"
"acl87bk","0.0000"
"acl87tw","0.0000"
"aclin21051orb","0.0000"
"aclin21126bk","0.0000"
"aclin40601","0.0000"
"aclmfl1abz","0.0000"
"aclmfl1wh","0.0000"
"hun19023","0.0000"
"hun19173","0.0000"
"gol0806fmabi","0.0000"
"gol0806sfabi","0.0000"
"gol6071o4pnbclr","0.0000"
"crw5008p6st","0.0000"
"crw5553p12amber","0.0000"
"crw5553p7clear","0.0000"
"crw5553p7cognac","0.0000"
"hin1521bz","0.0000"
"hin30071lcb","0.0000"
"hin30074lcb","0.0000"
"hin3744bk","0.0000"
"hin3744hbwh","0.0000"
"hin3747bk","0.0000"
"hin3747hbwh","0.0000"
"hin41044hb","0.0000"
"hin4894ldb","0.0000"
"hin50872bk","0.0000"
"hin51272bk","0.0000"
"hin5172bkcm","0.0000"
"tol3415mbbr4101","0.0000"
"tol3415mbbr4811","0.0000"
"tol3415mbbr4812","0.0000"
"tol2611bn4101","0.0000"
"tol2611bn4811","0.0000"
"tol2611bn4812","0.0000"
"tol2611bn9925","0.0000"
"tol2611mb4101","0.0000"
"tol2611mb4811","0.0000"
"tol2611mb4812","0.0000"
"tol2611mb9925","0.0000"
"tol1945mbbr4110","0.0000"
"tol2612bn4101","0.0000"
"tol2612bn4811","0.0000"
"tol2612bn4812","0.0000"
"tol2612bn9925","0.0000"
"tol2612mb4101","0.0000"
"tol2612mb4811","0.0000"
"tol2612mb4812","0.0000"
"tol2612mb9925","0.0000"
"tol1185bn4811","0.0000"
"klc2664hb1100","0.0000"
"klc304951cg","0.0000"
"klc307533ch","0.0000"
"klc308740sl","0.0000"
"klc311354pn","0.0000"
"klc315131sn","0.0000"
"klc315134pn","0.0000"
"klc390456db","0.0000"
"klc390465db","0.0000"
"klc403421agb","0.0000"
"klc403521agb","0.0000"
"klc403720agb","0.0000"
"klc403721agb","0.0000"
"klc403820cp","0.0000"
"klc501820mc","0.0000"
"klc502760pt","0.0000"
"klc503420bzg","0.0000"
"klc504150bzg","0.0000"
"klc504221oc","0.0000"
"klc504222oc","0.0000"
"klc504853bs","0.0000"
"klc5099sn","0.0000"
"klc513673bwb","0.0000"
"klc514957mb","0.0000"
"klc515045ol","0.0000"
"klc515091ol","0.0000"
"klc5990sn","0.0000"
"klc6481ts","0.0000"
"klc6482ts","0.0000"
"klc6607ez","0.0000"
"klc7042fg","0.0000"
"klc9002bb","0.0000"
"klc9162pd","0.0000"
"klc9163pd","0.0000"
"klc9164pd","0.0000"
"minf742lsbr","0.0000"
"utt04316","0.0000"
"utt21554","0.0000"
"utt25474","0.0000"
"qur190808143624","0.0000"
"min217166a","0.0000"
"min3013572l","0.0000"
"min3869726","0.0000"
"min404184","0.0000"
"min409084","0.0000"
"min409184","0.0000"
"min409384","0.0000"
"min70866al","0.0000"
"min71144l","0.0000"
"min71466al","0.0000"
"min71666al","0.0000"
"out73238738","0.0000"
"out73239738","0.0000"
"out73241748","0.0000"
"out73243748","0.0000"
"out73248748","0.0000"
"tol2613bn4101","0.0000"
"tol2613bn4811","0.0000"
"tol2613bn4812","0.0000"
"tol2613bn9925","0.0000"
"tol2613mb4101","0.0000"
"tol2613mb4811","0.0000"
"tol2613mb4812","0.0000"
"tol2613mb9925","0.0000"
"tol1947mbbn4110","0.0000"
"tol1947mbbr4110","0.0000"
"tol3417mbbn4101","0.0000"
"tol1931mbbr4110","0.0000"
"tol5912mb4101","0.0000"
"qur35051162","0.0000"
"qur35071165","0.0000"
"qur5049469","0.0000"
"qur53920880","0.0000"
"qur53923280","0.0000"
"qur53926980","0.0000"
"qur54271265","0.0000"
"qur7027669","0.0000"
"qur7181269","0.0000"
"qur80100880","0.0000"
"qur9172069","0.0000"
"far239897","0.0000"
"far239898","0.0000"
"farw239909","0.0000"
"avabristolv48nb","0.0000"
"avabristolvs49lgc","0.0000"
"avabristolvs49nbc","0.0000"
"avabristolvs49wtc","0.0000"
"avaeverettev24wt","0.0000"
"avaeverettev30wd","0.0000"
"avaeverettev72wd","0.0000"
"avaeverettevs25wdc","0.0000"
"avaeverettevs25wtc","0.0000"
"avaeverettevs31wdc","0.0000"
"avaeverettevs61wdc","0.0000"
"avaeverettevs61wtc","0.0000"
"avaeverettevs73wdc","0.0000"
"avaavonm24bg","0.0000"
"avaavonm24mb","0.0000"
"avaavonm24ss","0.0000"
"avaavonm30bg","0.0000"
"avaavonm30mb","0.0000"
"avaavonm30ss","0.0000"
"avaluanam24","0.0000"
"avaluanam30","0.0000"
"tol2614bn4101","0.0000"
"tol2614bn4811","0.0000"
"tol2614bn4812","0.0000"
"tol2614bn9925","0.0000"
"tol2614mb4101","0.0000"
"tol2614mb4811","0.0000"
"tol2614mb4812","0.0000"
"tol2614mb9925","0.0000"
"tol3403mbbr4811","0.0000"
"tol3401mbbr4812","0.0000"
"tol51dg4811","0.0000"
"tol2145bn4250","0.0000"
"tol2145brz4250","0.0000"
"tol2145ch4250","0.0000"
"tol2145dg4250","0.0000"
"tol2145es4250","0.0000"
"tol2145mb4250","0.0000"
"tol2145nab4250","0.0000"
"mfc20drbrbr","0.0000"
"mfc30drbrbr","0.0000"
"mfc48drbrbr","0.0000"
"mfc72drbrbr","0.0000"
"uttw00411","0.0000"
"uttw00417","0.0000"
"uttw00462","0.0000"
"uttw00481","0.0000"
"uttw00492","0.0000"
"uttw260411","0.0000"
"uttw260631","0.0000"
"uttw260651","0.0000"
"uttw260681","0.0000"
"uttw260741","0.0000"
"uttw260801","0.0000"
"uttw260861","0.0000"
"hun19080","0.0000"
"hun19119","0.0000"
"hun19152","0.0000"
"hun19200","0.0000"
"hun19206","0.0000"
"hun19297","0.0000"
"hun19345","0.0000"
"far239928","0.0000"
"far239933","0.0000"
"far239961","0.0000"
"far239972","0.0000"
"far239982","0.0000"
"far240044","0.0000"
"far240057","0.0000"
"far240059","0.0000"
"far240062","0.0000"
"far240068","0.0000"
"far240074","0.0000"
"far240080","0.0000"
"max58724wtbk","0.0000"
"mfcir5hbpwa60","0.0000"
"mfcnkbkbk60","0.0000"
"mfcnkmwhbk60","0.0000"
"mfcnktbbk60","0.0000"
"mfcnkxlbkbk72","0.0000"
"mfcnkxlbkbk90","0.0000"
"mfcnkxlbkwa72","0.0000"
"mfcnkxlmwhbk72","0.0000"
"mfcnkxlmwhbk90","0.0000"
"mfcnkxlmwhwa72","0.0000"
"mfcnkxltbbk72","0.0000"
"mfcnkxltbbk90","0.0000"
"mfcnkxltbwa72","0.0000"
"wynwcf292930swbcxsxxm24","0.0000"
"wynwcf292930swgcxsxxm24","0.0000"
"wynwcf292930swhcxsxxm24","0.0000"
"wynwcf292984dgbcxsxxm70","0.0000"
"wynwcf292984dgbcxsxxmxx","0.0000"
"wynwcf292984dggcxsxxm70","0.0000"
"wynwcf292984dggcxsxxmxx","0.0000"
"wynwcf292984dkgcxsxxm70","0.0000"
"wynwcf292984dkgcxsxxmxx","0.0000"
"wynwcf292930swbcmunsm24","0.0000"
"wynwcf292930swgcmunsm24","0.0000"
"wynwcf292930swhcmunsm24","0.0000"
"wynwcf292984dgbcmunsm70","0.0000"
"wynwcf292984dgbcmunsmxx","0.0000"
"wynwcf292984dggcmunsm70","0.0000"
"wynwcf292984dggcmunsmxx","0.0000"
"wynwcf292984dkgcmunsm70","0.0000"
"wynwcf292984dkgcmunsmxx","0.0000"
"wynwcf292930swbc2unsm24","0.0000"
"wynwcf292930swgc2unsm24","0.0000"
"wynwcf292930swhc2unsm24","0.0000"
"wynwcf292984dgbc2unsm70","0.0000"
"wynwcf292984dgbc2unsmxx","0.0000"
"wynwcf292984dggc2unsm70","0.0000"
"wynwcf292984dggc2unsmxx","0.0000"
"wynwcf292984dkgc2unsm70","0.0000"
"wynwcf292984dkgc2unsmxx","0.0000"
"wynwcf292930swbwcunsm24","0.0000"
"wynwcf292930swgwcunsm24","0.0000"
"wynwcf292930swhwcunsm24","0.0000"
"wynwcf292984dgbwcunsm70","0.0000"
"wynwcf292984dgbwcunsmxx","0.0000"
"wynwcf292984dggwcunsm70","0.0000"
"wynwcf292984dggwcunsmxx","0.0000"
"wynwcf292984dkgwcunsm70","0.0000"
"wynwcf292984dkgwcunsmxx","0.0000"
"gol3602vl3blkbk","0.0000"
"gol0508lmbsclr","0.0000"
"gol0508lmbsvmg","0.0000"
"gol0508mmbsclr","0.0000"
"gol0508mmbsvmg","0.0000"
"gol10846blkbw","0.0000"
"gol11031wwg","0.0000"
"gol60684pblk","0.0000"
"gol6068sfblk","0.0000"
"gol6070fmbcbbcb","0.0000"
"gol7856sfcp","0.0000"
"tol2183bn4101","0.0000"
"tol2183bn4250","0.0000"
"tol2183bn4811","0.0000"
"tol2183bn4812","0.0000"
"tol2183brz4101","0.0000"
"tol2183brz4811","0.0000"
"tol2183ch4101","0.0000"
"tol2183ch4811","0.0000"
"tol2183ch4812","0.0000"
"tol2183dg4101","0.0000"
"tol2183dg4811","0.0000"
"tol2183es4101","0.0000"
"tol2183es4811","0.0000"
"tol2183mb4101","0.0000"
"tol2183mb4250","0.0000"
"tol2183mb4811","0.0000"
"tol2183mb4812","0.0000"
"tol2183nab4101","0.0000"
"tol2183nab4250","0.0000"
"tol2183nab4811","0.0000"
"tol2183nab4812","0.0000"
"hin12072bk","0.0000"
"hin24024bk","0.0000"
"hin25658mb","0.0000"
"hin25658mbll","0.0000"
"hin2800bkll","0.0000"
"hin2801bkll","0.0000"
"hin2802bkll","0.0000"
"hin2804bkll","0.0000"
"hin2805bkll","0.0000"
"hin2806bkll","0.0000"
"hin2808bkll","0.0000"
"hin2809bkll","0.0000"
"hin32530bk","0.0000"
"hin32530hb","0.0000"
"hin32703hb","0.0000"
"hin32704bx","0.0000"
"hin32704hb","0.0000"
"hin3678fe","0.0000"
"hin47093hb","0.0000"
"hin49065hbhb","0.0000"
"hin49067hbhb","0.0000"
"hin50902bx","0.0000"
"hin51110cm","0.0000"
"hin51110hb","0.0000"
"hin51113hb","0.0000"
"hin51183bk","0.0000"
"hin54300bk","0.0000"
"hin54300hb","0.0000"
"hin54302hb","0.0000"
"hin54302pn","0.0000"
"frefr30811bng","0.0000"
"frefr30815bng","0.0000"
"hin900760fmwlwd","0.0000"
"hin902552fmwlwd","0.0000"
"kic45297bk","0.0000"
"kic49332bk","0.0000"
"ela84313mbk","0.0000"
"kic4u27k22bzt","0.0000"
"kic4u30k22bzt","0.0000"
"kic6ucsk22nit","0.0000"
"kic34809","0.0000"
"kic34823","0.0000"
"hunk592703339","0.0000"
"ele2200d10bk","0.0000"
"ele2200d10c","0.0000"
"ele2200d10sg","0.0000"
"ele2200d12bk","0.0000"
"ele2200d12c","0.0000"
"ele2200d12sg","0.0000"
"ele2200d16bk","0.0000"
"ele2200d16c","0.0000"
"ele2200d16sg","0.0000"
"ele2200d20bk","0.0000"
"ele2200d20c","0.0000"
"ele2200d20sg","0.0000"
"ele2200d25bk","0.0000"
"ele2200d25c","0.0000"
"ele2200d25sg","0.0000"
"ele2200d32bk","0.0000"
"ele2200d32c","0.0000"
"ele2200d32sg","0.0000"
"ele2200d36bk","0.0000"
"ele2200d36c","0.0000"
"ele2200g30bk","0.0000"
"ele2200g30c","0.0000"
"ele2200g30sg","0.0000"
"ele2200g36bk","0.0000"
"ele2200g36c","0.0000"
"ele2200g36sg","0.0000"
"ele2200g42c","0.0000"
"ele2200w24bk","0.0000"
"ele2200w24c","0.0000"
"ele2200w24sg","0.0000"
"ele2200w30bk","0.0000"
"ele2200w30c","0.0000"
"ele2200w30sg","0.0000"
"ele2200w36bk","0.0000"
"ele2200w36c","0.0000"
"ele2200w36sg","0.0000"
"ele2200w8bk","0.0000"
"ele2200w8c","0.0000"
"ele2200w8sg","0.0000"
"ele3000d20bk","0.0000"
"ele3000d25bk","0.0000"
"ele3000d32bk","0.0000"
"ele3000d36bk","0.0000"
"ele3000d36c","0.0000"
"ele3000g36bk","0.0000"
"ele3000g42c","0.0000"
"ele3000g42sg","0.0000"
"ele3000g48bk","0.0000"
"ele3000g48c","0.0000"
"ele3000g48sg","0.0000"
"ele6200d12bk","0.0000"
"ele6200d12c","0.0000"
"ele6200d12sg","0.0000"
"ele6200d16bk","0.0000"
"ele6200d16c","0.0000"
"ele6200d16sg","0.0000"
"ele6200d20bk","0.0000"
"ele6200d20c","0.0000"
"ele6200d25bk","0.0000"
"ele6200d25c","0.0000"
"ele6200d25sg","0.0000"
"ele6200d32bk","0.0000"
"ele6200d32c","0.0000"
"ele6200d32sg","0.0000"
"ele6200d36bk","0.0000"
"ele6200d36c","0.0000"
"ele6200d36sg","0.0000"
"ele6200g30bk","0.0000"
"ele6200g30c","0.0000"
"ele6200g30sg","0.0000"
"ele6200g36bk","0.0000"
"ele6200g36c","0.0000"
"ele6200g42bk","0.0000"
"ele6200g42c","0.0000"
"ele6200g42sg","0.0000"
"ele6200w24bk","0.0000"
"ele6200w24c","0.0000"
"ele6200w24sg","0.0000"
"ele6200w30bk","0.0000"
"ele6200w30c","0.0000"
"ele6200w30sg","0.0000"
"ele6200w36bk","0.0000"
"ele6200w36c","0.0000"
"ele6200w8bk","0.0000"
"ele6200w8c","0.0000"
"ele6200w8sg","0.0000"
"et2e21352bk","0.0000"
"et2e3016624bk","0.0000"
"et2e3017624bk","0.0000"
"et2e3016224bk","0.0000"
"et2e3017224bk","0.0000"
"et2e21344gld","0.0000"
"et2e3018201bk","0.0000"
"utt300001","0.0000"
"tol901bn4812","0.0000"
"tol901mb4101","0.0000"
"tol901mb4811","0.0000"
"tol908dg4101","0.0000"
"max57884wtbk","0.0000"
"qur512159","0.0000"
"qur501469","0.0000"
"qur4525365","0.0000"
"qur522259","0.0000"
"qur508359","0.0000"
"qur508459","0.0000"
"cya06889","0.0000"
"cya10630","0.0000"
"cya11140","0.0000"
"cya11158","0.0000"
"cya11159","0.0000"
"cya11191","0.0000"
"cya11212","0.0000"
"cya11249","0.0000"
"cya11264","0.0000"
"cya11268","0.0000"
"cya11269","0.0000"
"cya11297","0.0000"
"cya11305","0.0000"
"cya11324","0.0000"
"cya11325","0.0000"
"crystalw7963","0.0000"
"crystalw7953","0.0000"
"crystalw7966","0.0000"
"far500481","0.0000"
"oxy36411540","0.0000"
"oxy36471540","0.0000"
"oxy375715","0.0000"
"far240299","0.0000"
"far240301","0.0000"
"far240320","0.0000"
"far240393","0.0000"
"far240399","0.0000"
"far240403","0.0000"
"gencw1192bbs","0.0000"
"farw240834","0.0000"
"farw240844","0.0000"
"farw240858","0.0000"
"tol25bn4811","0.0000"
"tol28dg4101","0.0000"
"tol36bn4811","0.0000"
"tol908mb4101","0.0000"
"tol2143bn4101","0.0000"
"tol2143bn4250","0.0000"
"tol2143bn4811","0.0000"
"tol2143bn4812","0.0000"
"tol2143brz4101","0.0000"
"tol2143brz4250","0.0000"
"tol2143brz4811","0.0000"
"tol2143brz4812","0.0000"
"tol2143ch4101","0.0000"
"tol2143ch4250","0.0000"
"tol2143ch4811","0.0000"
"tol2143ch4812","0.0000"
"tol2143dg4101","0.0000"
"tol2143dg4250","0.0000"
"tol2143dg4811","0.0000"
"tol2143dg4812","0.0000"
"tol2143es4101","0.0000"
"tol2143es4250","0.0000"
"tol2143es4811","0.0000"
"tol2143es4812","0.0000"
"tol2143mb4101","0.0000"
"tol2143mb4250","0.0000"
"tol2143mb4811","0.0000"
"tol2143mb4812","0.0000"
"tol2143nab4101","0.0000"
"tol2143nab4250","0.0000"
"tol2143nab4811","0.0000"
"tol2143nab4812","0.0000"
"farw240865","0.0000"
"farw240800","0.0000"
"sea3101902en872","0.0000"
"sea3124303848","0.0000"
"sea3124303en848","0.0000"
"sea312430905","0.0000"
"sea3124309en05","0.0000"
"sea3128905710","0.0000"
"sea3128905en3710","0.0000"
"sea3137303en3710","0.0000"
"sea3137309en3962","0.0000"
"sea3180706848","0.0000"
"sea3180706en848","0.0000"
"sea3187204en112","0.0000"
"sea3187204en962","0.0000"
"sea3190305962","0.0000"
"sea3190305en962","0.0000"
"sea3320205710","0.0000"
"sea3320205en710","0.0000"
"sea35939en3962","0.0000"
"sea4113701en305","0.0000"
"sea41162112","0.0000"
"sea4130801848","0.0000"
"sea4130801en848","0.0000"
"sea4131502en808","0.0000"
"sea4137301710","0.0000"
"sea4137301en3710","0.0000"
"sea4137301en3962","0.0000"
"sea4187201112","0.0000"
"sea4187201962","0.0000"
"sea4198101848","0.0000"
"sea4198101962","0.0000"
"sea4198101965","0.0000"
"sea4198101en3848","0.0000"
"sea4298101848","0.0000"
"sea4298101en3112","0.0000"
"sea4298101en3848","0.0000"
"sea4298101en3962","0.0000"
"sea4402802112","0.0000"
"sea4402802en3112","0.0000"
"sea442020305","0.0000"
"sea4430802848","0.0000"
"sea4430802en848","0.0000"
"sea4437302en3710","0.0000"
"sea4437302en3962","0.0000"
"sea4437303en3710","0.0000"
"sea4437304en3710","0.0000"
"sea4437304en3962","0.0000"
"sea44436en3710","0.0000"
"sea44437en3710","0.0000"
"sea4485005","0.0000"
"sea44850en3710","0.0000"
"sea44851en3710","0.0000"
"sea44852en3710","0.0000"
"sea44854en305","0.0000"
"sea4487903962","0.0000"
"sea4490302962","0.0000"
"sea44940en3710","0.0000"
"sea5134504962","0.0000"
"sea5141501112","0.0000"
"sea5179403962","0.0000"
"sea5180704en962","0.0000"
"sea5279404848","0.0000"
"sea5279404en848","0.0000"
"sea5279453965","0.0000"
"sea5292604112","0.0000"
"sea5292604848","0.0000"
"sea5292604en112","0.0000"
"sea5292604en848","0.0000"
"sea5366en3710","0.0000"
"sea5392604112","0.0000"
"sea5692605112","0.0000"
"sea5692605en112","0.0000"
"sea602293s15","0.0000"
"sea6093812","0.0000"
"sea6177101848","0.0000"
"sea6177101962","0.0000"
"sea6177101965","0.0000"
"sea6177101en3848","0.0000"
"sea619030105","0.0000"
"sea6190301en705","0.0000"
"sea61940en3710","0.0000"
"sea6250701en371","0.0000"
"sea65085848","0.0000"
"sea65085en3848","0.0000"
"sea6514303962","0.0000"
"sea6524201112","0.0000"
"sea6524201en3112","0.0000"
"sea6531506808","0.0000"
"sea6531506en808","0.0000"
"sea6537303en3710","0.0000"
"sea65438en3710","0.0000"
"sea6551104en846","0.0000"
"sea6577101112","0.0000"
"sea6585101817","0.0000"
"sea659030105","0.0000"
"sea6590301en705","0.0000"
"sea6590501962","0.0000"
"sea6590501en3962","0.0000"
"sea6592101962","0.0000"
"sea6592101en7962","0.0000"
"sea65942en3710","0.0000"
"sea6601801848","0.0000"
"sea6601801en7848","0.0000"
"sea6616504710","0.0000"
"sea6637304en3710","0.0000"
"sea6677101848","0.0000"
"sea6677101en3848","0.0000"
"sea6680301112","0.0000"
"sea6680301en3112","0.0000"
"sea6692101112","0.0000"
"sea6692101en7112","0.0000"
"sea7537302en3710","0.0000"
"sea7543415","0.0000"
"sea75435112","0.0000"
"sea75435en3112","0.0000"
"sea75435en315","0.0000"
"sea7579452en3965","0.0000"
"sea7650893s71","0.0000"
"sea7706415","0.0000"
"sea77064en315","0.0000"
"sea7737302en3710","0.0000"
"sea7750893s753","0.0000"
"sea781380115","0.0000"
"sea823875112","0.0000"
"sea825070171","0.0000"
"sea8250701en371","0.0000"
"sea8293812","0.0000"
"sea8304701714t","0.0000"
"sea843875112","0.0000"
"sea8438751en312","0.0000"
"sea852070112","0.0000"
"sea852070171","0.0000"
"sea8520701en312","0.0000"
"sea8560701pm15","0.0000"
"sea8560701pm71","0.0000"
"sea8560701pmen315","0.0000"
"sea8560701pmen371","0.0000"
"sea8560702pm12","0.0000"
"sea8560702pm71","0.0000"
"sea861830112","0.0000"
"sea8618301en312","0.0000"
"sea862070171","0.0000"
"sea8620701en371","0.0000"
"sea871830112","0.0000"
"sea8718301en312","0.0000"
"sea872015","0.0000"
"sea873870312","0.0000"
"sea8738703en12","0.0000"
"sea8894012","0.0000"
"sea8988en312","0.0000"
"sea8993671","0.0000"
"sea89936en371","0.0000"
"sea8994112","0.0000"
"sea93403s15","0.0000"
"sea93403s849","0.0000"
"sea93405s171","0.0000"
"sea93481s849","0.0000"
"sea93483s15","0.0000"
"sea93483s849","0.0000"
"sea3113009en3845","0.0000"
"sea3114004en3710","0.0000"
"sea3114004en3965","0.0000"
"sea31161en3839","0.0000"
"sea3128815en3962","0.0000"
"sea31626en3962","0.0000"
"sea31660en3962","0.0000"
"sea31808en3782","0.0000"
"sea31810en3782","0.0000"
"sea31942en962","0.0000"
"sea3224906872","0.0000"
"sea3224906en872","0.0000"
"sea44062en305","0.0000"
"sea44062en3962","0.0000"
"sea4413003en3962","0.0000"
"sea4413004en3962","0.0000"
"sea44439en3710","0.0000"
"sea4450403en3962","0.0000"
"sea44628en3962","0.0000"
"sea44853en3710","0.0000"
"sea44854en3710","0.0000"
"sea44952en3962","0.0000"
"sea5127803en839","0.0000"
"sea5134906en782","0.0000"
"sea5140503en371","0.0000"
"sea5140506en371","0.0000"
"sea5140703en846","0.0000"
"sea51806en782","0.0000"
"sea51807en782","0.0000"
"sea51807en962","0.0000"
"sea59361le790","0.0000"
"sea6113001en3962","0.0000"
"sea61160en3839","0.0000"
"sea61806en3710","0.0000"
"sea6514501en7782","0.0000"
"sea6515504en3962","0.0000"
"sea6519en3115","0.0000"
"sea65661en3839","0.0000"
"sea66062en3782","0.0000"
"sea6614504782","0.0000"
"sea6616503en3782","0.0000"
"sea66808en3782","0.0000"
"sea66808en3962","0.0000"
"sea7514002en3710","0.0000"
"sea7527803en839","0.0000"
"sea75662en3839","0.0000"
"sea75943en3962","0.0000"
"sea75952en3710","0.0000"
"sea77046en715","0.0000"
"sea77064en3965","0.0000"
"sea7716502en3782","0.0000"
"sea7716503en3782","0.0000"
"sea77625en3962","0.0000"
"sea77806en3782","0.0000"
"sea7790402en3715","0.0000"
"sea7824452en371","0.0000"
"sea8514201en312","0.0000"
"sea8535901en371","0.0000"
"sea8614203en12","0.0000"
"sea8737101en7839","0.0000"
"sea875070112","0.0000"
"sea8750701en312","0.0000"
"sea88083en71","0.0000"
"sea89181en371","0.0000"
"sea89298en371","0.0000"
"sea89823en312","0.0000"
"sea94403s15","0.0000"
"sea94483s15","0.0000"
"seaol8501en3orb","0.0000"
"seaol8508en3sbr","0.0000"
"seap1117en3bs","0.0000"
"seasf254en3bs","0.0000"
"seasf349enpn","0.0000"
"seavs23601en3ch","0.0000"
"seavs23601en3sn","0.0000"
"crystal7974","0.0000"
"crystal7975","0.0000"
"crystal7976","0.0000"
"crystal7977","0.0000"
"crystal7978","0.0000"
"crystal7979","0.0000"
"crystal7981","0.0000"
"crystal7982","0.0000"
"crystal7984","0.0000"
"crystal7985","0.0000"
"crystal7986","0.0000"
"crystal7989","0.0000"
"crystal7991","0.0000"
"crystal7993","0.0000"
"crystal7995","0.0000"
"crystal7997","0.0000"
"crystal7998","0.0000"
"crystal7999","0.0000"
"crystal8000","0.0000"
"crystal8001","0.0000"
"crystal8004","0.0000"
"crystal8008","0.0000"
"crystal8009","0.0000"
"crystal8010","0.0000"
"crystal8011","0.0000"
"crystal8012","0.0000"
"crystal8013","0.0000"
"crystal8014","0.0000"
"crystal8015","0.0000"
"crystal8016","0.0000"
"crystal8017","0.0000"
"crystal8018","0.0000"
"crystal8019","0.0000"
"crystalw8020","0.0000"
"crystal8021","0.0000"
"crystal8023","0.0000"
"crystal8024","0.0000"
"crystal8028","0.0000"
"crystal8029","0.0000"
"crystal8030","0.0000"
"crystal8031","0.0000"
"crystal8040","0.0000"
"crystal8042","0.0000"
"crystal8043","0.0000"
"crystal8050","0.0000"
"crystal8051","0.0000"
"crystalw8061","0.0000"
"crystalw8062","0.0000"
"crystal8063","0.0000"
"crystal8064","0.0000"
"crystalw8065","0.0000"
"crystal8068","0.0000"
"crystal8069","0.0000"
"crystal8070","0.0000"
"crystal8071","0.0000"
"crystal8072","0.0000"
"crystal8073","0.0000"
"crystal8074","0.0000"
"crystal8076","0.0000"
"crystal8077","0.0000"
"crystal8078","0.0000"
"crystal8079","0.0000"
"crystal8080","0.0000"
"crystal8081","0.0000"
"crystal8082","0.0000"
"crystal8085","0.0000"
"crystal8088","0.0000"
"crystal8090","0.0000"
"crystal8093","0.0000"
"crystal8094","0.0000"
"crystal8095","0.0000"
"crystal8096","0.0000"
"crystal8097","0.0000"
"crystal8098","0.0000"
"crystal8099","0.0000"
"crystalw8100","0.0000"
"crystal8101","0.0000"
"crystal8102","0.0000"
"crystal8106","0.0000"
"crystal8109","0.0000"
"crystal8110","0.0000"
"crystal8111","0.0000"
"crystal8112","0.0000"
"crystal8114","0.0000"
"crystal8115","0.0000"
"crystal8116","0.0000"
"crystal8119","0.0000"
"crystalw8120","0.0000"
"crystal8121","0.0000"
"crystal8122","0.0000"
"crystal8127","0.0000"
"crystal8128","0.0000"
"crystal8129","0.0000"
"crystal8130","0.0000"
"crystal8131","0.0000"
"crystal8132","0.0000"
"crystal8133","0.0000"
"crystal8134","0.0000"
"crystal8135","0.0000"
"crystal8136","0.0000"
"crystal8137","0.0000"
"crystal8138","0.0000"
"crystal8139","0.0000"
"crystal8141","0.0000"
"crystal8142","0.0000"
"crystal8143","0.0000"
"crystal8145","0.0000"
"crystalw8146","0.0000"
"crystal8147","0.0000"
"crystalw8150","0.0000"
"crystal8164","0.0000"
"crystal8165","0.0000"
"crystal8166","0.0000"
"crystal8169","0.0000"
"crystal8170","0.0000"
"crystal8171","0.0000"
"crystal8172","0.0000"
"crystal8173","0.0000"
"crystalw8174","0.0000"
"crystal8175","0.0000"
"crystalw8176","0.0000"
"crystalw8177","0.0000"
"crystalw8178","0.0000"
"crystalw8179","0.0000"
"crystalw8180","0.0000"
"crystalw8181","0.0000"
"crystalw8182","0.0000"
"crystal8183","0.0000"
"crystal8184","0.0000"
"crystal8185","0.0000"
"crystal8186","0.0000"
"crystal8187","0.0000"
"crystal8188","0.0000"
"crystal8189","0.0000"
"crystal8190","0.0000"
"crystal8191","0.0000"
"crystal8192","0.0000"
"crystal8193","0.0000"
"crystalw8194","0.0000"
"crystalw8195","0.0000"
"crystalw8196","0.0000"
"crystalw8197","0.0000"
"crystal8198","0.0000"
"crystal8199","0.0000"
"crystal8200","0.0000"
"crystalw8205","0.0000"
"crystalw8215","0.0000"
"crystalw8216","0.0000"
"crystal8222","0.0000"
"crystal8223","0.0000"
"crystal8224","0.0000"
"crystal8226","0.0000"
"crystal8227","0.0000"
"crystal8228","0.0000"
"crystal8229","0.0000"
"crystal8230","0.0000"
"crystal8231","0.0000"
"crystal8232","0.0000"
"crystal8233","0.0000"
"crystal8234","0.0000"
"crystal8235","0.0000"
"crystal8236","0.0000"
"crystal8237","0.0000"
"crystal8238","0.0000"
"crystal8239","0.0000"
"crystal8240","0.0000"
"crystal8241","0.0000"
"crystal8242","0.0000"
"crystal8243","0.0000"
"crystal8244","0.0000"
"crystal8245","0.0000"
"crystal8246","0.0000"
"crystal8248","0.0000"
"crystal8249","0.0000"
"crystal4919","0.0000"
"crystal8253","0.0000"
"crystal8254","0.0000"
"crystal8255","0.0000"
"crystal8256","0.0000"
"crystal8257","0.0000"
"crystal8258","0.0000"
"crystal8259","0.0000"
"crystal8260","0.0000"
"crystal8261","0.0000"
"crystal8262","0.0000"
"crystal8263","0.0000"
"crystal8264","0.0000"
"crystal8265","0.0000"
"crystal8266","0.0000"
"crystal8267","0.0000"
"crystal8268","0.0000"
"crystal8269","0.0000"
"crystal8270","0.0000"
"crystal8271","0.0000"
"crystal8272","0.0000"
"crystal8273","0.0000"
"crystal8274","0.0000"
"crystal8275","0.0000"
"crystal8276","0.0000"
"crystal8277","0.0000"
"crystal8278","0.0000"
"crystal8279","0.0000"
"crystal8280","0.0000"
"crystal8281","0.0000"
"crystal8282","0.0000"
"crystal8283","0.0000"
"crystal8284","0.0000"
"crystal8285","0.0000"
"crystal8286","0.0000"
"crystal8287","0.0000"
"crystal8288","0.0000"
"crystalw8289","0.0000"
"crystal8290","0.0000"
"crystal8291","0.0000"
"crystalw8292","0.0000"
"crystalw8293","0.0000"
"crystalw8294","0.0000"
"crystalw8295","0.0000"
"crystalw8296","0.0000"
"crystal8297","0.0000"
"crystalw8298","0.0000"
"crystalw8299","0.0000"
"crystalw8300","0.0000"
"crystalw8301","0.0000"
"crystal8302","0.0000"
"crystalw8303","0.0000"
"crystal8304","0.0000"
"crystal8305","0.0000"
"crystal8306","0.0000"
"crystal8307","0.0000"
"crystal8308","0.0000"
"crystal8309","0.0000"
"crystal8311","0.0000"
"crystal8312","0.0000"
"crystal8313","0.0000"
"crystal8314","0.0000"
"crystal8315","0.0000"
"crystal8316","0.0000"
"crystal8317","0.0000"
"crystal8318","0.0000"
"crystal8319","0.0000"
"crystal8320","0.0000"
"crystal8321","0.0000"
"crystal8322","0.0000"
"crystal8323","0.0000"
"crystal8324","0.0000"
"crystal8325","0.0000"
"crystal8326","0.0000"
"crystal8327","0.0000"
"crystal8328","0.0000"
"crystal8329","0.0000"
"crystal8330","0.0000"
"crystal8331","0.0000"
"crystal8332","0.0000"
"crystal8333","0.0000"
"crystal8334","0.0000"
"crystal8335","0.0000"
"crystal8336","0.0000"
"crystal8337","0.0000"
"crystal8338","0.0000"
"crystal8339","0.0000"
"crystal8340","0.0000"
"crystal8341","0.0000"
"crystal8342","0.0000"
"crystal8343","0.0000"
"crystal8344","0.0000"
"crystal8345","0.0000"
"crystal8346","0.0000"
"crystal8347","0.0000"
"crystal8348","0.0000"
"crystal8349","0.0000"
"crystal8350","0.0000"
"crystal8351","0.0000"
"crystal8352","0.0000"
"crystal8353","0.0000"
"crystal8354","0.0000"
"crystal8355","0.0000"
"crystal8356","0.0000"
"crystal8357","0.0000"
"crystal8358","0.0000"
"crystal8359","0.0000"
"crystal8360","0.0000"
"crystal8361","0.0000"
"crystal8362","0.0000"
"crystal8363","0.0000"
"crystal8364","0.0000"
"crystal8365","0.0000"
"crystal8366","0.0000"
"crystal8367","0.0000"
"crystal8368","0.0000"
"crystal8369","0.0000"
"crystal8370","0.0000"
"crystal8371","0.0000"
"crystal8372","0.0000"
"crystal8373","0.0000"
"crystal8374","0.0000"
"crystal8375","0.0000"
"crystal8376","0.0000"
"crystal8377","0.0000"
"crystal8378","0.0000"
"crystal8379","0.0000"
"crystal8380","0.0000"
"crystal8381","0.0000"
"crystal8382","0.0000"
"crystal8383","0.0000"
"crystal8384","0.0000"
"crystal8385","0.0000"
"crystal8386","0.0000"
"crystal8387","0.0000"
"crystal8388","0.0000"
"crystal8389","0.0000"
"crystal8390","0.0000"
"crystal8391","0.0000"
"crystal8392","0.0000"
"crystal8393","0.0000"
"crystal8394","0.0000"
"crystal8395","0.0000"
"crystal8396","0.0000"
"crystal8397","0.0000"
"crystal8398","0.0000"
"crystal8399","0.0000"
"crystal8400","0.0000"
"crystal8401","0.0000"
"crystal8402","0.0000"
"crystal8403","0.0000"
"crystal8404","0.0000"
"crystal8405","0.0000"
"crystalw8406","0.0000"
"crystalw8407","0.0000"
"crystalw8410","0.0000"
"crystalw8411","0.0000"
"crystalw8412","0.0000"
"crystalw8413","0.0000"
"crystalw8415","0.0000"
"crystalw8416","0.0000"
"crystalw8417","0.0000"
"crystalw8418","0.0000"
"crystalw8419","0.0000"
"crystalw8420","0.0000"
"crystalw8421","0.0000"
"crystalw8422","0.0000"
"crystalw8423","0.0000"
"crystalw8424","0.0000"
"crystalw8426","0.0000"
"crystalw8428","0.0000"
"crystalw8429","0.0000"
"crystalw8430","0.0000"
"crystalw8431","0.0000"
"crystalw8432","0.0000"
"crystalw8433","0.0000"
"crystalw8434","0.0000"
"crystalw8436","0.0000"
"crystalw8437","0.0000"
"crystalw8438","0.0000"
"crystalw8439","0.0000"
"crystalw8440","0.0000"
"crystalw8441","0.0000"
"crystalw8443","0.0000"
"crystalw8444","0.0000"
"crystalw8445","0.0000"
"crystalw8446","0.0000"
"crystalw8447","0.0000"
"crystalw8448","0.0000"
"crystalw8449","0.0000"
"crystalw8450","0.0000"
"crystalw8451","0.0000"
"crystalw8452","0.0000"
"crystalw8453","0.0000"
"crystalw8454","0.0000"
"crystalw8455","0.0000"
"crystalw8457","0.0000"
"crystalw8458","0.0000"
"crystalw8459","0.0000"
"crystalw8460","0.0000"
"crystalw8461","0.0000"
"crystalw8462","0.0000"
"crystalw8463","0.0000"
"crystalw8464","0.0000"
"crystalw8465","0.0000"
"crystalw8466","0.0000"
"crystal8472","0.0000"
"crystal8473","0.0000"
"crystalw8475","0.0000"
"crystal8479","0.0000"
"crystal8480","0.0000"
"crystal8484","0.0000"
"crystal8486","0.0000"
"crystal8488","0.0000"
"crystal8490","0.0000"
"crystal8491","0.0000"
"crystal8493","0.0000"
"crystal8494","0.0000"
"crystal8495","0.0000"
"crystal8496","0.0000"
"crystal8497","0.0000"
"crystal8499","0.0000"
"crystal8500","0.0000"
"crystal8501","0.0000"
"crystal8507","0.0000"
"crystalw8508","0.0000"
"crystal8509","0.0000"
"crystal8510","0.0000"
"crystalw8511","0.0000"
"crystalw8512","0.0000"
"crystalw8513","0.0000"
"crystalw8514","0.0000"
"crystalw8515","0.0000"
"crystal8516","0.0000"
"crystal8517","0.0000"
"crystal8518","0.0000"
"crystal8519","0.0000"
"crystal8520","0.0000"
"crystal8521","0.0000"
"crystal8522","0.0000"
"crystal8523","0.0000"
"crystal8524","0.0000"
"crystal8525","0.0000"
"crystal8526","0.0000"
"crystal8527","0.0000"
"crystal8528","0.0000"
"crystal8529","0.0000"
"crystal8530","0.0000"
"crystal8531","0.0000"
"crystal8533","0.0000"
"crystal8534","0.0000"
"crystal8535","0.0000"
"crystal8536","0.0000"
"crystal8537","0.0000"
"crystal8538","0.0000"
"crystal8539","0.0000"
"crystal8541","0.0000"
"crystal8542","0.0000"
"crystal8543","0.0000"
"crystal8544","0.0000"
"crystal8545","0.0000"
"crystal8546","0.0000"
"crystal8548","0.0000"
"crystal8550","0.0000"
"crystal8551","0.0000"
"crystal8552","0.0000"
"crystal8553","0.0000"
"crystal8554","0.0000"
"crystal8555","0.0000"
"crystal8556","0.0000"
"crystal8557","0.0000"
"crystal8558","0.0000"
"crystal8559","0.0000"
"crystal8560","0.0000"
"crystal8561","0.0000"
"crystalw8562","0.0000"
"crystalw8563","0.0000"
"crystalw8564","0.0000"
"crystalw8565","0.0000"
"crystalw8566","0.0000"
"crystal8568","0.0000"
"crystal8570","0.0000"
"crystal8571","0.0000"
"crystal8572","0.0000"
"crystal8573","0.0000"
"crystal8574","0.0000"
"crystal8576","0.0000"
"crystal8577","0.0000"
"crystal8578","0.0000"
"crystal8579","0.0000"
"crystal8580","0.0000"
"crystal8581","0.0000"
"crystal8582","0.0000"
"crystal8583","0.0000"
"crystal8585","0.0000"
"crystal8586","0.0000"
"crystal8587","0.0000"
"crystal8588","0.0000"
"crystal8589","0.0000"
"crystal8590","0.0000"
"crystal8591","0.0000"
"crystal8592","0.0000"
"crystal8593","0.0000"
"crystal8594","0.0000"
"crystal8595","0.0000"
"crystal8596","0.0000"
"crystal8597","0.0000"
"crystal8598","0.0000"
"crystal8600","0.0000"
"crystal8601","0.0000"
"crystal8602","0.0000"
"crystal8603","0.0000"
"crystal8604","0.0000"
"crystal8605","0.0000"
"crystal8606","0.0000"
"crystal8607","0.0000"
"crystal8608","0.0000"
"crystal8609","0.0000"
"crystal8610","0.0000"
"crystal8612","0.0000"
"crystal8613","0.0000"
"crystal8614","0.0000"
"crystal7992par","0.0000"
"far206210par","0.0000"
"genaef1001mbk","0.0000"
"genaep1001bbs","0.0000"
"genaet1101txw1","0.0000"
"genaew1002bbsmbk","0.0000"
"genaew1011mbk","0.0000"
"genaf1143bbs","0.0000"
"genaf1164smt","0.0000"
"gencc1254bbs","0.0000"
"gencc12812pn","0.0000"
"gencc1378bbs","0.0000"
"gencc1378pn","0.0000"
"gencc13810bbs","0.0000"
"gencc13810pn","0.0000"
"gencc1458bbs","0.0000"
"gencc14812bbs","0.0000"
"gencf1091bbs","0.0000"
"genco1023dwz","0.0000"
"genco1214htcp","0.0000"
"genco1401txb","0.0000"
"gencp1111mbkbbs","0.0000"
"gencp1112adb","0.0000"
"gencp1161bbs","0.0000"
"gencp1231mbkbbs","0.0000"
"gencp1231mwtbbs","0.0000"
"gencp1281mwtbbs","0.0000"
"gencp1361bbs","0.0000"
"genct1051colai1","0.0000"
"genct1061arcbbs1","0.0000"
"genct1161bbs1","0.0000"
"genct1231mbk1","0.0000"
"gencv1021pn","0.0000"
"gencv1022bbs","0.0000"
"gencv1022pn","0.0000"
"gencv1023bbs","0.0000"
"gencw1081bbs","0.0000"
"gencw1081pn","0.0000"
"gencw1121mbkbbs","0.0000"
"gencw1121mwtbbs","0.0000"
"gencw1121mwtpn","0.0000"
"gencw1141mbkbbs","0.0000"
"gencw1151mbkbbs","0.0000"
"gencw1151mwtbbs","0.0000"
"gencw1181ai","0.0000"
"gencw1181bbs","0.0000"
"gencw1192ai","0.0000"
"gencw1202ai","0.0000"
"gencw1202bbs","0.0000"
"gencw1212ai","0.0000"
"gencw1212bbs","0.0000"
"gencw1271bbs","0.0000"
"genec10015ai","0.0000"
"genef1005mbk","0.0000"
"genep1221mwtbbs","0.0000"
"genep1221mwtpn","0.0000"
"genet1322bbs1","0.0000"
"genet1322pn1","0.0000"
"genet1361bbs1","0.0000"
"genkc1064mbk","0.0000"
"genksc10018bbscg","0.0000"
"genksc10212bbsmg","0.0000"
"genksf1036bbscg","0.0000"
"genksf1043bbs","0.0000"
"genksf1061bbsgw","0.0000"
"genksf1072bbsgw","0.0000"
"genksp1043pn","0.0000"
"genkst1031bbs1","0.0000"
"genkst1031pn1","0.0000"
"genksv1013bbsgw","0.0000"
"genksv1013pngw","0.0000"
"genksw1001bbs","0.0000"
"genksw1042bbs","0.0000"
"genksw1081pngw","0.0000"
"genkt1211col1","0.0000"
"genkt1251mbk1","0.0000"
"genkt1321mc1","0.0000"
"genlc1018twb","0.0000"
"genlc1046twb","0.0000"
"genlf1002twb","0.0000"
"genlt1021twb1","0.0000"
"genlt1061pn1","0.0000"
"genlv1002twb","0.0000"
"genlv1043pn","0.0000"
"genlv1052pn","0.0000"
"genlw1011twb","0.0000"
"genlw1022twb","0.0000"
"genlw1041pn","0.0000"
"gentc1116bbs","0.0000"
"gentt1061bbs1","0.0000"
"hun19567","0.0000"
"hun19725","0.0000"
"hun19776","0.0000"
"hun19778","0.0000"
"hun51180","0.0000"
"hun51191","0.0000"
"hun51196","0.0000"
"hun51197","0.0000"
"hun51264","0.0000"
"hun51433","0.0000"
"hun51452","0.0000"
"hun59580","0.0000"
"far240898par","0.0000"
"far240899","0.0000"
"minf782lwhf","0.0000"
"far205479par","0.0000"
"gol0305fmbcbclr","0.0000"
"gol0307fm10blkrog","0.0000"
"gol0309fmbcbrpg","0.0000"
"gol3692a1wblkmws","0.0000"
"zlt23063rbsmb","0.0000"
"zlt3034p11bn","0.0000"
"zlt4642vch","0.0000"
"zlt8179bn","0.0000"
"farw240917","0.0000"
"farw240918","0.0000"
"farw240941","0.0000"
"far229308par","0.0000"
"ele3501d36g","0.0000"
"ele3501d42g","0.0000"
"ele3501w12g","0.0000"
"ele3501w18g","0.0000"
"ele3501w30g","0.0000"
"ele3502d31g","0.0000"
"ele3503d17bk","0.0000"
"ele3503d26c","0.0000"
"ele3503d31bk","0.0000"
"ele3503d36bk","0.0000"
"ele3503d36g","0.0000"
"ele3503d40bk","0.0000"
"ele3503d42bk","0.0000"
"ele3503d48bk","0.0000"
"ele3503f18l2bk","0.0000"
"ele3503f22bk","0.0000"
"ele3503f22c","0.0000"
"ele3503f22l2bk","0.0000"
"ele3503f26bk","0.0000"
"ele3503f26l2bk","0.0000"
"ele3503f30l2bk","0.0000"
"ele3503f30l2c","0.0000"
"ele3503f30l2g","0.0000"
"ele3503f33bk","0.0000"
"ele3503f33l2bk","0.0000"
"ele3503g18bk","0.0000"
"ele3503g24bk","0.0000"
"ele3503g28bk","0.0000"
"ele3503g28c","0.0000"
"ele3503g32bk","0.0000"
"ele3503g34bk","0.0000"
"ele3503g36bk","0.0000"
"ele3503g36c","0.0000"
"ele3503g36g","0.0000"
"ele3503g3lbk","0.0000"
"ele3503g41bk","0.0000"
"ele3503g41lbk","0.0000"
"ele3503g41lc","0.0000"
"ele3503g5lbk","0.0000"
"ele3503g7lbk","0.0000"
"ele3503g7lc","0.0000"
"ele3503g7lg","0.0000"
"ele3504d42l1bk","0.0000"
"ele3504d42l1g","0.0000"
"ele3504d50l1bk","0.0000"
"ele3504d50l1c","0.0000"
"ele3504d50l1g","0.0000"
"ele3504g42l2bk","0.0000"
"ele3504g42l2g","0.0000"
"ele3504g42l3bk","0.0000"
"ele3504g42l3c","0.0000"
"ele3504g42l3g","0.0000"
"ele3504g50l2bk","0.0000"
"ele3504g50l2c","0.0000"
"ele3504g50l3bk","0.0000"
"ele3504g50l3c","0.0000"
"ele3504g50l3g","0.0000"
"far229293par","0.0000"
"far229302par","0.0000"
"far228978par","0.0000"
"far229312par","0.0000"
"far229137par","0.0000"
"far229226par","0.0000"
"far229070par","0.0000"
"far229004par","0.0000"
"far229080par","0.0000"
"far229180par","0.0000"
"far229066par","0.0000"
"far229115par","0.0000"
"far229015par","0.0000"
"far229320par","0.0000"
"far229224par","0.0000"
"far229333par","0.0000"
"far228969par","0.0000"
"far229094par","0.0000"
"far229017par","0.0000"
"far229165par","0.0000"
"far228986par","0.0000"
"far229327par","0.0000"
"far228976par","0.0000"
"far229153par","0.0000"
"far229304par","0.0000"
"far229297par","0.0000"
"far229290par","0.0000"
"far229019par","0.0000"
"far229295par","0.0000"
"far229037par","0.0000"
"far229106par","0.0000"
"utt04323","0.0000"
"utt18007","0.0000"
"utt18009","0.0000"
"utt22549","0.0000"
"utt22872","0.0000"
"far229141par","0.0000"
"far229043par","0.0000"
"far229040par","0.0000"
"farw242016","0.0000"
"farw242017","0.0000"
"far229208par","0.0000"
"far229324par","0.0000"
"far229012par","0.0000"
"artac8270bk","0.0000"
"artac9181bk","0.0000"
"artac9190bk","0.0000"
"artac9191bk","0.0000"
"artsc13333bg","0.0000"
"artsc13337bg","0.0000"
"artsc13337bk","0.0000"
"artsc13347bk","0.0000"
"crystalw8621","0.0000"
"tol551gp4101","0.0000"
"tol551gp4250","0.0000"
"tol551gp4811","0.0000"
"tol551gp4812","0.0000"
"tol551mb300","0.0000"
"tol551mb4101","0.0000"
"tol551mb4250","0.0000"
"tol551mb4811","0.0000"
"tol552gp4101","0.0000"
"tol552gp4250","0.0000"
"tol552gp4811","0.0000"
"tol552gp4812","0.0000"
"tol552mb4101","0.0000"
"tol552mb4250","0.0000"
"tol552mb4811","0.0000"
"tol552mb4812","0.0000"
"tol80mb458","0.0000"
"tol80mb615","0.0000"
"tol80mb4101","0.0000"
"tol80mb4250","0.0000"
"tol80mb4811","0.0000"
"tol80mb4812","0.0000"
"tol80mb9925","0.0000"
"tol553dg4101","0.0000"
"tol553dg4250","0.0000"
"tol553dg4811","0.0000"
"tol553gp4101","0.0000"
"tol553gp4250","0.0000"
"tol553gp4811","0.0000"
"tol553gp4812","0.0000"
"tol553mb4101","0.0000"
"tol553mb4250","0.0000"
"tol553mb4811","0.0000"
"tol553mb4812","0.0000"
"cya11207","0.0000"
"prop258214330k","0.0000"
"prop25563030k","0.0000"
"prop25748030k","0.0000"
"prop25748130k","0.0000"
"prop25002600930","0.0000"
"prop540025031","0.0000"
"prop540032020","0.0000"
"prop540064031","0.0000"
"prop540065031","0.0000"
"prop550029031","0.0000"
"prop5895108","0.0000"
"prop572281","0.0000"
"prop581431","0.0000"
"prop572381","0.0000"
"prop560100031","0.0000"
"prop560175031","0.0000"
"prop560177031","0.0000"
"prop560178031","0.0000"
"prop560185031","0.0000"
"prop598631md","0.0000"
"prop560263031","0.0000"
"prop560255031","0.0000"
"prop560256031","0.0000"
"prop560283031pc","0.0000"
"prop560307031","0.0000"
"prop560316031","0.0000"
"prop560321031","0.0000"
"prop56026003130","0.0000"
"prop400190009","0.0000"
"prop400209031","0.0000"
"prop400229031","0.0000"
"prop500213009","0.0000"
"prop400228031","0.0000"
"prop400274009","0.0000"
"prop400275009","0.0000"
"prop400275031","0.0000"
"prop400270012","0.0000"
"prop400270009","0.0000"
"prop400294163","0.0000"
"prop201809","0.0000"
"prop270620","0.0000"
"prop300132009","0.0000"
"prop300155031","0.0000"
"prop300155104","0.0000"
"prop300156009","0.0000"
"prop300156031","0.0000"
"prop300227143","0.0000"
"prop300258031","0.0000"
"prop300329009","0.0000"
"prop300300009","0.0000"
"prop300300031","0.0000"
"prop300328009","0.0000"
"prop30034231m","0.0000"
"prop300343009","0.0000"
"prop30034331m","0.0000"
"prop300344009","0.0000"
"prop30035031m","0.0000"
"prop30035831m","0.0000"
"prop300362009","0.0000"
"prop300362163","0.0000"
"prop30035731m","0.0000"
"prop30036831m","0.0000"
"prop30036931m","0.0000"
"prop30009400930","0.0000"
"prop30033213430","0.0000"
"prop300012139","0.0000"
"prop300113031","0.0000"
"prop504709","0.0000"
"prop506520","0.0000"
"prop500230009","0.0000"
"prop500274009","0.0000"
"prop500313175","0.0000"
"prop500309009","0.0000"
"prop500309031","0.0000"
"prop500311009","0.0000"
"prop500311031","0.0000"
"prop500311109","0.0000"
"prop500324009","0.0000"
"prop50034131m","0.0000"
"prop500367109","0.0000"
"prop500368109","0.0000"
"prop50036831m","0.0000"
"prop50035731m","0.0000"
"prop50500930k9","0.0000"
"prop50006500930","0.0000"
"prop50014800930","0.0000"
"prop710085009","0.0000"
"prop710088031","0.0000"
"prop710093031","0.0000"
"prop710095031","0.0000"
"prop710104009","0.0000"
"prop710104163","0.0000"
"prop71010631m","0.0000"
"prop710018031","0.0000"
"prop71007103030","0.0000"
"prop350144009","0.0000"
"prop350195143","0.0000"
"prop350213012","0.0000"
"prop35008800930","0.0000"
"prop350046104","0.0000"
"prop350199009","0.0000"
"prop260380","0.0000"
"prop260530","0.0000"
"prop260680","0.0000"
"prop260709","0.0000"
"prop260780","0.0000"
"prop260980","0.0000"
"prop2603143","0.0000"
"prop2609143","0.0000"
"prop260331","0.0000"
"prop260431","0.0000"
"prop260931","0.0000"
"lar83075bk","0.0000"
"lar83152bk","0.0000"
"lar83192bk","0.0000"
"lar83192lcb","0.0000"
"lar83198lcb","0.0000"
"lar83207lcb","0.0000"
"lar83250mvhb","0.0000"
"lar83257mvhb","0.0000"
"lar83377bk","0.0000"
"lar83377pn","0.0000"
"lar83397bk","0.0000"
"lar83450bk","0.0000"
"lar85000lcb","0.0000"
"lar85002bk","0.0000"
"lar85012bk","0.0000"
"lar85400bk","0.0000"
"lar85402bk","0.0000"
"lar853452cm","0.0000"
"lar853453hb","0.0000"
"lar853454hb","0.0000"
"far242550","0.0000"
"far242588","0.0000"
"far243087","0.0000"
"far243102","0.0000"
"far243237","0.0000"
"far243259","0.0000"
"far243261","0.0000"
"far243306","0.0000"
"far243309","0.0000"
"far243366","0.0000"
"far243407","0.0000"
"far243664","0.0000"
"far243728","0.0000"
"far243780","0.0000"
"far500518","0.0000"
"far500523","0.0000"
"far500527","0.0000"
"far500528","0.0000"
"far500530","0.0000"
"far500536","0.0000"
"far500537","0.0000"
"far500549","0.0000"
"far500556","0.0000"
"far500557","0.0000"
"far500562","0.0000"
"kic15764bkt27r","0.0000"
"kic52458bk","0.0000"
"kic52461bk","0.0000"
"kic52462chz","0.0000"
"kic52466nbr","0.0000"
"kic52467nbr","0.0000"
"kic52473bk","0.0000"
"kic52478chz","0.0000"
"kic59078bktled","0.0000"
"tol566mb4812","0.0000"
"tol82mb715","0.0000"
"tol82mb912","0.0000"
"tol554dg4101","0.0000"
"tol554dg4250","0.0000"
"tol554dg4811","0.0000"
"tol554gp4101","0.0000"
"tol554gp4250","0.0000"
"tol554gp4811","0.0000"
"tol554gp4812","0.0000"
"tol554mb4101","0.0000"
"tol554mb4250","0.0000"
"tol554mb4811","0.0000"
"tol554mb4812","0.0000"
"expedite","0.0000"
"wynwcs202072dgbcxsxxm70","0.0000"
"wynwcs202080dgbcxsxxm70","0.0000"
"wynwcs202072dgbcmunom70","0.0000"
"wynwcs202072dgbcmunsm70","0.0000"
"wynwcs202080dgbcmunom24","0.0000"
"wynwcs202080dwbcmunom24","0.0000"
"wynwcs202080dgbcmunom70","0.0000"
"wynwcs202080dwbcmunom70","0.0000"
"wynwcs202080dgbcmunomed","0.0000"
"wynwcs202080dwbcmunomed","0.0000"
"wynwcs202080dgbcmunomxx","0.0000"
"wynwcs202080dwbcmunomxx","0.0000"
"wynwcs202080dgbcmunsm70","0.0000"
"wynwcs202072dgbc2unsm70","0.0000"
"wynwcs202072dgbwcunsm70","0.0000"
"wynwcs202080dgbc2unsm70","0.0000"
"wynwcs202080dgbwcunsm70","0.0000"
"wynwcs2020wcwb","0.0000"
"wynwcs2020wcwg","0.0000"
"wynwcv2323wcwb","0.0000"
"wynwcv2323wcwg","0.0000"
"wynwcv232380dbbcmunom70","0.0000"
"wynwcv232380dbbcmunomxx","0.0000"
"wynwcv232380dgbcmunom70","0.0000"
"wynwcv232380dgbcmunomxx","0.0000"
"wynwcv232380dwbcmunom70","0.0000"
"wynwcv232380dwbcmunomxx","0.0000"
"mfcir3hlkbrbrbw52","0.0000"
"mfcir3hlkbrbrwa52","0.0000"
"mfcir3hlkbwbw52","0.0000"
"mfcir3hlkbwwa52","0.0000"
"mfcir3hlkwnbw52","0.0000"
"mfcir3hlkwnwa52","0.0000"
"mfcir3hlkbbbw52","0.0000"
"mfcir3hlkbbwa52","0.0000"
"mfcir5hlkbbbw60","0.0000"
"mfcir5hlkbbwa42","0.0000"
"mfcir5hlkbbwa52","0.0000"
"mfcir5hlkbbwa60","0.0000"
"mfcir5hlkbbmwh60","0.0000"
"mfcir5hlkbwbw60","0.0000"
"mfcir5hlkbwwa42","0.0000"
"mfcir5hlkbwwa52","0.0000"
"mfcir5hlkbwwa60","0.0000"
"mfcir5hlkbwmwh60","0.0000"
"mfcir5hlkwnbw60","0.0000"
"mfcir5hlkwnwa42","0.0000"
"mfcir5hlkwnwa52","0.0000"
"mfcir5hlkwnwa60","0.0000"
"mfcir5hlkwnmwh60","0.0000"
"mfcir5hlkbrbrbw60","0.0000"
"mfcir5hlkbrbrmwh60","0.0000"
"mfcir5hlkbrbrwa42","0.0000"
"mfcir5hlkbrbrwa52","0.0000"
"mfcir5hlkbrbrwa60","0.0000"
"mfcnkbrbrbk60","0.0000"
"mfcnkxlbrbrbk72","0.0000"
"mfcnkxlbrbrbk90","0.0000"
"mfcnkxlbrbrwa72","0.0000"
"mfcpa3brbrbw52","0.0000"
"mfcpa3brbrwa52","0.0000"
"mfcpa5brbrbw60","0.0000"
"mfcpa5brbrwa52","0.0000"
"mfcpa5brbrwa60","0.0000"
"min2541726","0.0000"
"min719655l","0.0000"
"far104087","0.0000"
"dvidvp34721grcl","0.0000"
"dvidvp34721grsm","0.0000"
"dvidvp34749grcl","0.0000"
"dvidvp34749grsm","0.0000"
"dvidvp34722chcl","0.0000"
"dvidvp34744chcl","0.0000"
"dvidvp34701brcl","0.0000"
"dvidvp34743brcl","0.0000"
"dvidvp34755brcl","0.0000"
"dvidvp44905bneb","0.0000"
"dvidvp44905breb","0.0000"
"dvidvp44905eb","0.0000"
"dvidvp44920bneb","0.0000"
"dvidvp44920breb","0.0000"
"dvidvp44920eb","0.0000"
"dvidvp44921bneb","0.0000"
"dvidvp44921breb","0.0000"
"dvidvp44921eb","0.0000"
"dvidvp44948bneb","0.0000"
"dvidvp44948breb","0.0000"
"dvidvp44949bneb","0.0000"
"dvidvp44949breb","0.0000"
"dvidvp44949eb","0.0000"
"dvidvp45032ebop","0.0000"
"dvidvp46410grbr","0.0000"
"dvidvp46410grsn","0.0000"
"dvidvp46420grbr","0.0000"
"dvidvp46420grsn","0.0000"
"dvidvp47044chcl","0.0000"
"dvidvp44753eb","0.0000"
"dvidvp44757eb","0.0000"
"dvidvp44753mw","0.0000"
"dvidvp44757mw","0.0000"
"dvidvp0955chop","0.0000"
"dvidvp0943ebop","0.0000"
"dvidvp44455grcl","0.0000"
"dvidvp44455ebsncl","0.0000"
"dvidvp44422ebsncl","0.0000"
"dvidvp44443ebsncl","0.0000"
"dvidvp44444ebsncl","0.0000"
"dvidvp47143ebop","0.0000"
"dvidvp47121ebop","0.0000"
"dvidvp47153ebop","0.0000"
"dvidvp47144chop","0.0000"
"dvidvp47122bnop","0.0000"
"dvidvp47143bnop","0.0000"
"dvidvp47144bnop","0.0000"
"dvidvp47155bnop","0.0000"
"dvidvp47121bnop","0.0000"
"dvidvp47153bnop","0.0000"
"dvidvp46501gr","0.0000"
"dvidvp46501bn","0.0000"
"dvidvp45924bk","0.0000"
"dvidvp33892chop","0.0000"
"dvidvp33893chop","0.0000"
"dvidvp33894chop","0.0000"
"dvidvp33892ebop","0.0000"
"dvidvp33893ebop","0.0000"
"dvidvp33894ebop","0.0000"
"dvidvp33893brop","0.0000"
"dvidvp33893bnop","0.0000"
"mingc900set","0.0000"
"kovp191266al","0.0000"
"kovp5336613l","0.0000"
"kovp5346572l","0.0000"
"kovp5347572l","0.0000"
"gol0318lvc","0.0000"
"gol21221wmbsblk","0.0000"
"gol21221wmbsge","0.0000"
"gol2122sfmbsblk","0.0000"
"gol2122sfmbsge","0.0000"
"gol3164fmbcbhwg","0.0000"
"far244799","0.0000"
"far244804","0.0000"
"far244805","0.0000"
"far244810","0.0000"
"far244811","0.0000"
"far244816","0.0000"
"tol3405bn4101","0.0000"
"tol3405bn4250","0.0000"
"tol3405bn4811","0.0000"
"tol900bn715","0.0000"
"tol900mb715","0.0000"
"tol900mb912","0.0000"
"hin17467blc","0.0000"
"hin2592bkll","0.0000"
"hin2592bull","0.0000"
"hin3381bx","0.0000"
"hin3480sk","0.0000"
"hin3487hbcs","0.0000"
"hin37852hbll","0.0000"
"hin53182hb","0.0000"
"qur50592259","0.0000"
"qur50593259","0.0000"
"qur7022469","0.0000"
"qur6132680","0.0000"
"cya11334","0.0000"
"cya11335","0.0000"
"cya11338","0.0000"
"cya11339","0.0000"
"cya11346","0.0000"
"tol5911bn458","0.0000"
"tol5911bn4101","0.0000"
"tol5911bn4250","0.0000"
"tol5911bn4811","0.0000"
"tol5911bn4812","0.0000"
"tol5911mb458","0.0000"
"tol5911mb4101","0.0000"
"tol5911mb4250","0.0000"
"tol5911mb4811","0.0000"
"tol5911mb4812","0.0000"
"tol5911mb9925","0.0000"
"tol5912bn458","0.0000"
"tol5912bn4101","0.0000"
"tol5912bn4250","0.0000"
"tol5912bn4811","0.0000"
"tol5912bn4812","0.0000"
"tol5912mb458","0.0000"
"tol5912mb4250","0.0000"
"tol5912mb4811","0.0000"
"tol5912mb4812","0.0000"
"tol5912mb9925","0.0000"
"tol5913bn458","0.0000"
"tol5913bn4101","0.0000"
"tol5913bn4811","0.0000"
"tol5913bn4812","0.0000"
"tol5913mb458","0.0000"
"tol5913mb4101","0.0000"
"tol5913mb4811","0.0000"
"tol5913mb4812","0.0000"
"tol5913mb9925","0.0000"
"utt04326","0.0000"
"utt04331","0.0000"
"oxy376415","0.0000"
"liv4115504","0.0000"
"liv4542748","0.0000"
"liv4715591","0.0000"
"liv5213801","0.0000"
"prop25007631mwb","0.0000"
"prop500381163","0.0000"
"prop350224009","0.0000"
"far245129","0.0000"
"far245196","0.0000"
"far245320","0.0000"
"far245473","0.0000"
"kuzch18537bn","0.0000"
"kuzlp18537bk","0.0000"
"kuzvl18536bn","0.0000"
"kuzfm52719bn","0.0000"
"kuzfm52719wt","0.0000"
"kuzvl52718bk","0.0000"
"kuzvl52727bk","0.0000"
"kuzvl52727bn","0.0000"
"kuz492316bkgd","0.0000"
"alotl316616ubms","0.0000"
"alotl316616vbms","0.0000"
"alowv316501ubms","0.0000"
"kuzws83218bg","0.0000"
"kuzvl16727ch","0.0000"
"kuzws16705ch","0.0000"
"kuzvl63624bk","0.0000"
"kuzvl63624bn","0.0000"
"kuzvl63636bk","0.0000"
"kuzfm43518wh","0.0000"
"kuzew3506gy","0.0000"
"kuzew3609gh","0.0000"
"alopd311025ubwg","0.0000"
"alopd311030vbbg","0.0000"
"kuzvl17324ch","0.0000"
"kuz401432whled","0.0000"
"kuzew61806bk","0.0000"
"kuzew6818bk","0.0000"
"kuzpd87136bk","0.0000"
"kuzpd87172bg","0.0000"
"kuzpd87748bg","0.0000"
"kuzpd87772bg","0.0000"
"kuzpd4401ch","0.0000"
"kuz599002bn","0.0000"
"kuzpd1706bn","0.0000"
"kuzpd1709bk","0.0000"
"kuzpd1709wh","0.0000"
"kuzpd1712bk","0.0000"
"kuzlp14947bk","0.0000"
"kuzlp14947wh","0.0000"
"kuzmp14919wh","0.0000"
"kuzeg17632bk","0.0000"
"kuzew17611bk","0.0000"
"kuzws41216bkgl","0.0000"
"kuzeg26724bk","0.0000"
"kuz493118bnbk","0.0000"
"kuzsf15001bk","0.0000"
"kuzsf15601bk","0.0000"
"kuzlp19947bn","0.0000"
"kuzpd15519bg","0.0000"
"kuzfm43920bkgd","0.0000"
"kuzpd47603wh","0.0000"
"kuzfm10605bk","0.0000"
"kuzfm10705bk","0.0000"
"kuzfm10705wh","0.0000"
"kuzvl60220ch","0.0000"
"kuzvl60236ch","0.0000"
"kuzmp46608gbk","0.0000"
"kuztl46615gbk","0.0000"
"kuz494412bkgd","0.0000"
"kuzws33407bk","0.0000"
"kuzpd22735bs","0.0000"
"kuzpd22735wh","0.0000"
"kuzpd9117bkbk","0.0000"
"alopd317002nb","0.0000"
"kuzmp95105bg","0.0000"
"kuzvl6224ch","0.0000"
"kuzvl6236ch","0.0000"
"kuz41411bk","0.0000"
"kuzew19414wh","0.0000"
"kuzvl47237ch","0.0000"
"kuzvl4737ch","0.0000"
"kuzpd21703ch","0.0000"
"kuz601001bkled","0.0000"
"kuzvl61224ch","0.0000"
"kuzew3207gy","0.0000"
"kuzch51224bkgd","0.0000"
"kuzch51224bkwh","0.0000"
"kuzch51232bkgd","0.0000"
"kuzch51818bk","0.0000"
"kuzch51825bk","0.0000"
"kuzws51202bkwh","0.0000"
"kuz51562ch","0.0000"
"alosf312204vb","0.0000"
"kuzvl63724bk","0.0000"
"alomp321203pn","0.0000"
"alomp321230nb","0.0000"
"alopd321201nb","0.0000"
"kuzat6606wh","0.0000"
"kuzat67006bk","0.0000"
"kuzat67010bk","0.0000"
"kuz494603bk","0.0000"
"kuzsf16240bk","0.0000"
"kuzeb2924bk","0.0000"
"kuzeb2936bk","0.0000"
"kuzws84218bg","0.0000"
"kuzer7108bk","0.0000"
"kuzer7108gy","0.0000"
"kuzer7120gy","0.0000"
"kuz601431bkled","0.0000"
"alopd351401vb","0.0000"
"kuzws25336wh","0.0000"
"kuzep64810bk","0.0000"
"kuzep64815bk","0.0000"
"kuzfm7616bn","0.0000"
"alowv351501ub","0.0000"
"kuzpd88124bg","0.0000"
"kuzpd88160wh","0.0000"
"kuzpd88530bk","0.0000"
"kuzew27112gh","0.0000"
"kuzew27112wh","0.0000"
"kuzew27140wh","0.0000"
"kuz402801bgled","0.0000"
"kuzvl47321ch","0.0000"
"kuzws47305ch","0.0000"
"kuzws63209bk","0.0000"
"kuz601471bkled","0.0000"
"kuzfl46748wh","0.0000"
"kuzfl46948bk","0.0000"
"kuzfl46948wh","0.0000"
"aloch309036pncg","0.0000"
"kuzvl63425bk","0.0000"
"kuzvl63425bn","0.0000"
"kuzvl63425ch","0.0000"
"alofm318012tg","0.0000"
"alolp318041tg","0.0000"
"alopd318012tg","0.0000"
"alowv318010tg","0.0000"
"alowv318608tg","0.0000"
"alowv318712tg","0.0000"
"kuzat6506bk","0.0000"
"kuzvl13424bk","0.0000"
"kuzfm9304bk","0.0000"
"kuzer3003bk12v","0.0000"
"kuzer3003bz12v","0.0000"
"kuzer3003gy12v","0.0000"
"kuzer3005bz","0.0000"
"kuzer3005bz12v","0.0000"
"kuzeb3024bk","0.0000"
"kuzeb3036bk","0.0000"
"kuzew33104bk","0.0000"
"kuzew33104gh","0.0000"
"kuzew33104wh","0.0000"
"kuzew33204bk","0.0000"
"kuzew33204gh","0.0000"
"kuzew33204wh","0.0000"
"kuz601485bnled","0.0000"
"kuzpd19804bk","0.0000"
"kuzpd15824ch","0.0000"
"kuzew45101bk","0.0000"
"kuzew45102bk","0.0000"
"kuzpd62012bkcp","0.0000"
"kuzpd62013bkcp","0.0000"
"kuzpd62014bkch","0.0000"
"alowv307919antl","0.0000"
"kuzlp10345bk","0.0000"
"kuzws10324bn","0.0000"
"kuzws10336bk","0.0000"
"kuzws10336wh","0.0000"
"kuzvl18236bk","0.0000"
"kuzpd3007","0.0000"
"kuzws54615bk","0.0000"
"kuzws54615bn","0.0000"
"kuzws54615ch","0.0000"
"kuzeb48538bk","0.0000"
"alofm325108ubar","0.0000"
"alowv323112ubar","0.0000"
"alowv323225pnar","0.0000"
"alowv323225vbar","0.0000"
"alowv322114pnar","0.0000"
"alowv338101ubar","0.0000"
"alowv338902ubar","0.0000"
"alowv338902vbar","0.0000"
"alowv330324pn","0.0000"
"alowv330216pn","0.0000"
"kuzws63424bk","0.0000"
"alowv334215vbar","0.0000"
"kic55002cpz","0.0000"
"kic45689cpz","0.0000"
"wrfwr1464ob","0.0000"
"wrfwr2028mw","0.0000"
"carvs563al12w71","0.0000"
"carvs523al12w71","0.0000"
"carvs603fl13b21","0.0000"
"carvs603fl13s81","0.0000"
"carvs565sl13b31","0.0000"
"carvs565sl13s61","0.0000"
"carvs565sl13g31","0.0000"
"carvs525sl13b51","0.0000"
"carvs525sl13b31","0.0000"
"carvs525sl13s61","0.0000"
"carvs525sl13g31","0.0000"
"carvs565hl13s61","0.0000"
"carvs565hl13g31","0.0000"
"carvs525hl13s61","0.0000"
"carvs525hl13g31","0.0000"
"carvs563al12b51","0.0000"
"carvs563bl12w71","0.0000"
"carvs523bl12w71","0.0000"
"carvs565sl13b91","0.0000"
"carvs525sl13b91","0.0000"
"carvs565hl13w71","0.0000"
"carvs565hl13b91","0.0000"
"carvs525hl13w71","0.0000"
"carvs525hl13b91","0.0000"
"carvs525sl13b71","0.0000"
"carvs525sl13b61","0.0000"
"carvs565sl13s41","0.0000"
"carvs523fl12s81","0.0000"
"carvs565hl13w61","0.0000"
"carvs565sl13w61","0.0000"
"carvs523al12w61","0.0000"
"carvs563bl12w61","0.0000"
"carvs523bl12w61","0.0000"
"carvwgs523al11s31","0.0000"
"carvwgs523al11s41","0.0000"
"carvwgs523bl11s61","0.0000"
"carvwgs525dl12b51","0.0000"
"carvwgs386el11se1","0.0000"
"carvs523vl12w11","0.0000"
"carvs565el12b31","0.0000"
"carvs525el12b31","0.0000"
"carvs565hl13g21","0.0000"
"carvs565hl13s21","0.0000"
"carvs525hl13s21","0.0000"
"carvs563fl13s21","0.0000"
"carvs525dl31b51","0.0000"
"carvwgs525dl12bb1","0.0000"
"carvwgs523a1l12wl1","0.0000"
"carvwga524h2l11b21g","0.0000"
"carvc565d1l16bg1","0.0000"
"carvc565dl27b51","0.0000"
"carvc565dl17b41","0.0000"
"carvc525g1l20b51","0.0000"
"carvs525el12bf1","0.0000"
"carvwgs523al11b21g","0.0000"
"carvwgs525a2l11b21g","0.0000"
"carvs565el12bf1","0.0000"
"carvs523a1l12b21fm","0.0000"
"carvs523b3l22b51","0.0000"
"carvs525sl13w11","0.0000"
"carvs565sl13w11","0.0000"
"carvdr14w","0.0000"
"carvdr14b","0.0000"
"carvdr18w","0.0000"
"carvdr24w","0.0000"
"carvdr46b","0.0000"
"carvwgdr14f21wa","0.0000"
"carvwgdr14f21sa","0.0000"
"carvwgdr18f21sa","0.0000"
"carvwgdr24f21sa","0.0000"
"carvwgdr36f21sa","0.0000"
"carvwgdr46f21sa","0.0000"
"wrfr18fb","0.0000"
"wrfr24fb","0.0000"
"mon3erar52rzwd","0.0000"
"mon3jvr52agpd","0.0000"
"mon3jvr52bsd","0.0000"
"mon3jvr58mbk","0.0000"
"mon3jvr58rzw","0.0000"
"mon3jvr58rzwd","0.0000"
"carvpg2730011a2","0.0000"
"carvpg2730011a4","0.0000"
"carvpg2619011a1","0.0000"
"carvpg2619011a2","0.0000"
"carvpg2619011a3","0.0000"
"carvpg2619011a4","0.0000"
"carvpg2619011a5","0.0000"
"carvpg1240011a3","0.0000"
"carvpg0910011a1","0.0000"
"carvpg1008011a1","0.0000"
"carvpg1008011a2","0.0000"
"carvpg1012011a1","0.0000"
"carvpg1010011a1","0.0000"
"carvpg0608011a1","0.0000"
"carvpg0913011a1","0.0000"
"carvpg1108011a1","0.0000"
"carvpg0709011a1","0.0000"
"carvpg0512011a1","0.0000"
"carvpg0616011a1","0.0000"
"carvpm3513011b1","0.0000"
"carvpg1108011a2","0.0000"
"carvpg0913011a2","0.0000"
"carvpg0913011a3","0.0000"
"carvpg0608011a2","0.0000"
"carvtg24011a2","0.0000"
"carvtg25021a1","0.0000"
"carvtg25011a2","0.0000"
"carvtg25012a1","0.0000"
"carvtg25012a2","0.0000"
"carvtg28012a1","0.0000"
"carvtg28011a1","0.0000"
"carvtg28012a2","0.0000"
"carvtg28012a2s","0.0000"
"carvtg28012a3","0.0000"
"carvtg28011a3","0.0000"
"carvtg28012a4","0.0000"
"carvtg28011a4","0.0000"
"carvtg28012a5","0.0000"
"carvtg28022a2","0.0000"
"carvtg28022a3","0.0000"
"carvtg28022a3s","0.0000"
"carvtg28052a1","0.0000"
"carvtg28052a1s","0.0000"
"carvtg28052a2","0.0000"
"carvtg28052a2s","0.0000"
"carvtg28052a4","0.0000"
"carvtg28052a4s","0.0000"
"carvtg28062a1","0.0000"
"carvtg30012a1","0.0000"
"carvtg30012a2","0.0000"
"carvtg30012a3","0.0000"
"carvtg30012a4","0.0000"
"carvtg30012a1s","0.0000"
"carvtg30012a2s","0.0000"
"carvtg30012a3s","0.0000"
"carvtg30012a4s","0.0000"
"carvtg24022a1","0.0000"
"carvtg27012a1","0.0000"
"carvatg27031a1","0.0000"
"carvatg27031a2","0.0000"
"carvatg27021a1","0.0000"
"carvatg27021a2","0.0000"
"carvatg27021a3","0.0000"
"carvatg28022a1","0.0000"
"carvatg28021a1","0.0000"
"carvatg31011a1","0.0000"
"carvtm25012a1","0.0000"
"carvatg23011a1","0.0000"
"carvatg26011a1","0.0000"
"carvatg21011a1","0.0000"
"carvatg21011a2","0.0000"
"carvatg25011a2","0.0000"
"carvatg25011a3","0.0000"
"carvatg24011a1","0.0000"
"carvatg23021a1","0.0000"
"carvatg30011a1","0.0000"
"carvtg28072a1","0.0000"
"carvtg28082a1","0.0000"
"carvtg28082a2","0.0000"
"carvtg28081a1","0.0000"
"carvtg28081a2","0.0000"
"carvatg29011a1","0.0000"
"carvtg31012a1","0.0000"
"carvtg31012a1s","0.0000"
"carvtg31012a2","0.0000"
"carvtg31012a2s","0.0000"
"carvtm12011a1","0.0000"
"zltharod1216mc","0.0000"
"zlt4500p8mb","0.0000"
"zlt735f1hbr","0.0000"
"kic55102cpz","0.0000"
"kic55100cpz","0.0000"
"kic55101cpz","0.0000"
"kic55075cpz","0.0000"
"kic55000cpz","0.0000"
"kic43675bk","0.0000"
"kic43692bk","0.0000"
"kic45295cpz","0.0000"
"kic45297cpz","0.0000"
"kic52405bk","0.0000"
"kic45688cpz","0.0000"
"far245727","0.0000"
"far245735","0.0000"
"far245736","0.0000"
"far245757","0.0000"
"far245762","0.0000"
"far245773","0.0000"
"crystal1006par","0.0000"
"crystal1054par","0.0000"
"brooklynwall","0.0000"
"fullerwall","0.0000"
"cooperwall","0.0000"
"lincolnsconce","0.0000"
"morriswall","0.0000"
"hirchewall","0.0000"
"barnessconce","0.0000"
"burrywall","0.0000"
"calvertwall","0.0000"
"dylanwall","0.0000"
"letzelflush","0.0000"
"savannahwall","0.0000"
"letzelwall","0.0000"
"madiganwall","0.0000"
"waverlywall","0.0000"
"highgatewall","0.0000"
"bellagiowall","0.0000"
"builderwall","0.0000"
"astrosconce","0.0000"
"builderflush","0.0000"
"wexfordwall","0.0000"
"brynmawrpost","0.0000"
"brynmawrwall","0.0000"
"suffolkpost","0.0000"
"suffolkwall","0.0000"
"craftsmanwall","0.0000"
"madisonpost","0.0000"
"madisonwall","0.0000"
"havanawall","0.0000"
"havanapost","0.0000"
"doverflush","0.0000"
"doverwall","0.0000"
"richmondwall","0.0000"
"richmondpost","0.0000"
"nauticawall","0.0000"
"nauticapost","0.0000"
"acornpost","0.0000"
"neworleanswall","0.0000"
"telfairwall","0.0000"
"telfairpendant","0.0000"
"telfairpost","0.0000"
"chateauwall","0.0000"
"chateaupost","0.0000"
"avianwall","0.0000"
"avianpost","0.0000"
"baystreetwall","0.0000"
"marinersconce","0.0000"
"stcharleswall","0.0000"
"manchesterwall","0.0000"
"coventrywall","0.0000"
"marinerpost","0.0000"
"holdenchandelier","0.0000"
"oliviapendant","0.0000"
"finnickchandelier","0.0000"
"graysonchandelier","0.0000"
"tibertonpendant","0.0000"
"eastonchandelier","0.0000"
"lydiachandelier","0.0000"
"briellependant","0.0000"
"rykerpendant","0.0000"
"cobarlinear","0.0000"
"brooklynlinear","0.0000"
"acclaimlightingbrooklynpendant","0.0000"
"virginiapendant","0.0000"
"dariapendant","0.0000"
"portsmithlinear","0.0000"
"ballinapendant","0.0000"
"irispendant","0.0000"
"livvysconce","0.0000"
"maesconce","0.0000"
"jettsconce","0.0000"
"orellasconce","0.0000"
"brooklynsconce","0.0000"
"sawyersconce","0.0000"
"portsmithsconce","0.0000"
"pierssconce","0.0000"
"arabellasconce","0.0000"
"josephinesconce","0.0000"
"coraliesconce","0.0000"
"paigesconce","0.0000"
"acclaimgraysonsconce","0.0000"
"lyndensconce","0.0000"
"ceilsconce","0.0000"
"gemmasconce","0.0000"
"fairfaxsconce","0.0000"
"rowesemiflush","0.0000"
"floridiachandelier","0.0000"
"floridiasconce","0.0000"
"bettiflush","0.0000"
"bettipendant","0.0000"
"bellunosconce","0.0000"
"bellunoflush","0.0000"
"bellunochandelier","0.0000"
"brahmssconce","0.0000"
"brahmschandelier","0.0000"
"catalanisconce","0.0000"
"bedettichandelier","0.0000"
"chauvetsconce","0.0000"
"chauvetchandelier","0.0000"
"cascataflush","0.0000"
"cascatapendant","0.0000"
"cosimosconce","0.0000"
"cosimochandelier","0.0000"
"dolosconce","0.0000"
"dolopendant","0.0000"
"duchesschandelier","0.0000"
"espiralipendant","0.0000"
"cielosconce","0.0000"
"cambriasconces","0.0000"
"cambriapendants","0.0000"
"cielopendant","0.0000"
"bolivarchandelier","0.0000"
"anellopendant","0.0000"
"ciottolosconce","0.0000"
"capucciolinear","0.0000"
"estrellapendant","0.0000"
"armannopendant","0.0000"
"aulettachandelier","0.0000"
"aulettapendant","0.0000"
"fanshawechandelier","0.0000"
"constellationchandelier","0.0000"
"florencechandelier","0.0000"
"archependant","0.0000"
"gol05111wblkclr","0.0000"
"gol0511ba3bcbclr","0.0000"
"gol1768fmwghwg","0.0000"
"gol3164wscblkhwg","0.0000"
"napoliflush","0.0000"
"napolipendant","0.0000"
"trevisosconce","0.0000"
"trevisopendant","0.0000"
"jolivetchandelier","0.0000"
"julienflush","0.0000"
"lemireflush","0.0000"
"vanitabath","0.0000"
"gehrypendant","0.0000"
"imperopendant","0.0000"
"orecchinichandelier","0.0000"
"orecchiniflush","0.0000"
"orecchinisemi","0.0000"
"orecchinipendant","0.0000"
"larosachandelier","0.0000"
"glacierlinear","0.0000"
"glacierpendant","0.0000"
"palermochandelier","0.0000"
"piedrachandelier","0.0000"
"valenciachandelier","0.0000"
"modellobath","0.0000"
"modellopendant","0.0000"
"torrelinear","0.0000"
"torresconce","0.0000"
"torrependant","0.0000"
"veronapendant","0.0000"
"allegrigeminipendant","0.0000"
"kasturipendant","0.0000"
"pandoropendant","0.0000"
"linasconce","0.0000"
"linapendant","0.0000"
"linalinear","0.0000"
"livellipendant","0.0000"
"livellilinear","0.0000"
"piazzesconce","0.0000"
"piazzependant","0.0000"
"piazzelinear","0.0000"
"luccapendant","0.0000"
"mendelssohntable","0.0000"
"mendelssohnsconce","0.0000"
"mendelssohnchandelier","0.0000"
"vermeerlinear","0.0000"
"rondellependant","0.0000"
"luxorpendant","0.0000"
"kalcolightinggraysonsconce","0.0000"
"calistogapendant","0.0000"
"miramarpendant","0.0000"
"biancobath","0.0000"
"lassenchandelier","0.0000"
"naplesbath","0.0000"
"belladonnapendant","0.0000"
"bridgeportpendants","0.0000"
"bridgeportbath","0.0000"
"edgewaterbath","0.0000"
"montaukflush","0.0000"
"clearwaterbath","0.0000"
"verobath","0.0000"
"destinbath","0.0000"
"southbaybath","0.0000"
"essexpendant","0.0000"
"coronabath","0.0000"
"galvastonbath","0.0000"
"arcatabath","0.0000"
"cameolinear","0.0000"
"willowbath","0.0000"
"victoriabath","0.0000"
"giadapendant","0.0000"
"shelbysconce","0.0000"
"sherwoodsconce","0.0000"
"bellegrovesconce","0.0000"
"arlingtonsconce","0.0000"
"chestersconce","0.0000"
"kalcoemiliapendant","0.0000"
"drewsconce","0.0000"
"eamessconce","0.0000"
"highlandpendant","0.0000"
"dupontpendant","0.0000"
"denalichandelier","0.0000"
"barrymoresconce","0.0000"
"hudsonsconce","0.0000"
"ambassadorpendant","0.0000"
"sohopendant","0.0000"
"tempestpendant","0.0000"
"hudsonpendant","0.0000"
"solanabath","0.0000"
"cestinosconce","0.0000"
"lansdalechandelier","0.0000"
"cirruspendant","0.0000"
"plazaflush","0.0000"
"canterburypendant","0.0000"
"marcelchandelier","0.0000"
"tacomachandelier","0.0000"
"brunochandelier","0.0000"
"sophiachandelier","0.0000"
"sanibelpendant","0.0000"
"sanibellinear","0.0000"
"samalpendant","0.0000"
"seychellependant","0.0000"
"cebupendant","0.0000"
"madurapendant","0.0000"
"aqueouspendant","0.0000"
"brierfieldbath","0.0000"
"ateliersconce","0.0000"
"rothwellpendant","0.0000"
"coronadochandelier","0.0000"
"livingstonpendant","0.0000"
"hartfordsconce","0.0000"
"anastasiasconce","0.0000"
"globopendant","0.0000"
"marnipendant","0.0000"
"akoyachandelier","0.0000"
"torreschandelier","0.0000"
"lucianchandelier","0.0000"
"celestechandelier","0.0000"
"revolvechandelier","0.0000"
"blancoflush","0.0000"
"douglasflush","0.0000"
"kensingtonflush","0.0000"
"revolvelinear","0.0000"
"aryaslinear","0.0000"
"torreslinear","0.0000"
"kensingtonlinear","0.0000"
"astridpendant","0.0000"
"duopendant","0.0000"
"valiselinear","0.0000"
"latticependant","0.0000"
"calorpendant","0.0000"
"manorpendant","0.0000"
"honourpendant","0.0000"
"delphinependant","0.0000"
"florapendant","0.0000"
"akoyapendant","0.0000"
"blancopendant","0.0000"
"lucianpendant","0.0000"
"sabrependant","0.0000"
"douglaspendant","0.0000"
"oviattpendant","0.0000"
"kensingtonpendant","0.0000"
"valisepicture","0.0000"
"manorsemiflush","0.0000"
"kensingtonsemiflush","0.0000"
"astridlamp","0.0000"
"marnilamp","0.0000"
"kensingtonlamp","0.0000"
"globosconce","0.0000"
"valisebath","0.0000"
"revolvebath","0.0000"
"latticesconce","0.0000"
"revolvesconce","0.0000"
"manorsconce","0.0000"
"astridsconce","0.0000"
"astridbath","0.0000"
"rowlandsconcxe","0.0000"
"parduccisconce","0.0000"
"marnisconce","0.0000"
"kismetsconce","0.0000"
"caesarsconce","0.0000"
"madisonsconce","0.0000"
"blancosconce","0.0000"
"blancobath","0.0000"
"palaissconce","0.0000"
"valenciasconce","0.0000"
"torressconce","0.0000"
"luciansconce","0.0000"
"aloralightingsabresconce","0.0000"
"peabodysconce","0.0000"
"kensingtonsconce","0.0000"
"kensingtonbath","0.0000"
"panamafan","0.0000"
"commodusfan","0.0000"
"bulletfan","0.0000"
"isotopefan","0.0000"
"waileafan","0.0000"
"pistonfan","0.0000"
"axialfan","0.0000"
"correnefan","0.0000"
"wispfan","0.0000"
"heritagefan","0.0000"
"merrickfan","0.0000"
"hoverfan","0.0000"
"vailfan","0.0000"
"swellfan","0.0000"
"croftfan","0.0000"
"turbinefan","0.0000"
"crescentfan","0.0000"
"vineafan","0.0000"
"risefan","0.0000"
"iconfan","0.0000"
"humblefan","0.0000"
"basicspropatiofan","0.0000"
"basicspropremierfan","0.0000"
"basicsproselectfan","0.0000"
"basicsprofan","0.0000"
"basicsprodesignerfan","0.0000"
"basicsprolegacyfan","0.0000"
"basicsprolegacypatiofan","0.0000"
"salvofan","0.0000"
"guardianfan","0.0000"
"kaponofan","0.0000"
"lijafan","0.0000"
"originalfan","0.0000"
"dublinfan","0.0000"
"lakemontfan","0.0000"
"astwoodfan","0.0000"
"cabofriofan","0.0000"
"cassiusfan","0.0000"
"cranbrookfan","0.0000"
"ansleefan","0.0000"
"anorakfan","0.0000"
"timpanifan","0.0000"
"hartlandfan","0.0000"
"groveparkfan","0.0000"
"akerfan","0.0000"
"portroyalefan","0.0000"
"sentinelfan","0.0000"
"starklakefan","0.0000"
"highdalefan","0.0000"
"charlottefan","0.0000"
"bayviewfan","0.0000"
"devonparkfan","0.0000"
"hardawayfan","0.0000"
"parkviewfan","0.0000"
"overtonfan","0.0000"
"milstreamfan","0.0000"
"crescentfallsfan","0.0000"
"tunleyfan","0.0000"
"melbournefan","0.0000"
"roswellfan","0.0000"
"rhinebeckfan","0.0000"
"prestofan","0.0000"
"marconifan","0.0000"
"granthamfan","0.0000"
"minikinfan","0.0000"
"sottofan","0.0000"
"radeonfan","0.0000"
"southernbreezefan","0.0000"
"conroyfan","0.0000"
"lokifan","0.0000"
"lowprofilefan","0.0000"
"builderlowprofilefan","0.0000"
"royaloakfan","0.0000"
"stockbridgefan","0.0000"
"amaryllisfan","0.0000"
"churchwellfan","0.0000"
"stylusfan","0.0000"
"pacerfan","0.0000"
"lillianafan","0.0000"
"mesquitefan","0.0000"
"bartlettfan","0.0000"
"gilmourfan","0.0000"
"hardwickfan","0.0000"
"rogersfan","0.0000"
"riverridgefan","0.0000"
"omniafan","0.0000"
"phenomenonfan","0.0000"
"neuronfan","0.0000"
"burroughsfan","0.0000"
"windboundfan","0.0000"
"minimusfan","0.0000"
"seawallfan","0.0000"
"ellistonfan","0.0000"
"arenfan","0.0000"
"yumafan","0.0000"
"solariafan","0.0000"
"jettyfan","0.0000"
"springmillfan","0.0000"
"valdafan","0.0000"
"watsonfan","0.0000"
"builderfan","0.0000"
"seaairfan","0.0000"
"astoriafan","0.0000"
"thestudioseriesfan","0.0000"
"lowprofileiiifan","0.0000"
"builderdeluxefan","0.0000"
"waldonfan","0.0000"
"bridgeportfan","0.0000"
"pro'sbestfan","0.0000"
"builderplusfan","0.0000"
"seawindfan","0.0000"
"kenbridgefan","0.0000"
"visaliafan","0.0000"
"beckfan","0.0000"
"cedarkeyfan","0.0000"
"bennettfan","0.0000"
"crestfieldfan","0.0000"
"midtownfan","0.0000"
"searowfan","0.0000"
"hfcfan","0.0000"
"ocalafan","0.0000"
"mercadofan","0.0000"
"symphonyfan","0.0000"
"ronanfan","0.0000"
"dempseyfan","0.0000"
"keybiscaynefan","0.0000"
"cranbrooklowprofilefan","0.0000"
"millvalleyfan","0.0000"
"hepburnfan","0.0000"
"warrantfan","0.0000"
"nordenfan","0.0000"
"coralbayfan","0.0000"
"havocfan","0.0000"
"romulusfan","0.0000"
"promenadefan","0.0000"
"sunnyvalefan","0.0000"
"kennicottfan","0.0000"
"oceanafan","0.0000"
"claudettefan","0.0000"
"vivenfan","0.0000"
"trimaranfan","0.0000"
"apachefan","0.0000"
"dempseylowprofilefan","0.0000"
"americafan","0.0000"
"acquafan","0.0000"
"arruthianefan","0.0000"
"brisa2000fan","0.0000"
"biancadirecionalfan","0.0000"
"brunaparedefan","0.0000"
"duplodinamicofan","0.0000"
"dagnyfan","0.0000"
"dianefan","0.0000"
"elizafan","0.0000"
"irenefan","0.0000"
"italoventaniafan","0.0000"
"jarolddirecionalfan","0.0000"
"kayefan","0.0000"
"melodyfan","0.0000"
"michelleparedefan","0.0000"
"mollywoodfan","0.0000"
"nanfan","0.0000"
"patriciafan","0.0000"
"superjanetfan","0.0000"
"ventbettinafan","0.0000"
"gryofan","0.0000"
"newerafan","0.0000"
"mojofan","0.0000"
"alumawetfan","0.0000"
"alumafan","0.0000"
"sunseekerfan","0.0000"
"gauguinfan","0.0000"
"rainmanfan","0.0000"
"ultramaxfan","0.0000"
"sundownerfan","0.0000"
"montecarlocirquefan","0.0000"
"vintagefan","0.0000"
"skinniefan","0.0000"
"classicafan","0.0000"
"seacrestfan","0.0000"
"twistfan","0.0000"
"grotonfan","0.0000"
"kolafan","0.0000"
"delanofan","0.0000"
"volterraifan","0.0000"
"delanoiifan","0.0000"
"curlfan","0.0000"
"kelvynfan","0.0000"
"stratafan","0.0000"
"pancakedcfan","0.0000"
"molinofan","0.0000"
"javaxtremefan","0.0000"
"chubbyfan","0.0000"
"chubbyiifan","0.0000"
"vintagegyrofan","0.0000"
"kewlfan","0.0000"
"lightwavefan","0.0000"
"wavefan","0.0000"
"barnfan","0.0000"
"albafan","0.0000"
"avilafan","0.0000"
"brydenfan","0.0000"
"clarityfan","0.0000"
"collinsfan","0.0000"
"erafan","0.0000"
"hicksfan","0.0000"
"ikonfan","0.0000"
"joviefan","0.0000"
"maverickcoastalfan","0.0000"
"ruhlmannfan","0.0000"
"rozzenfan","0.0000"
"streamingfan","0.0000"
"visionfan","0.0000"
"launcetonfan","0.0000"
"subwayfan","0.0000"
"aspenfan","0.0000"
"discussmartfan","0.0000"
"lowdenfan","0.0000"
"loftfan","0.0000"
"cupolafan","0.0000"
"ultraslimfan","0.0000"
"basicmaxfan","0.0000"
"doneganfan","0.0000"
"newsomefan","0.0000"
"renewfan","0.0000"
"estatefan","0.0000"
"ovationfan","0.0000"
"breezefan","0.0000"
"milfordpendant","0.0000"
"milfordoutdoorpost","0.0000"
"milfordwall","0.0000"
"aryachandelier","0.0000"
"aryawallsconce","0.0000"
"cwilightingsavannahflush","0.0000"
"savannahchandelier","0.0000"
"celinachandeliers","0.0000"
"colettechandelier","0.0000"
"anitachandelier","0.0000"
"anitawall","0.0000"
"davinciwall","0.0000"
"iciclechandelier","0.0000"
"celestetablelamp","0.0000"
"glacechandelier","0.0000"
"millipedechandelier","0.0000"
"guadianachandelier","0.0000"
"pulleypendant","0.0000"
"flawlesschandelier","0.0000"
"flawlesswallsconce","0.0000"
"waterdropflush","0.0000"
"eternitychandelier","0.0000"
"eternitybath","0.0000"
"waterdropchandelier","0.0000"
"waterdropbath","0.0000"
"abiachandelier","0.0000"
"biancaflush","0.0000"
"bloomeflush","0.0000"
"radiantflush","0.0000"
"cherryblossomchandelier","0.0000"
"swivelflush","0.0000"
"swivelchandelier","0.0000"
"radiantchandelier","0.0000"
"vastflush","0.0000"
"ringchandelier","0.0000"
"springmorningflush","0.0000"
"elsachandelier","0.0000"
"cascadeflush","0.0000"
"satinnicklebath","0.0000"
"dashchandelier","0.0000"
"dashlamp","0.0000"
"arzachandelier","0.0000"
"campechiachandelier","0.0000"
"frostedflush","0.0000"
"francaflush","0.0000"
"francachandelier","0.0000"
"clairechandelier","0.0000"
"bubbleschandelier","0.0000"
"bubblesbath","0.0000"
"tinawall","0.0000"
"bensonflush","0.0000"
"bensonchandelier","0.0000"
"luciechandelier","0.0000"
"glasspendant","0.0000"
"flurrychandelier","0.0000"
"florencechandeliers","0.0000"
"daisychandelier","0.0000"
"medinachandelier","0.0000"
"milanchandelier","0.0000"
"milanpendant","0.0000"
"milanbath","0.0000"
"perrierpendant","0.0000"
"chiquewall","0.0000"
"raindropflush","0.0000"
"doublespiralflush","0.0000"
"twinkleflush","0.0000"
"ribbonflush","0.0000"
"hallwayflush","0.0000"
"luminousflush","0.0000"
"glamorouschandelier","0.0000"
"colosseumflush","0.0000"
"colosseumbath","0.0000"
"princessflush","0.0000"
"princesschandelier","0.0000"
"colosseumwallsconce","0.0000"
"queenflush","0.0000"
"colosseumchandelier","0.0000"
"mariatheresawall","0.0000"
"mariatheresachandelier","0.0000"
"amandaflush","0.0000"
"amandachandelier","0.0000"
"princetonchandelier","0.0000"
"showpendant","0.0000"
"tomasopendant","0.0000"
"vogelpendant","0.0000"
"dynamicpendant","0.0000"
"gangeschandelier","0.0000"
"modestpendant","0.0000"
"padmachandelier","0.0000"
"nicoleflush","0.0000"
"nicolechandelier","0.0000"
"desirependant","0.0000"
"sierrapendant","0.0000"
"electrachandelier","0.0000"
"elisapendant","0.0000"
"vannachandelier","0.0000"
"jacquetchandelier","0.0000"
"quidachandelier","0.0000"
"tigrisflush","0.0000"
"novachandelier","0.0000"
"litanichandelier","0.0000"
"alethiapendant","0.0000"
"amazonchandelier","0.0000"
"globeflush","0.0000"
"boldenchandelier","0.0000"
"iobath","0.0000"
"coronadopendant","0.0000"
"summersidewall","0.0000"
"oberonpendant","0.0000"
"cardiffwall","0.0000"
"zurichpendant","0.0000"
"zurichsemi","0.0000"
"zurichbath","0.0000"
"genevabath","0.0000"
"bakerstreetwall","0.0000"
"gastownpendant","0.0000"
"ospreypendant","0.0000"
"kiisemi","0.0000"
"compasspendant","0.0000"
"oeildebasetrack","0.0000"
"oceandrivelinear","0.0000"
"lombardstreetpendant","0.0000"
"windupendant","0.0000"
"laurentianpendant","0.0000"
"empresschandelier","0.0000"
"venturebath","0.0000"
"louisbourgbath","0.0000"
"andromedabath","0.0000"
"andromedapendant","0.0000"
"steagathelinear","0.0000"
"frontenacpendant","0.0000"
"mccuddenflush","0.0000"
"okanaganflush","0.0000"
"avroflush","0.0000"
"dehavillandflush","0.0000"
"tempestflush","0.0000"
"tropeabath","0.0000"
"hopewellrockspendant","0.0000"
"astridwall","0.0000"
"breconwall","0.0000"
"breconwalltriangle","0.0000"
"niagarapendant","0.0000"
"niagaraflush","0.0000"
"lakeofthewoodsbath","0.0000"
"gammahydraeflush","0.0000"
"ashoonapendant","0.0000"
"atwoodpendant","0.0000"
"atwoodbath","0.0000"
"baffinpendant","0.0000"
"gaspewall","0.0000"
"kitsilanowall","0.0000"
"somersetwall","0.0000"
"somersetpendant","0.0000"
"lilypendant","0.0000"
"daisypendant","0.0000"
"perigeebath","0.0000"
"perigeewall","0.0000"
"perigeetable","0.0000"
"perigeependant","0.0000"
"emmapendant","0.0000"
"emmalinear","0.0000"
"emmabath","0.0000"
"manitoupendant","0.0000"
"manitoulinear","0.0000"
"manitoubath","0.0000"
"hyperionbath","0.0000"
"essexsemi","0.0000"
"essexlinear","0.0000"
"erinpendant","0.0000"
"essexwall","0.0000"
"dvilightingessexpendant","0.0000"
"dvilightingessexbath","0.0000"
"ellapendant","0.0000"
"ellaflush","0.0000"
"milapendant","0.0000"
"milaflush","0.0000"
"emiliapendant","0.0000"
"emiliaflush","0.0000"
"savannahpendant","0.0000"
"savannahflush","0.0000"
"kennedypendant","0.0000"
"coraflush","0.0000"
"lylaflush","0.0000"
"lylapendant","0.0000"
"kylieflush","0.0000"
"valeriapendant","0.0000"
"giannapendant","0.0000"
"nordicpendant","0.0000"
"westonpendant","0.0000"
"serenapendant","0.0000"
"serenachandelier","0.0000"
"serenalinear","0.0000"
"serenabath","0.0000"
"verapendant","0.0000"
"verawallsconces","0.0000"
"siennapendant","0.0000"
"siennawallsconces","0.0000"
"dallaspendant","0.0000"
"dallaschandelier","0.0000"
"dallaslinear","0.0000"
"polarispendant","0.0000"
"valettalinear","0.0000"
"valettawallsconces","0.0000"
"monroelinear","0.0000"
"monroeflush","0.0000"
"monroechandelier","0.0000"
"monroependant","0.0000"
"serephinapendant","0.0000"
"serephinachandelier","0.0000"
"serephinalinear","0.0000"
"serephinabath","0.0000"
"elegantlightinggalaxychandelier","0.0000"
"galaxypendant","0.0000"
"galaxyflush","0.0000"
"maximechandelier","0.0000"
"maximeflush","0.0000"
"maximewallsconces","0.0000"
"hun51571","0.0000"
"hun51585","0.0000"
"hun51590","0.0000"
"hun51681","0.0000"
"hun51689","0.0000"
"hun51694","0.0000"
"hun51697","0.0000"
"hun51730","0.0000"
"singlependant","0.0000"
"menloparkchandelier","0.0000"
"castellochandelier","0.0000"
"vineyardsconce","0.0000"
"vineyardpendant","0.0000"
"vineyardflush","0.0000"
"vineyardlinear","0.0000"
"vineyardchandelier","0.0000"
"legnorusticopendant","0.0000"
"legnorusticolinear","0.0000"
"greenwichpendant","0.0000"
"gastownchandelier","0.0000"
"edisonchandelier","0.0000"
"jerseypendant","0.0000"
"jerseychandelier","0.0000"
"encorechandelier","0.0000"
"breezypointchandelier","0.0000"
"roxburychandelier","0.0000"
"clarencependant","0.0000"
"clarencelinear","0.0000"
"clearwaterchandelier","0.0000"
"homeglowpendant","0.0000"
"newportchandelier","0.0000"
"luganopendant","0.0000"
"orbitchandelier","0.0000"
"ravellopendant","0.0000"
"artistrypendant","0.0000"
"artistryflush","0.0000"
"artistrychandelier","0.0000"
"wheatonsconce","0.0000"
"conicpendant","0.0000"
"sutherlandpendant","0.0000"
"roxtonpendant","0.0000"
"roxtonchandelier","0.0000"
"caprichandelier","0.0000"
"brydonpendant","0.0000"
"trurolinear","0.0000"
"truropendant","0.0000"
"barnyardlinear","0.0000"
"alexandriapendant","0.0000"
"euroindustrialchandelier","0.0000"
"middletonchandelier","0.0000"
"modernrenaissancechandelier","0.0000"
"cheltonsconce","0.0000"
"sunburstflush","0.0000"
"sunburstchandelier","0.0000"
"angleseychandelier","0.0000"
"barnyardchandelier","0.0000"
"barnyardflush","0.0000"
"henleyflush","0.0000"
"farmhouseliner","0.0000"
"henleypendant","0.0000"
"filialichandelier","0.0000"
"galaxychandelier","0.0000"
"sorrentochandelier","0.0000"
"wiltshiresconce","0.0000"
"castarasconce","0.0000"
"eastwoodsconce","0.0000"
"gatehousechandelier","0.0000"
"gatehousependant","0.0000"
"nelsonbath","0.0000"
"lyndonbath","0.0000"
"carriagependant","0.0000"
"perrispendant","0.0000"
"perrischandelier","0.0000"
"artisanpendant","0.0000"
"martinachandelier","0.0000"
"parkdalebath","0.0000"
"parkdalechandelier","0.0000"
"wroughtironsconce","0.0000"
"wroughtironchandelier","0.0000"
"boiseflush","0.0000"
"clipflush","0.0000"
"marinesconce","0.0000"
"belairsconce","0.0000"
"belairflush","0.0000"
"belairpendant","0.0000"
"battonpendant","0.0000"
"cometflush","0.0000"
"artcraftgeminipendant","0.0000"
"celestialchandelier","0.0000"
"novapendant","0.0000"
"stellapendant","0.0000"
"wavechandelier","0.0000"
"galianoflush","0.0000"
"galianopendent","0.0000"
"galianochandelier","0.0000"
"tilburysconce","0.0000"
"buchananbath","0.0000"
"cortinalamp","0.0000"
"graymarpendant","0.0000"
"mirapendant","0.0000"
"artcraftorionpendant","0.0000"
"newburybath","0.0000"
"arapendant","0.0000"
"equinoxpendant","0.0000"
"nuevosconce","0.0000"
"charlestownsconce","0.0000"
"bradgatepost","0.0000"
"bradgatependant","0.0000"
"freemontchandelier","0.0000"
"fultonsconce","0.0000"
"weybridgesconce","0.0000"
"classicopost","0.0000"
"classicosconce","0.0000"
"stmortizsconce","0.0000"
"gablesconce","0.0000"
"sussexdrivesconce","0.0000"
"overbrooksconce","0.0000"
"bondsconce","0.0000"
"camdensconce","0.0000"
"cortlandsconce","0.0000"
"waterburysconce","0.0000"
"reflectionledmirror","0.0000"
"cosmicchandelier","0.0000"
"organicflush","0.0000"
"connecticutpendant","0.0000"
"morgansconce","0.0000"
"grangersquaresconce","0.0000"
"pinpointpendant","0.0000"
"mooonglowchandelier","0.0000"
"morningmistflush","0.0000"
"morningmistpendant","0.0000"
"tempopendant","0.0000"
"totependant","0.0000"
"rhythmpendant","0.0000"
"rhythmchandelier","0.0000"
"rhythmflush","0.0000"
"rhythmlinear","0.0000"
"rhythmsconce","0.0000"
"cocochandelier","0.0000"
"mercerstreetchandelier","0.0000"
"mercerstreetpendant","0.0000"
"tidefan","0.0000"
"tranquilfan","0.0000"
"cosmofan","0.0000"
"oslofan","0.0000"
"codafan","0.0000"
"solfan","0.0000"
"alphafan","0.0000"
"solisfan","0.0000"
"junofan","0.0000"
"adorafan","0.0000"
"rondurefan","0.0000"
"templefan","0.0000"
"fleetfan","0.0000"
"springerfan","0.0000"
"farrisfan","0.0000"
"kaysvillefan","0.0000"
"claretfan","0.0000"
"driftfan","0.0000"
"alleronfan","0.0000"
"midvalefan","0.0000"
"bedwinfan","0.0000"
"arlofan","0.0000"
"lindalefan","0.0000"
"hufffan","0.0000"
"alfrescofan","0.0000"
"albinfan","0.0000"
"vernalfan","0.0000"
"rynefan","0.0000"
"byarsfan","0.0000"
"edwidgefan","0.0000"
"willacyfan","0.0000"
"belvafan","0.0000"
"manvelfan","0.0000"
"kennedalefan","0.0000"
"spicerfan","0.0000"
"kasotafan","0.0000"
"mesillafan","0.0000"
"carrollwoodfan","0.0000"
"gillenfan","0.0000"
"trevinavfan","0.0000"
"signatureplusiifan","0.0000"
"harranvalefan","0.0000"
"soarfan","0.0000"
"ellwoodfan","0.0000"
"fresnofan","0.0000"
"trevinaiifan","0.0000"
"vastfan","0.0000"
"billowsfan","0.0000"
"gazefan","0.0000"
"lakehurstfan","0.0000"
"montaguefan","0.0000"
"spadesfan","0.0000"
"voxfan","0.0000"
"whirlfan","0.0000"
"smyrnafan","0.0000"
"gustfan","0.0000"
"glandonfan","0.0000"
"bradenfan","0.0000"
"oriolefan","0.0000"
"sanfordfan","0.0000"
"progresslightingbuilderfan","0.0000"
"customhuggerfan","0.0000"
"galvestonfan","0.0000"
"hudsonfan","0.0000"
"apexfan","0.0000"
"quoruminternationalexpofan","0.0000"
"axisfan","0.0000"
"brewsterfan","0.0000"
"papillonfan","0.0000"
"modfan","0.0000"
"lurusfan","0.0000"
"hawkeyefan","0.0000"
"gustofan","0.0000"
"empressfan","0.0000"
"triofan","0.0000"
"coltonfan","0.0000"
"trinityfan","0.0000"
"altonfan","0.0000"
"gamblefan","0.0000"
"aerovonfan","0.0000"
"caprifan","0.0000"
"chateauxfan","0.0000"
"rovafan","0.0000"
"windsorfan","0.0000"
"marinofan","0.0000"
"odellfan","0.0000"
"vaxcellightingexpofan","0.0000"
"windriverfansdaltonfan","0.0000"
"modelofan","0.0000"
"estelafan","0.0000"
"solerofan","0.0000"
"friscofan","0.0000"
"zorionfan","0.0000"
"novatofan","0.0000"
"courtyardfan","0.0000"
"neopolisfan","0.0000"
"droidfan","0.0000"
"aerisfan","0.0000"
"cylonfan","0.0000"
"nivafan","0.0000"
"exofan","0.0000"
"reyafan","0.0000"
"elanfan","0.0000"
"sorafan","0.0000"
"willowfan","0.0000"
"kurvefan","0.0000"
"theminifan","0.0000"
"mckenziefan","0.0000"
"siriusfan","0.0000"
"nolanfan","0.0000"
"pecosfan","0.0000"
"coldwaterfan","0.0000"
"armandfan","0.0000"
"akarilinear","0.0000"
"kuzcolightingvictoriapendant","0.0000"
"sampsonpendant","0.0000"
"minapendant","0.0000"
"cameopendant","0.0000"
"malabarpendant","0.0000"
"ultrapendant","0.0000"
"bachpendant","0.0000"
"plutopendant","0.0000"
"gregorypendant","0.0000"
"jarvispendant","0.0000"
"fluxpendant","0.0000"
"europapendant","0.0000"
"dorothypendant","0.0000"
"sedonapendant","0.0000"
"castorpendant","0.0000"
"archibaldpendant","0.0000"
"vanderbiltpendant","0.0000"
"irvingpendant","0.0000"
"lucaspendant","0.0000"
"cradlependant","0.0000"
"gibraltarpendant","0.0000"
"milcapendant","0.0000"
"micropendant","0.0000"
"floydflush","0.0000"
"maltaflush","0.0000"
"charliesemi","0.0000"
"peggybath","0.0000"
"lighthousebath","0.0000"
"norfolkwall","0.0000"
"charlottebath","0.0000"
"prestonwall","0.0000"
"elizabethwall","0.0000"
"stratfordwall","0.0000"
"watfordbath","0.0000"
"bridgewaterbath","0.0000"
"barclaytracklights","0.0000"
"barclaywall","0.0000"
"serifpendant","0.0000"
"huronpendant","0.0000"
"slateupdownwall","0.0000"
"micadownwall","0.0000"
"micaupdownwall","0.0000"
"slatedownwall","0.0000"
"vestawall","0.0000"
"vegalinear","0.0000"
"siriuschandelier","0.0000"
"akarichandelier","0.0000"
"monzachandelier","0.0000"
"dunechandelier","0.0000"
"bollachandelier","0.0000"
"geodechandelier","0.0000"
"magellanchandelier","0.0000"
"mulberrychandelier","0.0000"
"rezzchandelier","0.0000"
"cerchiochandelier","0.0000"
"piazzachandelier","0.0000"
"piazza2chandelier","0.0000"
"piazza3chandelier","0.0000"
"rotairechandelier","0.0000"
"maestrochandelier","0.0000"
"synergychandelier","0.0000"
"oroschandelier","0.0000"
"motochandelier","0.0000"
"napaland","0.0000"
"sonomaland","0.0000"
"trentonflush","0.0000"
"lamarflush","0.0000"
"dorianland","0.0000"
"parcland","0.0000"
"brixtonland","0.0000"
"suaratable","0.0000"
"lamarpendant","0.0000"
"copenhagenpendant","0.0000"
"parcpendant","0.0000"
"arcticpendant","0.0000"
"sonicstep","0.0000"
"rotostep","0.0000"
"rotogeostep","0.0000"
"newportstep","0.0000"
"bristolstep","0.0000"
"lamarupanddownwall","0.0000"
"lamardownwall","0.0000"
"vistawall","0.0000"
"plateauwall","0.0000"
"nordicwall","0.0000"
"lundwall","0.0000"
"statodownwall","0.0000"
"statoupdownwall","0.0000"
"byronwall","0.0000"
"etnawall","0.0000"
"tacwall","0.0000"
"maviswall","0.0000"
"traversewall","0.0000"
"twilightwall","0.0000"
"indiowall","0.0000"
"caspianwall","0.0000"
"moondewwall","0.0000"
"casawall","0.0000"
"mesawall","0.0000"
"neviswall","0.0000"
"olympuswall","0.0000"
"miterfloor","0.0000"
"reedsfloor","0.0000"
"fluxfloor","0.0000"
"gramercyfloor","0.0000"
"huronfloor","0.0000"
"falcoflush","0.0000"
"lucciflush","0.0000"
"trafalgarflush","0.0000"
"mousinniflush","0.0000"
"beaconflush","0.0000"
"maltaledflush","0.0000"
"vegaflush","0.0000"
"lomitaflush","0.0000"
"cruzflush","0.0000"
"bedfordflush","0.0000"
"stocktonflush","0.0000"
"hamptonflush","0.0000"
"brookflush","0.0000"
"jasperflush","0.0000"
"brunswickflush","0.0000"
"essexflush","0.0000"
"astonflush","0.0000"
"anellominorflush","0.0000"
"charlieflush","0.0000"
"rezzflush","0.0000"
"parkerflush","0.0000"
"daltonflush","0.0000"
"synergyflush","0.0000"
"soloflush","0.0000"
"mondrianlinear","0.0000"
"dunelinear","0.0000"
"geodelinear","0.0000"
"rezzlinear","0.0000"
"gramercylinear","0.0000"
"seriflinear","0.0000"
"talislinear","0.0000"
"maestrolinear","0.0000"
"synergylinear","0.0000"
"vegapendant","0.0000"
"arkelllinear","0.0000"
"motifpendant","0.0000"
"talis3pendant","0.0000"
"talis5pendant","0.0000"
"chutelinear","0.0000"
"twistpendant","0.0000"
"monaependant","0.0000"
"samsonpendant","0.0000"
"beaconpendant","0.0000"
"misakipendant","0.0000"
"exopendant","0.0000"
"elixirpendant","0.0000"
"taperpendant","0.0000"
"mondrianpendant","0.0000"
"chromapendant","0.0000"
"eeriependant","0.0000"
"stylopendant","0.0000"
"lenapendant","0.0000"
"ampersandpendant","0.0000"
"halopendant","0.0000"
"cruzpendant","0.0000"
"kuzcolightingveronapendant","0.0000"
"robsonpendant","0.0000"
"discpendant","0.0000"
"geodependant","0.0000"
"magellanpendant","0.0000"
"anellominorpendant","0.0000"
"martelopendant","0.0000"
"decopendant","0.0000"
"trinitypendant","0.0000"
"mulberrypendant","0.0000"
"rezzpendant","0.0000"
"oxfordpendant","0.0000"
"enkelpendant","0.0000"
"pendulapendant","0.0000"
"daltonpendant","0.0000"
"cumuluspendant","0.0000"
"cirquependant","0.0000"
"cortanapendant","0.0000"
"cerchiodownpendant","0.0000"
"cerchioupanddownpendant","0.0000"
"piazzapendant","0.0000"
"piazzalinear","0.0000"
"helenapendant","0.0000"
"vegapic","0.0000"
"mondriansemi","0.0000"
"trinitysemi","0.0000"
"mitertable","0.0000"
"fluxtable","0.0000"
"hurontable","0.0000"
"lyratracklights","0.0000"
"vegabath","0.0000"
"sohobath","0.0000"
"brazenbath","0.0000"
"ronabath","0.0000"
"akaribath","0.0000"
"dunebath","0.0000"
"latitudebath","0.0000"
"plutobath","0.0000"
"anellominorbath","0.0000"
"fergusonbath","0.0000"
"plymouthbath","0.0000"
"longitudebath","0.0000"
"albernibath","0.0000"
"janebath","0.0000"
"ednabath","0.0000"
"rezzbath","0.0000"
"briobath","0.0000"
"marlonbath","0.0000"
"novelbath","0.0000"
"vegawall","0.0000"
"galleriawall","0.0000"
"leverwall","0.0000"
"chutewall","0.0000"
"brazenwall","0.0000"
"dorchesterwall","0.0000"
"dresdenwall","0.0000"
"ronawall","0.0000"
"etonwall","0.0000"
"dravenwall","0.0000"
"dunewall","0.0000"
"cruzwall","0.0000"
"swivelwall","0.0000"
"pandorawall","0.0000"
"gablewall","0.0000"
"guidewall","0.0000"
"harrowwall","0.0000"
"hounslowwall","0.0000"
"bengalwall","0.0000"
"delawall","0.0000"
"fluxwall","0.0000"
"plutowall","0.0000"
"martelowall","0.0000"
"warwickwall","0.0000"
"mulberrywall","0.0000"
"pondiwall","0.0000"
"rezzwall","0.0000"
"gramercywall","0.0000"
"tarowall","0.0000"
"motifwall","0.0000"
"butewall","0.0000"
"bhutanwall","0.0000"
"lochwoodwall","0.0000"
"melvillewall","0.0000"
"nepalwall","0.0000"
"rotairewall","0.0000"
"milanowall","0.0000"
"far245808","0.0000"
"far245809","0.0000"
"far245813","0.0000"
"far245819","0.0000"
"hun19048","0.0000"
"hun19049","0.0000"
"hun19066","0.0000"
"hun19442","0.0000"
"hun19444","0.0000"
"hun19521","0.0000"
"hun19527","0.0000"
"hun19574","0.0000"
"hun19575","0.0000"
"hun19646","0.0000"
"hun19647","0.0000"
"hun19654","0.0000"
"hun19656","0.0000"
"hun19739","0.0000"
"hun19741","0.0000"
"hun19754","0.0000"
"hun19755","0.0000"
"hun19763","0.0000"
"hun19764","0.0000"
"hun19928","0.0000"
"hun19932","0.0000"
"far245955","0.0000"
"far245958","0.0000"
"far245959","0.0000"
"far245962","0.0000"
"far245963","0.0000"
"far245970","0.0000"
"far245974","0.0000"
"farw246003","0.0000"
"farw246007","0.0000"
"farw246008","0.0000"
"farw246016","0.0000"
"far246027","0.0000"
"far246030","0.0000"
"far246031","0.0000"
"far246048","0.0000"
"far221771","0.0000"
"far246104","0.0000"
"chutependant","0.0000"
"copenhagenwall","0.0000"
"synergywall","0.0000"
"crystal8628","0.0000"
"crystal8633","0.0000"
"crystal8640","0.0000"
"crystal8647","0.0000"
"crystal8653","0.0000"
"crystal8660","0.0000"
"crystal8683","0.0000"
"crystal8684","0.0000"
"crystal8686","0.0000"
"crystal8691","0.0000"
"crystal8698","0.0000"
"crystal8700","0.0000"
"crystal8701","0.0000"
"crystal8702","0.0000"
"crystal8704","0.0000"
"crystal8707","0.0000"
"crystal8708","0.0000"
"crystal8710","0.0000"
"crystal8712","0.0000"
"crystal8731","0.0000"
"crystal8749","0.0000"
"crystal8754","0.0000"
"crystal8759","0.0000"
"crystal8762","0.0000"
"crystal8765","0.0000"
"crystal8767","0.0000"
"crystal8769","0.0000"
"crystal8788","0.0000"
"crystal8789","0.0000"
"crystal8801","0.0000"
"crystal8811","0.0000"
"crystal8818","0.0000"
"crystal8823","0.0000"
"crystal8839","0.0000"
"crystal8848","0.0000"
"crystal8851","0.0000"
"crystal8852","0.0000"
"crystal8854","0.0000"
"crystal8860","0.0000"
"crystal8863","0.0000"
"crystal8888","0.0000"
"crystal8891","0.0000"
"crystal8909","0.0000"
"crystal8911","0.0000"
"crystal8915","0.0000"
"crystal8934","0.0000"
"crystal8939","0.0000"
"crystal8941","0.0000"
"crystal8950","0.0000"
"crystal8964","0.0000"
"crystal8965","0.0000"
"crystal8966","0.0000"
"crystal8968","0.0000"
"crystal8972","0.0000"
"crystal8983","0.0000"
"crystal8991","0.0000"
"crystal9006","0.0000"
"crystal9008","0.0000"
"crystal9020","0.0000"
"crystal9022","0.0000"
"crystal9031","0.0000"
"crystal9041","0.0000"
"crystal9042","0.0000"
"crystal9050","0.0000"
"crystal9063","0.0000"
"crystal9071","0.0000"
"crystal9073","0.0000"
"crystal9074","0.0000"
"crystal9076","0.0000"
"crystal9080","0.0000"
"crystal9082","0.0000"
"crystal9083","0.0000"
"crystal9086","0.0000"
"crystal9091","0.0000"
"crystal9095","0.0000"
"crystal9103","0.0000"
"crystal9133","0.0000"
"crystal9139","0.0000"
"crystal9140","0.0000"
"crystal9160","0.0000"
"crystal9179","0.0000"
"crystal9184","0.0000"
"crystal9185","0.0000"
"crystal9186","0.0000"
"crystal9199","0.0000"
"crystal9213","0.0000"
"crystal9219","0.0000"
"crystal9221","0.0000"
"apollobath","0.0000"
"apollochandelier","0.0000"
"apollopendant","0.0000"
"apollosconce","0.0000"
"apollosemi","0.0000"
"apollotable","0.0000"
"atlasbath","0.0000"
"atlaschandelier","0.0000"
"atlaslinear","0.0000"
"atlaspendant","0.0000"
"atlassconce","0.0000"
"belmontbath","0.0000"
"belmontchandelier","0.0000"
"belmontlinear","0.0000"
"belmontsconce","0.0000"
"blacksmithbath","0.0000"
"blacksmithchandelier","0.0000"
"blacksmithlinear","0.0000"
"blacksmithpendant","0.0000"
"blacksmithsemi","0.0000"
"bowbath","0.0000"
"bowchandelier","0.0000"
"bowlinear","0.0000"
"bowpendant","0.0000"
"cadinachandelier","0.0000"
"cadinapendant","0.0000"
"cadinasemi","0.0000"
"cadinawall","0.0000"
"capribath","0.0000"
"tolteccaprichandelier","0.0000"
"capripendant","0.0000"
"caprisconce","0.0000"
"caprisemi","0.0000"
"carinapendant","0.0000"
"contempopendant","0.0000"
"corbellobath","0.0000"
"corbellochandelier","0.0000"
"corbellolinear","0.0000"
"corbellopendant","0.0000"
"corbellowall","0.0000"
"cordovapendant","0.0000"
"curlchandelier","0.0000"
"curlpendant","0.0000"
"eastonbath","0.0000"
"tolteceastonchandelier","0.0000"
"eastonpendant","0.0000"
"eastonsconce","0.0000"
"eastonsemi","0.0000"
"edgebath","0.0000"
"edgechandelier","0.0000"
"edgelinear","0.0000"
"edgependant","0.0000"
"edgesconce","0.0000"
"edgesemi","0.0000"
"edgewall","0.0000"
"elegantebath","0.0000"
"elegantechandelier","0.0000"
"elegantelinear","0.0000"
"elegantependant","0.0000"
"elegantesconce","0.0000"
"elegantetable","0.0000"
"empirependant","0.0000"
"tolteceuropapendant","0.0000"
"infinitypendant","0.0000"
"jazzpendant","0.0000"
"junopendant","0.0000"
"kimbropendant","0.0000"
"leafsconce","0.0000"
"leaftable","0.0000"
"lunatable","0.0000"
"malenapendant","0.0000"
"marquisebath","0.0000"
"marquisechandelier","0.0000"
"marquiselinear","0.0000"
"marquisependant","0.0000"
"marquisesconce","0.0000"
"marquisesemi","0.0000"
"marquisetable","0.0000"
"meridianbath","0.0000"
"meridianchandelier","0.0000"
"meridianlinear","0.0000"
"meridianpendant","0.0000"
"meridiansconce","0.0000"
"meridiansemi","0.0000"
"toltecneopendant","0.0000"
"neowall","0.0000"
"nouvellebath","0.0000"
"nouvellechandelier","0.0000"
"nouvelleflushmounts","0.0000"
"nouvellelinear","0.0000"
"nouvellependant","0.0000"
"nouvellesconce","0.0000"
"odysseybath","0.0000"
"odysseylinear","0.0000"
"odysseypendant","0.0000"
"odysseysconce","0.0000"
"odysseysemi","0.0000"
"oldeirontable","0.0000"
"oxfordlinear","0.0000"
"palisadependant","0.0000"
"paramountbath","0.0000"
"paramountchandelier","0.0000"
"paramountpendant","0.0000"
"paramountsconce","0.0000"
"paramountsemi","0.0000"
"plexuspendant","0.0000"
"plexuswall","0.0000"
"portlandbath","0.0000"
"portlandchandelier","0.0000"
"portlandlinear","0.0000"
"revochandelier","0.0000"
"revolinear","0.0000"
"revopendant","0.0000"
"revosconce","0.0000"
"revosemi","0.0000"
"revotable","0.0000"
"ridgemontlinear","0.0000"
"rocklinpendant","0.0000"
"salindabath","0.0000"
"salindachandelier","0.0000"
"salindalinear","0.0000"
"salindapendant","0.0000"
"salindasconce","0.0000"
"scrolllinear","0.0000"
"skyloftbath","0.0000"
"skyloftchandelier","0.0000"
"skylofttable","0.0000"
"sonorachandelier","0.0000"
"sonorapendant","0.0000"
"sonorawall","0.0000"
"swanbath","0.0000"
"swantable","0.0000"
"swoopchandelier","0.0000"
"tacomabath","0.0000"
"tacomalinear","0.0000"
"tacomasconce","0.0000"
"tangentlinear","0.0000"
"tol10pendant","0.0000"
"tol12pendant","0.0000"
"tol12semi","0.0000"
"tol13pendant","0.0000"
"tol22pendant","0.0000"
"tol23par","0.0000"
"tol23pendant","0.0000"
"tol25linear","0.0000"
"tol26par","0.0000"
"tol26pendant","0.0000"
"tol36linear","0.0000"
"tol40linear","0.0000"
"tol40wall","0.0000"
"tol48linear","0.0000"
"tol80linear","0.0000"
"trinitybath","0.0000"
"trinitychandelier","0.0000"
"toltectrinitysemi","0.0000"
"trinitywall","0.0000"
"uptownebath","0.0000"
"uptownechandelier","0.0000"
"uptownependant","0.0000"
"uptownesconce","0.0000"
"uptownesemi","0.0000"
"vintagebath","0.0000"
"vintagechandelier","0.0000"
"vintagelinear","0.0000"
"vintagependant","0.0000"
"vintagesconce","0.0000"
"vintagesemi","0.0000"
"vintagewall","0.0000"
"zilobath","0.0000"
"zilochandelier","0.0000"
"zilopendant","0.0000"
"zilosconce","0.0000"
"zilosemi","0.0000"
"zolapendant","0.0000"
"far246126","0.0000"
"far246131","0.0000"
"far246135","0.0000"
"far246162","0.0000"
"far246179","0.0000"
"far246187","0.0000"
"far246193","0.0000"
"far246195","0.0000"
"far246198","0.0000"
"far246207","0.0000"
"far246208","0.0000"
"far246244","0.0000"
"far246251","0.0000"
"far246264","0.0000"
"far246267","0.0000"
"far246269","0.0000"
"far246270","0.0000"
"far246271","0.0000"
"far246272","0.0000"
"far246285","0.0000"
"far246289","0.0000"
"far246290","0.0000"
"far246299","0.0000"
"far246327","0.0000"
"far246337","0.0000"
"far246349","0.0000"
"far246364","0.0000"
"far246373","0.0000"
"far246385","0.0000"
"far246399","0.0000"
"far246418","0.0000"
"far246426","0.0000"
"far246427","0.0000"
"far246428","0.0000"
"far246476","0.0000"
"far246495","0.0000"
"far246502","0.0000"
"far246510","0.0000"
"far246514","0.0000"
"far246518","0.0000"
"far246519","0.0000"
"far246520","0.0000"
"far246521","0.0000"
"far246530","0.0000"
"far246543","0.0000"
"far246550","0.0000"
"far246562","0.0000"
"far246605","0.0000"
"far246652","0.0000"
"far246668","0.0000"
"far246676","0.0000"
"far246685","0.0000"
"far246697","0.0000"
"far246746","0.0000"
"far246751","0.0000"
"far246772","0.0000"
"far246774","0.0000"
"far246782","0.0000"
"far246785","0.0000"
"far246786","0.0000"
"far246788","0.0000"
"far246808","0.0000"
"far246815","0.0000"
"far246817","0.0000"
"far246820","0.0000"
"far246821","0.0000"
"far246822","0.0000"
"far246840","0.0000"
"far246843","0.0000"
"far246850","0.0000"
"far246854","0.0000"
"far246857","0.0000"
"far246877","0.0000"
"far246883","0.0000"
"far246884","0.0000"
"far246889","0.0000"
"far246898","0.0000"
"far246900","0.0000"
"far246901","0.0000"
"far246902","0.0000"
"aenonflush","0.0000"
"arubasconce","0.0000"
"astraflush","0.0000"
"avonpendant","0.0000"
"avonsconce","0.0000"
"axelsemiflush","0.0000"
"bartlettflush","0.0000"
"bartlettsconce","0.0000"
"carverbath","0.0000"
"carverflush","0.0000"
"cassiopendant","0.0000"
"duncanbath","0.0000"
"edinburghchandelier","0.0000"
"ermachandelier","0.0000"
"everlychandelier","0.0000"
"everlysemiflush","0.0000"
"fisherbath","0.0000"
"florencependant","0.0000"
"floripendant","0.0000"
"gabiflush","0.0000"
"haidenpendant","0.0000"
"hathawaypendant","0.0000"
"heartwoodchandelier","0.0000"
"hinessemiflush","0.0000"
"hinespendant","0.0000"
"ingallssemiflush","0.0000"
"ingallspendant","0.0000"
"journeysconce","0.0000"
"keatingflush","0.0000"
"keatingpendant","0.0000"
"kieranflush","0.0000"
"kinsleybath","0.0000"
"kinsleyflush","0.0000"
"landonsconce","0.0000"
"maltapendant","0.0000"
"manhattanpendant","0.0000"
"marcoflush","0.0000"
"marcopendant","0.0000"
"mirabellasconce","0.0000"
"multifamilyflush","0.0000"
"multifamilysconce","0.0000"
"nashsemiflush","0.0000"
"olympiapendant","0.0000"
"olympiasconce","0.0000"
"orwellbath","0.0000"
"orwellflush","0.0000"
"orwelllinear","0.0000"
"paytonpendant","0.0000"
"powellpendant","0.0000"
"qijinpendant","0.0000"
"reevabath","0.0000"
"reevasemiflush","0.0000"
"reevasconce","0.0000"
"remyflush","0.0000"
"roxiesemiflush","0.0000"
"roxiesconce","0.0000"
"ruependant","0.0000"
"ryleighsconce","0.0000"
"smythchandelier","0.0000"
"smythflush","0.0000"
"smythpendant","0.0000"
"smythsconce","0.0000"
"stokeschandelier","0.0000"
"torbellinopendant","0.0000"
"tribecaflush","0.0000"
"tribecasconce","0.0000"
"vaughnpendant","0.0000"
"wessonflush","0.0000"
"windlettsemiflush","0.0000"
"winslettchandelier","0.0000"
"winslettsconce","0.0000"
"meridianflush","0.0000"
"livexmeridianlinear","0.0000"
"livexmeridianpendant","0.0000"
"livexmeridiansemi","0.0000"
"meridianwall","0.0000"
"far101440","0.0000"
"aberdeenpendant","0.0000"
"acanthuschandelier","0.0000"
"acanthuspendant","0.0000"
"acanthussemi","0.0000"
"acrachandelier","0.0000"
"acradoublewall","0.0000"
"acralinear","0.0000"
"acrapendant","0.0000"
"acrawall","0.0000"
"aerobath","0.0000"
"aerodoublebath","0.0000"
"aerosinglewall","0.0000"
"aerowall","0.0000"
"aldrichchandelier","0.0000"
"aldrichpendant","0.0000"
"aldrichsemi","0.0000"
"alessiachandelier","0.0000"
"alexischandelier","0.0000"
"alexisflush","0.0000"
"alexiswall","0.0000"
"allendaleflush","0.0000"
"allendalependant","0.0000"
"allendalewall","0.0000"
"amadorpendant","0.0000"
"amadorsemi","0.0000"
"amadorwall","0.0000"
"amsterdampendant","0.0000"
"andespendant","0.0000"
"arabellachandelier","0.0000"
"arabesqueflush","0.0000"
"arabesquependant","0.0000"
"arabesquesemi","0.0000"
"arabesquewall","0.0000"
"aragonbath","0.0000"
"aragonflush","0.0000"
"aragonlinear","0.0000"
"aragonpendant","0.0000"
"aragonwall","0.0000"
"archerchandelier","0.0000"
"ardmorelinear","0.0000"
"ardmorependant","0.0000"
"ardmorewall","0.0000"
"ariachandelier","0.0000"
"arlingtonpendant","0.0000"
"ashcroftchandelier","0.0000"
"ashlandpendant","0.0000"
"ashtonbath","0.0000"
"ashtonchandelier","0.0000"
"ashtonflush","0.0000"
"astoriachandelier","0.0000"
"averypendant","0.0000"
"avondalependant","0.0000"
"avondalesemi","0.0000"
"bainbridgependant","0.0000"
"bainbridgesemi","0.0000"
"banburypendant","0.0000"
"bancabath","0.0000"
"bancawall","0.0000"
"bannisterchandelier","0.0000"
"bannisterlinear","0.0000"
"bannisterpendant","0.0000"
"bannisterwall","0.0000"
"barcelonachandelier","0.0000"
"barichandelier","0.0000"
"barrettwall","0.0000"
"beckettbath","0.0000"
"beckettchandelier","0.0000"
"beckettlinear","0.0000"
"beckettpendant","0.0000"
"beckettwall","0.0000"
"belclairechandelier","0.0000"
"belclaireflush","0.0000"
"bellavistachandelier","0.0000"
"bellavistaflush","0.0000"
"bellavistawall","0.0000"
"benningtonchandelier","0.0000"
"benningtonlinear","0.0000"
"benningtonwall","0.0000"
"berkeleywall","0.0000"
"birminghambath","0.0000"
"blairwoodpendant","0.0000"
"blairwoodwall","0.0000"
"bleeckerpost","0.0000"
"bleeckerwall","0.0000"
"blossomchandelier","0.0000"
"blossompendant","0.0000"
"blossomsemi","0.0000"
"bondwall","0.0000"
"braddockchandelier","0.0000"
"braddockwall","0.0000"
"bromleyflush","0.0000"
"brookdalechandelier","0.0000"
"brookdalependant","0.0000"
"brookdalesemi","0.0000"
"brooklynchandelier","0.0000"
"brooksidebath","0.0000"
"brooksidechandelier","0.0000"
"brooksidependant","0.0000"
"buckinghammedallion","0.0000"
"calindabath","0.0000"
"calindachandelier","0.0000"
"calindalinear","0.0000"
"calindapendant","0.0000"
"calindasemi","0.0000"
"calindawall","0.0000"
"capemaychandelier","0.0000"
"capistranochandelier","0.0000"
"capistranolinear","0.0000"
"carlisleflush","0.0000"
"carlislelinear","0.0000"
"carlislependant","0.0000"
"carsonbath","0.0000"
"carsonflush","0.0000"
"carsonlinear","0.0000"
"cartwrightpendant","0.0000"
"cassandraflush","0.0000"
"cassandrapendant","0.0000"
"cassandrasemi","0.0000"
"castletonwall","0.0000"
"cataniapendant","0.0000"
"cataniasemi","0.0000"
"caterinachandelier","0.0000"
"chantilypendant","0.0000"
"charltonpendant","0.0000"
"charltonsemi","0.0000"
"chelseachandelier","0.0000"
"chelseaflush","0.0000"
"chelseasemi","0.0000"
"chesterfieldchandelier","0.0000"
"circulochandelier","0.0000"
"circuloflush","0.0000"
"circulopendant","0.0000"
"cityviewbath","0.0000"
"cityviewflush","0.0000"
"cityviewlinear","0.0000"
"cityviewpendant","0.0000"
"clairmontchandelier","0.0000"
"claremontflush","0.0000"
"claremontwall","0.0000"
"clarionbath","0.0000"
"clarionlinear","0.0000"
"clarionwall","0.0000"
"clarkchandelier","0.0000"
"clarkflush","0.0000"
"clarkwall","0.0000"
"copenhagenbath","0.0000"
"copenhagenchandelier","0.0000"
"copenhagenflush","0.0000"
"copenhagenlinearcandle","0.0000"
"copenhagenlinearmedium","0.0000"
"copenhagenwallcandle","0.0000"
"copenhagenwallmedium","0.0000"
"coronadoflush","0.0000"
"coronadolinear","0.0000"
"cortlandtchandelier","0.0000"
"cranfordchandelier","0.0000"
"cresthavenchandelier","0.0000"
"dakotachandelier","0.0000"
"dakotasemi","0.0000"
"delanceypost","0.0000"
"delanceywall","0.0000"
"denmarkbath","0.0000"
"denmarkchandelier","0.0000"
"denmarkwall","0.0000"
"derbywall","0.0000"
"devoependant","0.0000"
"devonechandelier","0.0000"
"devonelinear","0.0000"
"devonesemi","0.0000"
"donatellachandelier","0.0000"
"downtownbath","0.0000"
"downtownlinear","0.0000"
"downtownpendant","0.0000"
"downtownsemi","0.0000"
"downtownwall","0.0000"
"dublinpendant","0.0000"
"dulcependant","0.0000"
"duvalbath","0.0000"
"elizabethchandelier","0.0000"
"elizabethflush","0.0000"
"elizabethpendant","0.0000"
"ellsworthsemi","0.0000"
"elmhurstpendant","0.0000"
"elmhurstsemi","0.0000"
"estatechandelier","0.0000"
"estatewall","0.0000"
"exeterpendant","0.0000"
"exeterpost","0.0000"
"exeterwall","0.0000"
"franklinpost","0.0000"
"franklinwall","0.0000"
"frenchregencybath","0.0000"
"frontenacpost","0.0000"
"frontenacwall","0.0000"
"fultonbath","0.0000"
"fultonwall","0.0000"
"genevasemi","0.0000"
"geometricflush","0.0000"
"geometricpendant","0.0000"
"geometricshadependant","0.0000"
"geometrixflush","0.0000"
"geometrixpendant","0.0000"
"georgetownwall","0.0000"
"gilmoresemi","0.0000"
"glenbrookpendant","0.0000"
"glendalechandelier","0.0000"
"greenwichchandelier","0.0000"
"greenwichflush","0.0000"
"greenwichpost","0.0000"
"greenwichwall","0.0000"
"hamiltonpendant","0.0000"
"hamiltonpost","0.0000"
"hamiltonwall","0.0000"
"harborwall","0.0000"
"hardingbath","0.0000"
"hardingchandelier","0.0000"
"hardinglinear","0.0000"
"harringtonchandelier","0.0000"
"hathawaywall","0.0000"
"hayworthlinear","0.0000"
"hayworthwall","0.0000"
"helsinkibath","0.0000"
"helsinkichandelier","0.0000"
"helsinkilinear","0.0000"
"helsinkiwall","0.0000"
"heritagechandelier","0.0000"
"heritagewall","0.0000"
"hillcrestbath","0.0000"
"hillcrestchandelier","0.0000"
"hillcrestflush","0.0000"
"hillcrestlinear","0.0000"
"hillcrestpendant","0.0000"
"hillcrestpost","0.0000"
"hillcrestwall","0.0000"
"hillviewflush","0.0000"
"homebasicschandelier","0.0000"
"huntingtonchandelier","0.0000"
"huntingtonsemi","0.0000"
"industrobath","0.0000"
"industrochandelier","0.0000"
"industropendant","0.0000"
"industrosemi","0.0000"
"industrowall","0.0000"
"isabellachandelier","0.0000"
"jeffersonpendant","0.0000"
"kalmarchandelier","0.0000"
"karlstadchandelier","0.0000"
"karlstadwall","0.0000"
"katarinachandelier","0.0000"
"kimballbath","0.0000"
"knoxpendant","0.0000"
"lafayettepost","0.0000"
"lafayettewall","0.0000"
"landsdalewall","0.0000"
"lansdalebath","0.0000"
"lansdaleflush","0.0000"
"lansdalelinear","0.0000"
"lansdalependant","0.0000"
"lansdalewall","0.0000"
"lawrencevillebath","0.0000"
"lawrencevillechandelier","0.0000"
"lawrencevilleflush","0.0000"
"lawrencevillewall","0.0000"
"lexfordwall","0.0000"
"lexingtonflush","0.0000"
"lexingtonpendant","0.0000"
"lexingtonpost","0.0000"
"lexingtonwall","0.0000"
"lindalebath","0.0000"
"lindalewall","0.0000"
"linzpendant","0.0000"
"lisbonchandelier","0.0000"
"livexedinburghchandelier","0.0000"
"livexelizabethwall","0.0000"
"livexfrontenacpendant","0.0000"
"livexgreenwichpendant","0.0000"
"livexlansdalechandelier","0.0000"
"livexlundwall","0.0000"
"livexmeridianchandelier","0.0000"
"livexmilfordpendant","0.0000"
"livexmonroechandelier","0.0000"
"livexoxfordpendant","0.0000"
"livexsomersetpendant","0.0000"
"livextribecaflush","0.0000"
"livexvalenciachandelier","0.0000"
"livexwillowbath","0.0000"
"livexzurichbath","0.0000"
"livexzurichpendant","0.0000"
"lucernechandelier","0.0000"
"ludlowwall","0.0000"
"lundbath","0.0000"
"lynxwall","0.0000"
"madisonchandelier","0.0000"
"malmowall","0.0000"
"manhattanbath","0.0000"
"manhattanchandelier","0.0000"
"mansfieldpendant","0.0000"
"mansfieldpost","0.0000"
"mansfieldwall","0.0000"
"meadowbrookpendant","0.0000"
"meadowpendant","0.0000"
"meadowsemi","0.0000"
"meadowwall","0.0000"
"mendhamwall","0.0000"
"metalshadependant","0.0000"
"middlebushbath","0.0000"
"middlebushchandelier","0.0000"
"middlebushwall","0.0000"
"milaniachandelier","0.0000"
"milfordflush","0.0000"
"millburnmanorchandelier","0.0000"
"missionbath","0.0000"
"missionflush","0.0000"
"missionwall","0.0000"
"modestochandelier","0.0000"
"modestopendant","0.0000"
"modestowall","0.0000"
"monacochandelier","0.0000"
"monacowall","0.0000"
"montclairmissionflush","0.0000"
"montclairmissionpost","0.0000"
"montclairmissionwall","0.0000"
"montgomerybath","0.0000"
"montgomerychandelier","0.0000"
"montgomeryflush","0.0000"
"montgomerylinear","0.0000"
"montgomerysemi","0.0000"
"morelandbath","0.0000"
"morelandlinear","0.0000"
"morelandpendant","0.0000"
"morelandsemi","0.0000"
"morelandwall","0.0000"
"munichbath","0.0000"
"munichflush","0.0000"
"munichlinear","0.0000"
"munichpendant","0.0000"
"munichwall","0.0000"
"neptunebath","0.0000"
"newburghpendant","0.0000"
"newburghsemi","0.0000"
"newburyportpendant","0.0000"
"newburyportpost","0.0000"
"newburyportwall","0.0000"
"newcastlechandelier","0.0000"
"newcastlewall","0.0000"
"noriabath","0.0000"
"noriachandelier","0.0000"
"noriapendant","0.0000"
"noriasemi","0.0000"
"noriawall","0.0000"
"northportchandelier","0.0000"
"norwichchandelier","0.0000"
"norwichflush","0.0000"
"norwichwall","0.0000"
"nottinghampendant","0.0000"
"nottinghampost","0.0000"
"nottinghamwall","0.0000"
"novatochandelier","0.0000"
"novatolinear","0.0000"
"novatowall","0.0000"
"nyackflush","0.0000"
"nyackpendant","0.0000"
"nyackpost","0.0000"
"nyackwall","0.0000"
"oakhurstpendant","0.0000"
"oasisflush","0.0000"
"oasiswall","0.0000"
"oldwickbath","0.0000"
"orenburgchandelier","0.0000"
"orenburgsemi","0.0000"
"oslopendant","0.0000"
"oslopost","0.0000"
"oslowall","0.0000"
"oxfordpost","0.0000"
"oxfordwall","0.0000"
"palmachandelier","0.0000"
"palmasemi","0.0000"
"parkridgechandelier","0.0000"
"parkridgeflush","0.0000"
"parkridgesemi","0.0000"
"pendantspendant","0.0000"
"piedmontpendant","0.0000"
"piedmontsemi","0.0000"
"piedmontwall","0.0000"
"piersonwall","0.0000"
"pinnaclependant","0.0000"
"praguechandelier","0.0000"
"praguependant","0.0000"
"praguewall","0.0000"
"pratochandelier","0.0000"
"pratopendant","0.0000"
"princetonpost","0.0000"
"prismchandelier","0.0000"
"prismsemi","0.0000"
"ravenabath","0.0000"
"ravenalinear","0.0000"
"ravenapendant","0.0000"
"ravenawall","0.0000"
"ridgecrestchandelier","0.0000"
"ridgecrestpendant","0.0000"
"ridgedalebath","0.0000"
"ridgedalechandelier","0.0000"
"ridgedalewall","0.0000"
"rivierabath","0.0000"
"rubixchandelier","0.0000"
"schofieldflush","0.0000"
"schofieldlinear","0.0000"
"schofieldwall","0.0000"
"sentosapendant","0.0000"
"sevillebath","0.0000"
"sevillechandelier","0.0000"
"sevillependant","0.0000"
"sevillewall","0.0000"
"sheridanpendant","0.0000"
"sheridanpost","0.0000"
"sheridanwall","0.0000"
"sohochandelier","0.0000"
"soholinear","0.0000"
"sohowall","0.0000"
"solnabath","0.0000"
"solnachandelier","0.0000"
"solnaflush","0.0000"
"solnalinear","0.0000"
"solnapendant","0.0000"
"solnawall","0.0000"
"solsticechandelier","0.0000"
"solsticesemi","0.0000"
"somabath","0.0000"
"somalinear","0.0000"
"somapendant","0.0000"
"somawall","0.0000"
"somersetbath","0.0000"
"somersetchandelier","0.0000"
"somersetflush","0.0000"
"somersetlinear","0.0000"
"staffordchandelier","0.0000"
"stockholmpendant","0.0000"
"stocktonpendant","0.0000"
"stocktonsemi","0.0000"
"stocktonwall","0.0000"
"stoneridgechandelier","0.0000"
"stoneridgependant","0.0000"
"strathmorechandelier","0.0000"
"summitlinear","0.0000"
"sutterbath","0.0000"
"tribecachandelier","0.0000"
"uptownchandelier","0.0000"
"uptownflush","0.0000"
"utopiachandelier","0.0000"
"utopiaflush","0.0000"
"utopiapendant","0.0000"
"utrechtpost","0.0000"
"utrechtwall","0.0000"
"valentinachandelier","0.0000"
"varickchandelier","0.0000"
"varicklinear","0.0000"
"varickpendant","0.0000"
"varickwall","0.0000"
"venlopendant","0.0000"
"venlosemi","0.0000"
"versaillesmedallion","0.0000"
"villaveronabath","0.0000"
"villaveronachandelier","0.0000"
"villaveronaflush","0.0000"
"villaveronapendant","0.0000"
"villaveronawall","0.0000"
"visbybath","0.0000"
"visbywall","0.0000"
"waldorfpendant","0.0000"
"wentworthpendant","0.0000"
"wentworthpost","0.0000"
"wentworthwall","0.0000"
"wesleysemi","0.0000"
"westfieldflush","0.0000"
"westonchandelier","0.0000"
"westoverpost","0.0000"
"westoverwall","0.0000"
"williamsburgchandelier","0.0000"
"williamsburghchandelier","0.0000"
"williamsburgwall","0.0000"
"willowchandelier","0.0000"
"willowflush","0.0000"
"willowlinear","0.0000"
"willowpendant","0.0000"
"willowwall","0.0000"
"winchesterchandelier","0.0000"
"winchestersemi","0.0000"
"windsorchandelier","0.0000"
"winfieldwall","0.0000"
"wingatemedallion","0.0000"
"wisteriachandelier","0.0000"
"wynnewoodflush","0.0000"
"wynnewoodwall","0.0000"
"yorkpost","0.0000"
"yorkwall","0.0000"
"zurichchandelier","0.0000"
"zurichflush","0.0000"
"zurichwall","0.0000"
"botanicachandelier","0.0000"
"cosettependant","0.0000"
"cosettesconce","0.0000"
"elisependant","0.0000"
"elisesemi","0.0000"
"gemmasemi","0.0000"
"middlefieldchandelier","0.0000"
"middlefieldpendant","0.0000"
"nalachandelier","0.0000"
"nalapendant","0.0000"
"raelinear","0.0000"
"raependant","0.0000"
"styxpendant","0.0000"
"alexsconce","0.0000"
"bankssconce","0.0000"
"cirquechandelier","0.0000"
"frankiependant","0.0000"
"hughsconce","0.0000"
"huxsconce","0.0000"
"juniperbath","0.0000"
"klinebath","0.0000"
"klinechandelier","0.0000"
"klinesconce","0.0000"
"lanependant","0.0000"
"lazlochandelier","0.0000"
"liviependant","0.0000"
"loupendant","0.0000"
"milliechandelier","0.0000"
"millielinear","0.0000"
"milliependant","0.0000"
"milliesconce","0.0000"
"mobysconce","0.0000"
"percybath","0.0000"
"rumipendant","0.0000"
"sheabath","0.0000"
"simonpendant","0.0000"
"simonsconce","0.0000"
"toripendant","0.0000"
"aleciasnecklacependant","0.0000"
"alluriachandelier","0.0000"
"alluriaiibath","0.0000"
"alluriapendant","0.0000"
"anglesconce","0.0000"
"astorchandelier","0.0000"
"beammeupflush","0.0000"
"bezelsetflush","0.0000"
"boringsconce","0.0000"
"bubblependant","0.0000"
"conicchandelier","0.0000"
"convexbath","0.0000"
"cubismbath","0.0000"
"curiobath","0.0000"
"diamondsbath","0.0000"
"discoverypendant","0.0000"
"dotspendant","0.0000"
"doubletakependant","0.0000"
"flipoutsconce","0.0000"
"foresticebath","0.0000"
"foresticeiibath","0.0000"
"frameworksconce","0.0000"
"georgesreadingfloor","0.0000"
"georgesreadingsconce","0.0000"
"georgesreadingtable","0.0000"
"gklightrailtracklights","0.0000"
"goldeneclipsependant","0.0000"
"gramecypendant","0.0000"
"grid3chandelier","0.0000"
"grid3pendant","0.0000"
"gridpendant","0.0000"
"gridsemis","0.0000"
"groovinsconce","0.0000"
"heraldsquarebath","0.0000"
"innercirclesconce","0.0000"
"insertsconce","0.0000"
"jewelboxbath","0.0000"
"kettleuppendant","0.0000"
"liftoffbath","0.0000"
"livewirebath","0.0000"
"majorbath","0.0000"
"masstransitchandelier","0.0000"
"missinglinkbath","0.0000"
"missinglinkpendant","0.0000"
"modernicebath","0.0000"
"nexpochandelier","0.0000"
"nexpolinearlighting","0.0000"
"nexpopendant","0.0000"
"nexposemis","0.0000"
"nightmovespendant","0.0000"
"openingactbath","0.0000"
"outerlimitschandelier","0.0000"
"outlinesconce","0.0000"
"patchworkpendant","0.0000"
"planebath","0.0000"
"polareschandelier","0.0000"
"pontilsconce","0.0000"
"portablestable","0.0000"
"recoverypendant","0.0000"
"recoveryxpendant","0.0000"
"georgekovacsrevolvesconce","0.0000"
"sabersconce","0.0000"
"saveyourmarriagesconce","0.0000"
"scalechandelier","0.0000"
"sidestepchandelier","0.0000"
"siratosconce","0.0000"
"sneerpendant","0.0000"
"softpendant","0.0000"
"softtorchieres","0.0000"
"spikedflush","0.0000"
"suspendedpendant","0.0000"
"swingtimependant","0.0000"
"tautenflush","0.0000"
"tubebath","0.0000"
"tubeledsconce","0.0000"
"tubesconce","0.0000"
"turbinechandelier","0.0000"
"wedgesconce","0.0000"
"wildgemsbath","0.0000"
"far247405","0.0000"
"far247417","0.0000"
"far500646","0.0000"
"far500651","0.0000"
"far500652","0.0000"
"far500653","0.0000"
"far500654","0.0000"
"far500655","0.0000"
"far500656","0.0000"
"far500657","0.0000"
"far500658","0.0000"
"far500659","0.0000"
"far247595","0.0000"
"far247598","0.0000"
"far247613","0.0000"
"far247626","0.0000"
"far500661","0.0000"
"abbotswellpendant","0.0000"
"aberdeenchandelier","0.0000"
"aivianchandelier","0.0000"
"aivianlinear","0.0000"
"aivianpendant","0.0000"
"alkiresemiflush","0.0000"
"alscarchandelier","0.0000"
"altonbath","0.0000"
"altonchandelier","0.0000"
"altonsconce","0.0000"
"ammirasbath","0.0000"
"annettependant","0.0000"
"elanarabellachandelier","0.0000"
"armandchandelier","0.0000"
"armandlinear","0.0000"
"armandpendant","0.0000"
"arvochandelier","0.0000"
"ashlandbayflush","0.0000"
"astalissconce","0.0000"
"axispendant","0.0000"
"aysependant","0.0000"
"azoresbath","0.0000"
"bailechandelier","0.0000"
"bailependant","0.0000"
"bailesconce","0.0000"
"balandchandelier","0.0000"
"balandpendant","0.0000"
"barrasoutdoorpost","0.0000"
"barriesconce","0.0000"
"baylinpendant","0.0000"
"birkleighpendant","0.0000"
"birkleighsemiflush","0.0000"
"bonhamchandelier","0.0000"
"kichlerbotanicachandelier","0.0000"
"brettinbath","0.0000"
"brettobath","0.0000"
"briannebath","0.0000"
"briannesconce","0.0000"
"brinleybath","0.0000"
"calterslinear","0.0000"
"calterspendant","0.0000"
"camillopendant","0.0000"
"camillosconce","0.0000"
"capannaoutdoor","0.0000"
"capannasconce","0.0000"
"capitolhillchandelier","0.0000"
"capitolhillsconce","0.0000"
"caputosemiflush","0.0000"
"cavellifandelier","0.0000"
"ceilingspaceflushmount","0.0000"
"chennailedmirrors","0.0000"
"chesapeakesconce","0.0000"
"cionabath","0.0000"
"cionasconce","0.0000"
"ciripendant","0.0000"
"clevopendant","0.0000"
"clevosemiflush","0.0000"
"clydebath","0.0000"
"clydesconce","0.0000"
"cosabellabath","0.0000"
"cosabellasconce","0.0000"
"cotswoldoutdoor","0.0000"
"crosscreekoutdoor","0.0000"
"crushedicebath","0.0000"
"crystalmoonflush","0.0000"
"crystalmoonpendant","0.0000"
"damependant","0.0000"
"darskipendant","0.0000"
"delainebath","0.0000"
"delisonsconce","0.0000"
"delseylinear","0.0000"
"delseypendant","0.0000"
"elandestinychandelier","0.0000"
"dombardsemiflush","0.0000"
"doverbath","0.0000"
"doversconce","0.0000"
"downtowndecochandelier","0.0000"
"eastmontchandelier","0.0000"
"eastmontlinear","0.0000"
"eastmontpendant","0.0000"
"eclipseoutdoor","0.0000"
"eileenbath","0.0000"
"emmalachandelier","0.0000"
"ermabath","0.0000"
"kichlerermachandelier","0.0000"
"ermapendant","0.0000"
"ermasconce","0.0000"
"everestchandelier","0.0000"
"everestpendant","0.0000"
"everettbath","0.0000"
"everettchandelier","0.0000"
"everettlinear","0.0000"
"everettsconce","0.0000"
"kichlereviependant","0.0000"
"eyriefandelier","0.0000"
"fairfieldoutdoor","0.0000"
"fairfieldsconce","0.0000"
"firapendant","0.0000"
"fornellopendant","0.0000"
"freesiachandelier","0.0000"
"freesialinear","0.0000"
"geolinear","0.0000"
"giarosabath","0.0000"
"glacialsconce","0.0000"
"gosonsconce","0.0000"
"grandbanksconce","0.0000"
"greenbrierbath","0.0000"
"greenbriersconce","0.0000"
"gunnisonbath","0.0000"
"gunnisonsconce","0.0000"
"haidenbath","0.0000"
"hampshirependant","0.0000"
"hampshiresconce","0.0000"
"harlawbath","0.0000"
"kichlerharmonysconce","0.0000"
"harvanbath","0.0000"
"harvansconce","0.0000"
"haymanbaychandelier","0.0000"
"heddlechandelier","0.0000"
"heddlelinear","0.0000"
"hidhighintensitydischargelandscape","0.0000"
"hyvopendant","0.0000"
"idrilsconce","0.0000"
"izzabath","0.0000"
"izzasconce","0.0000"
"jenopendant","0.0000"
"jestinlinear","0.0000"
"jolanapendant","0.0000"
"jovianchandelier","0.0000"
"kabrupendant","0.0000"
"karthechandelier","0.0000"
"karthesconce","0.0000"
"kennewickbath","0.0000"
"kennewickchandelier","0.0000"
"kennewicksconce","0.0000"
"kimrosechandelier","0.0000"
"kimroselinear","0.0000"
"kimrosependant","0.0000"
"kimrosesconce","0.0000"
"kisspendant","0.0000"
"kitnerlinear","0.0000"
"kitnerpendant","0.0000"
"kitnersconce","0.0000"
"kivikpendant","0.0000"
"kizettechandelier","0.0000"
"koblenzsconce","0.0000"
"koloachandelier","0.0000"
"kordanlinear","0.0000"
"kordanpendant","0.0000"
"kordansconce","0.0000"
"kordansemiflush","0.0000"
"koronabath","0.0000"
"larisbath","0.0000"
"laviniapendant","0.0000"
"lavisemiflush","0.0000"
"lentelinear","0.0000"
"lentependant","0.0000"
"lexipendant","0.0000"
"linarapendant","0.0000"
"lombardpost","0.0000"
"lombardwallsconce","0.0000"
"lyndonchandelier","0.0000"
"lythamflush","0.0000"
"lythamsemiflush","0.0000"
"maclainpendant","0.0000"
"madisonflush","0.0000"
"madisonpendant","0.0000"
"marettebath","0.0000"
"marimountpendant","0.0000"
"marimountsconce","0.0000"
"melischandelier","0.0000"
"melkopendant","0.0000"
"mellerbath","0.0000"
"mercerpendant","0.0000"
"mercerwallsconce","0.0000"
"elanmeridianpendant","0.0000"
"moonlitpendant","0.0000"
"moorgatebath","0.0000"
"moorgateflush","0.0000"
"moorgatesconce","0.0000"
"neltevbath","0.0000"
"neltevsconce","0.0000"
"nicholsonpendant","0.0000"
"nowardoutdoor","0.0000"
"nowardsconce","0.0000"
"nyechandelier","0.0000"
"nyesconce","0.0000"
"opalpendant","0.0000"
"opuschandelier","0.0000"
"pimbath","0.0000"
"pistonpendant","0.0000"
"priamchandelier","0.0000"
"rendopendant","0.0000"
"renebath","0.0000"
"ripleyoutdoor","0.0000"
"ritsonpendant","0.0000"
"rochdalesconce","0.0000"
"rocknebath","0.0000"
"roehmbath","0.0000"
"roonebath","0.0000"
"rowanbath","0.0000"
"rowanlinear","0.0000"
"ryameledmirror","0.0000"
"salisburyflush","0.0000"
"santorabath","0.0000"
"seasidesconce","0.0000"
"sedosconce","0.0000"
"shailenebath","0.0000"
"shailenechandelier","0.0000"
"shailenesemiflush","0.0000"
"shailenewallsconce","0.0000"
"signatureledmirror","0.0000"
"sixgroovelandscape","0.0000"
"sixgrooveoutdoor","0.0000"
"elansohopendant","0.0000"
"stamosbath","0.0000"
"stamoschandelier","0.0000"
"sylviasconce","0.0000"
"tabotpendant","0.0000"
"tadensconce","0.0000"
"taochandelier","0.0000"
"taopendant","0.0000"
"taubertpendant","0.0000"
"timminsconce","0.0000"
"tolanichandelier","0.0000"
"tollissconce","0.0000"
"topiarychandelier","0.0000"
"topiarypendant","0.0000"
"torveechandelier","0.0000"
"torveelinear","0.0000"
"townhousesconce","0.0000"
"traversobath","0.0000"
"traversosconce","0.0000"
"trentinosconce","0.0000"
"trinsicbath","0.0000"
"trinsicsconce","0.0000"
"trubybath","0.0000"
"trubychandelier","0.0000"
"trubysconce","0.0000"
"vadabath","0.0000"
"valserranobath","0.0000"
"valserranopendant","0.0000"
"valserranosconce","0.0000"
"elanvegalinear","0.0000"
"elanvegapendant","0.0000"
"vetivenebath","0.0000"
"vetivenechandelier","0.0000"
"vetivenelinear","0.0000"
"vetivenewallsconce","0.0000"
"veychandelier","0.0000"
"vihochandelier","0.0000"
"vionnetbath","0.0000"
"walmanlinear","0.0000"
"winslowsconce","0.0000"
"zeoflush","0.0000"
"zinpendant","0.0000"
"abacotable","0.0000"
"antoninafloor","0.0000"
"antoninatable","0.0000"
"ardenchandelier","0.0000"
"ardensconce","0.0000"
"asherflush","0.0000"
"bantryhousependant","0.0000"
"bayberrypendant","0.0000"
"bayviewchandelier","0.0000"
"blainependant","0.0000"
"bonetable","0.0000"
"briannachandelier","0.0000"
"briannasconce","0.0000"
"carlowflush","0.0000"
"carlowlinear","0.0000"
"carlowpendant","0.0000"
"cenotestable","0.0000"
"champlainchandelier","0.0000"
"contourtable","0.0000"
"cordtlandtsemi","0.0000"
"cotratable","0.0000"
"dottiedesk","0.0000"
"dottiefloor","0.0000"
"dottieflush","0.0000"
"dottiependant","0.0000"
"dottiesconce","0.0000"
"dottietable","0.0000"
"dunnependant","0.0000"
"easthamsconce","0.0000"
"estherchandelier","0.0000"
"estherfloor","0.0000"
"estherflush","0.0000"
"esthersconce","0.0000"
"esthertable","0.0000"
"falmouthsconce","0.0000"
"fannytable","0.0000"
"flynnbath","0.0000"
"flynnsconce","0.0000"
"folesfloor","0.0000"
"folestable","0.0000"
"franklinfloor","0.0000"
"franklintable","0.0000"
"franztable","0.0000"
"freeportchandelier","0.0000"
"freeportflush","0.0000"
"freeportpost","0.0000"
"freeportsconce","0.0000"
"galassiabath","0.0000"
"galassiachandelier","0.0000"
"galassiapendant","0.0000"
"galassiasconce","0.0000"
"galassiatable","0.0000"
"garrettbath","0.0000"
"garrettflush","0.0000"
"garrettpendant","0.0000"
"generationbeckettchandelier","0.0000"
"generationbeckettlinear","0.0000"
"generationcapripendant","0.0000"
"generationfranklinsconce","0.0000"
"generationgenevabath","0.0000"
"generationmonroechandelier","0.0000"
"generationmonroeflush","0.0000"
"generationmonroependant","0.0000"
"generationsawyersconce","0.0000"
"genevachandelier","0.0000"
"genevaflush","0.0000"
"genevalinear","0.0000"
"genevapendant","0.0000"
"genevasconce","0.0000"
"gesturependant","0.0000"
"gesturesconce","0.0000"
"gesturetable","0.0000"
"hadleyflush","0.0000"
"hadleylinear","0.0000"
"hadleypendant","0.0000"
"hadleysconce","0.0000"
"hanoverchandelier","0.0000"
"hanoversconce","0.0000"
"heathpendant","0.0000"
"hinghamsconce","0.0000"
"hyannispendant","0.0000"
"hyannispost","0.0000"
"hyannissconce","0.0000"
"jenstable","0.0000"
"katiechandelier","0.0000"
"katiependant","0.0000"
"katiesconce","0.0000"
"kenyonfloor","0.0000"
"kenyonpicture","0.0000"
"kenyontable","0.0000"
"lagostable","0.0000"
"lilatable","0.0000"
"londynchandelier","0.0000"
"londynpendant","0.0000"
"londynsemi","0.0000"
"loringbath","0.0000"
"lornetable","0.0000"
"lucerneflush","0.0000"
"lucernependant","0.0000"
"marstonchandelier","0.0000"
"marstonsconce","0.0000"
"monroebath","0.0000"
"monroefloor","0.0000"
"monroesconce","0.0000"
"monroetable","0.0000"
"moritzbath","0.0000"
"moritzsconce","0.0000"
"nantable","0.0000"
"nodeschandelier","0.0000"
"robertbath","0.0000"
"robertsconce","0.0000"
"rossiechandelier","0.0000"
"sawyerchandelier","0.0000"
"sawyerfloor","0.0000"
"sawyerflush","0.0000"
"sawyerpendant","0.0000"
"signoretchandelier","0.0000"
"signoretsconce","0.0000"
"southoldpendant","0.0000"
"stoningtonpendant","0.0000"
"sullivanchandelier","0.0000"
"sullivantable","0.0000"
"summerhillchandelier","0.0000"
"summerhillpendant","0.0000"
"tresachandelier","0.0000"
"tresafloor","0.0000"
"tresasconce","0.0000"
"tresatable","0.0000"
"ultralightpendant","0.0000"
"venetotable","0.0000"
"wavelandtable","0.0000"
"wellfleetconependant","0.0000"
"wellfleetconesconce","0.0000"
"wellfleetdesk","0.0000"
"wellfleetdomedesk","0.0000"
"wellfleetdomefloor","0.0000"
"wellfleetdomesconce","0.0000"
"wellfleetfloor","0.0000"
"wellfleetpendant","0.0000"
"wellfleetsconce","0.0000"
"wharependant","0.0000"
"4squarependant","0.0000"
"abysspendant","0.0000"
"alcovesconce","0.0000"
"alumiluxasterpendant","0.0000"
"alumiluxlandscapespot","0.0000"
"alumiluxlinesconce","0.0000"
"alumiluxprimesconce","0.0000"
"alumiluxsconce","0.0000"
"alumiluxspartansconce","0.0000"
"alumiluxsuspensionpendant","0.0000"
"asteroidchandelier","0.0000"
"aurapendant","0.0000"
"baritonebath","0.0000"
"beamledlinear","0.0000"
"bigfizzpendant","0.0000"
"bladelinear","0.0000"
"bloksconce","0.0000"
"blossomflush","0.0000"
"blossomsconce","0.0000"
"boardwalksconce","0.0000"
"briksconce","0.0000"
"centrumbath","0.0000"
"chamberpendant","0.0000"
"chaospendant","0.0000"
"charmflush","0.0000"
"charmpendant","0.0000"
"chimespendant","0.0000"
"chimessconce","0.0000"
"clutchbath","0.0000"
"coasterpendant","0.0000"
"conicosconce","0.0000"
"cycleflush","0.0000"
"cyclependant","0.0000"
"dazedpendant","0.0000"
"deucependant","0.0000"
"diaphanependant","0.0000"
"doriansconce","0.0000"
"dwellpendant","0.0000"
"edinburghsconce","0.0000"
"et2lightingblossompendant","0.0000"
"et2lightingflutelinear","0.0000"
"fioripendant","0.0000"
"fizziiipendant","0.0000"
"fizziiisconce","0.0000"
"fizzivlinear","0.0000"
"fizzivpendant","0.0000"
"floatingmirror","0.0000"
"fungopendant","0.0000"
"grooveflush","0.0000"
"groovependant","0.0000"
"halfmoonlinear","0.0000"
"halfmoonpendant","0.0000"
"halfmoonsconce","0.0000"
"hemispherependant","0.0000"
"hivependant","0.0000"
"hooplapendant","0.0000"
"hoverpendant","0.0000"
"hoverwall","0.0000"
"icoronaflush","0.0000"
"icoronapendant","0.0000"
"incabath","0.0000"
"incaflush","0.0000"
"incalinear","0.0000"
"incapendant","0.0000"
"incasconce","0.0000"
"innertubependant","0.0000"
"intervalpendant","0.0000"
"kempendant","0.0000"
"larmedledlinear","0.0000"
"larmesledpendant","0.0000"
"larmeslinear","0.0000"
"larmespendant","0.0000"
"ledmirror","0.0000"
"linklinear","0.0000"
"mermaidpendant","0.0000"
"mobiuspendant","0.0000"
"monasconce","0.0000"
"newtonpendant","0.0000"
"nobpendant","0.0000"
"nucleuspendant","0.0000"
"omnibath","0.0000"
"orbiipendant","0.0000"
"orbpendant","0.0000"
"pallapendant","0.0000"
"pentapendant","0.0000"
"perpetualpendant","0.0000"
"pipettependant","0.0000"
"pirouettependant","0.0000"
"podbath","0.0000"
"puffspendant","0.0000"
"quartzlinear","0.0000"
"quartzpendant","0.0000"
"quartzsconce","0.0000"
"questpendant","0.0000"
"rampartsconce","0.0000"
"reedspendant","0.0000"
"revealpendant","0.0000"
"rinklependant","0.0000"
"ripplebath","0.0000"
"roboticapendant","0.0000"
"rollolinear","0.0000"
"runesconce","0.0000"
"saturniipendant","0.0000"
"saucerpendant","0.0000"
"scepterpendant","0.0000"
"signaturependant","0.0000"
"sojipendant","0.0000"
"sojisconce","0.0000"
"sopranobath","0.0000"
"spiralflush","0.0000"
"spiralpendant","0.0000"
"spiralsconce","0.0000"
"starburstpendant","0.0000"
"svenpendant","0.0000"
"swanklinear","0.0000"
"swankpendant","0.0000"
"swaypendant","0.0000"
"taylortrack","0.0000"
"telstarpendant","0.0000"
"tetherpendant","0.0000"
"torchlinear","0.0000"
"torchpendant","0.0000"
"towersconce","0.0000"
"traverseledflush","0.0000"
"traverseledpendant","0.0000"
"twistedpendant","0.0000"
"unionpendant","0.0000"
"waterfallbath","0.0000"
"wavebath","0.0000"
"winksconce","0.0000"
"zephyrwall","0.0000"
"acadiabath","0.0000"
"acadiachandelier","0.0000"
"acadiaflush","0.0000"
"acadiapendant","0.0000"
"addresssconce","0.0000"
"branchchandelier","0.0000"
"buildercastpost","0.0000"
"bullwarksconce","0.0000"
"cabanasconce","0.0000"
"coldwaterpendant","0.0000"
"conradpendant","0.0000"
"coronachandelier","0.0000"
"coronapendant","0.0000"
"countermaxcabinetlight","0.0000"
"cretependant","0.0000"
"dawnpendant","0.0000"
"deloschandelier","0.0000"
"diverseflush","0.0000"
"diverseledflush","0.0000"
"divinechandelier","0.0000"
"divinependant","0.0000"
"divinesconce","0.0000"
"doverdcsconce","0.0000"
"earlyelectricpendant","0.0000"
"eyebrowsconce","0.0000"
"filigreebath","0.0000"
"gizapendant","0.0000"
"gobletpendant","0.0000"
"harborflush","0.0000"
"harborpendant","0.0000"
"huntingtonsconce","0.0000"
"logansconce","0.0000"
"lucentchandelier","0.0000"
"lucentpendant","0.0000"
"lucentsconce","0.0000"
"lumipendant","0.0000"
"magnoliapendant","0.0000"
"manchestersconce","0.0000"
"maximlightingclydesconce","0.0000"
"maximlightingcoronabath","0.0000"
"maximlightinghuntingtonchandelier","0.0000"
"maximlightingmanorpendant","0.0000"
"michellewall","0.0000"
"nassausconce","0.0000"
"northchurchsconce","0.0000"
"opulentsconce","0.0000"
"outdooressentialsflush","0.0000"
"ovationchandelier","0.0000"
"pacificchandelier","0.0000"
"pagodasconce","0.0000"
"pathfindersconce","0.0000"
"perfpendant","0.0000"
"primeflush","0.0000"
"quarrypendant","0.0000"
"quarrysconce","0.0000"
"radialpendant","0.0000"
"railbath","0.0000"
"rexfordpendant","0.0000"
"rinconsconce","0.0000"
"santabarbaravxoutdoorpostlight","0.0000"
"sausalitoflush","0.0000"
"sausalitopendant","0.0000"
"scansconce","0.0000"
"sentinelbath","0.0000"
"sentinelchandelier","0.0000"
"sentinelflush","0.0000"
"sentinelpendant","0.0000"
"sentinelsconce","0.0000"
"sleekbath","0.0000"
"sleekchandelier","0.0000"
"sleekpendant","0.0000"
"stefanbath","0.0000"
"stefanchandelier","0.0000"
"suttonplacesconce","0.0000"
"townandcountrychandelier","0.0000"
"trestlependant","0.0000"
"trimflush","0.0000"
"tucsonpendant","0.0000"
"vespersconce","0.0000"
"waferflush","0.0000"
"warrenpendant","0.0000"
"wingssconce","0.0000"
"zenithledsconce","0.0000"
"zetaflush","0.0000"
"zetapendant","0.0000"
"zetasconce","0.0000"
"kic55140bk","0.0000"
"kic55140bnb","0.0000"
"kic52516bnb","0.0000"
"kic52518bk","0.0000"
"kic52491bnb","0.0000"
"far247734","0.0000"
"far247754","0.0000"
"far247759","0.0000"
"far247770","0.0000"
"far247796","0.0000"
"far247803","0.0000"
"far247835","0.0000"
"far247859","0.0000"
"far247860","0.0000"
"far247868","0.0000"
"far247870","0.0000"
"far247908","0.0000"
"far247933","0.0000"
"far247935","0.0000"
"far247945","0.0000"
"far247966","0.0000"
"far247971","0.0000"
"far248008","0.0000"
"far248012","0.0000"
"far248073","0.0000"
"far248074","0.0000"
"far248075","0.0000"
"far248087","0.0000"
"far248163","0.0000"
"far248177","0.0000"
"far248187","0.0000"
"far248206","0.0000"
"far248235","0.0000"
"far248236","0.0000"
"far248267","0.0000"
"far248295","0.0000"
"astwoodchandelier","0.0000"
"astwoodlinear","0.0000"
"astwoodpendant","0.0000"
"astwoodsconce","0.0000"
"belltownpendant","0.0000"
"belltownsemi","0.0000"
"briargrovechandelier","0.0000"
"briargrovelinear","0.0000"
"bridgemoorpendant","0.0000"
"cranbrookflush","0.0000"
"cypressgrovebath","0.0000"
"cypressgrovechandelier","0.0000"
"cypressgrovelinear","0.0000"
"cypressgrovependant","0.0000"
"cypressgrovesconce","0.0000"
"devonparkchandelier","0.0000"
"devonparkflush","0.0000"
"devonparklinear","0.0000"
"devonparkpendant","0.0000"
"donelsonbath","0.0000"
"donelsonlinear","0.0000"
"dukestownpendant","0.0000"
"gablecrestbath","0.0000"
"gablecrestlinear","0.0000"
"gablecrestpendant","0.0000"
"gablecrestsconce","0.0000"
"groveislechandelier","0.0000"
"hartlandchandelier","0.0000"
"hartlandflush","0.0000"
"hartlandlinear","0.0000"
"hartlandpendant","0.0000"
"hepburnbath","0.0000"
"hepburnflush","0.0000"
"hepburnpendant","0.0000"
"hepburnsconce","0.0000"
"highoakspendant","0.0000"
"laurelridgeflush","0.0000"
"laurelridgelinear","0.0000"
"laurelridgependant","0.0000"
"lochemeadebath","0.0000"
"lochemeadechandelier","0.0000"
"lochemeadelinear","0.0000"
"lochemeadependant","0.0000"
"lochemeadesconce","0.0000"
"lundinpendant","0.0000"
"mapleparklinear","0.0000"
"mapleparkpendant","0.0000"
"sachapendant","0.0000"
"sachasemi","0.0000"
"saddlecreekpendant","0.0000"
"saddlewoodchandelier","0.0000"
"squiremanorflush","0.0000"
"squiremanorlinear","0.0000"
"squiremanorpendant","0.0000"
"starklakebath","0.0000"
"starklakechandelier","0.0000"
"starklakelinear","0.0000"
"starklakependant","0.0000"
"starklakesconce","0.0000"
"vannuyschandelier","0.0000"
"vannuyslinear","0.0000"
"vannuyspendant","0.0000"
"vannuyssconce","0.0000"
"vidrialinear","0.0000"
"vidriapendant","0.0000"
"academybath","0.0000"
"albansconce","0.0000"
"arildapendant","0.0000"
"bakerchandelier","0.0000"
"bakersconce","0.0000"
"bakersvillependant","0.0000"
"bakersvilleposts","0.0000"
"bakersvillesconce","0.0000"
"barringtonsemi","0.0000"
"braunfelsbath","0.0000"
"brentwoodpendant","0.0000"
"brentwoodposts","0.0000"
"brentwoodsconce","0.0000"
"bronzevillependant","0.0000"
"cafebath","0.0000"
"cafechandelier","0.0000"
"cafesconce","0.0000"
"calderposts","0.0000"
"caldersconce","0.0000"
"canfieldbath","0.0000"
"canfieldchandelier","0.0000"
"canfieldpendant","0.0000"
"canfieldsconce","0.0000"
"canfieldsemi","0.0000"
"capemayposts","0.0000"
"capemaysconce","0.0000"
"carondeletchandelier","0.0000"
"carrapendant","0.0000"
"centerstagebath","0.0000"
"charlestonlinear","0.0000"
"charlestonpendant","0.0000"
"chatauquapendant","0.0000"
"chathamsconce","0.0000"
"childresssconce","0.0000"
"seagulllightingclarkchandelier","0.0000"
"clarkpendant","0.0000"
"clarksconce","0.0000"
"crowellflush","0.0000"
"crowellsconce","0.0000"
"delovelybath","0.0000"
"denhelmbath","0.0000"
"diannalinear","0.0000"
"diannapendant","0.0000"
"divisionstreetpendant","0.0000"
"edlasconce","0.0000"
"ellisharperbath","0.0000"
"ellisharperchandelier","0.0000"
"ellisharperflush","0.0000"
"ellisharperpendant","0.0000"
"ellisharpersconce","0.0000"
"ellisharpersemi","0.0000"
"elmwoodparkbath","0.0000"
"elmwoodparkchandelier","0.0000"
"elmwoodparkflush","0.0000"
"elmwoodparklinear","0.0000"
"elmwoodparkpendant","0.0000"
"elmwoodparksconce","0.0000"
"elmwoodparksemi","0.0000"
"emmonsbath","0.0000"
"emmonschandelier","0.0000"
"emmonspendant","0.0000"
"emmonssconce","0.0000"
"emmonssemi","0.0000"
"foundersflush","0.0000"
"founderspendant","0.0000"
"foundersposts","0.0000"
"founderssconce","0.0000"
"franportbath","0.0000"
"franportchandelier","0.0000"
"franportsconce","0.0000"
"fredricksburgpendant","0.0000"
"fredricksburgsconce","0.0000"
"gearyflush","0.0000"
"gearypendant","0.0000"
"gearysemi","0.0000"
"gereonpendant","0.0000"
"gladstonebath","0.0000"
"gladstonesconce","0.0000"
"gordonpendant","0.0000"
"hanaleipendant","0.0000"
"hanfordchandelier","0.0000"
"hankspendant","0.0000"
"hermitagesconce","0.0000"
"holmanbath","0.0000"
"holmanchandelier","0.0000"
"holmanpendant","0.0000"
"holmansconce","0.0000"
"hueypendant","0.0000"
"jackiechandelier","0.0000"
"jackiependant","0.0000"
"jackiesemi","0.0000"
"jenniesconce","0.0000"
"katependant","0.0000"
"keapendant","0.0000"
"kemalpendant","0.0000"
"kemalsemi","0.0000"
"seagulllightingkentsconce","0.0000"
"kerrvillebath","0.0000"
"kerrvillechandelier","0.0000"
"kerrvillependant","0.0000"
"kerrvillesconce","0.0000"
"kerrvillesemi","0.0000"
"kolmarflush","0.0000"
"labettependant","0.0000"
"lavonflush","0.0000"
"leosemi","0.0000"
"lyonpendant","0.0000"
"mahoneflush","0.0000"
"marinussconce","0.0000"
"metropolisbath","0.0000"
"mittebath","0.0000"
"mittependant","0.0000"
"moffetstreetlinear","0.0000"
"moffetstreetpendant","0.0000"
"morrisonflush","0.0000"
"mullberryhillsconce","0.0000"
"nancependant","0.0000"
"nancesemi","0.0000"
"seagulllightingnashflush","0.0000"
"newcastlesconce","0.0000"
"normanbath","0.0000"
"normanpendant","0.0000"
"normansconce","0.0000"
"oslobath","0.0000"
"oslochandelier","0.0000"
"oslolinear","0.0000"
"seagulllightingoslopendant","0.0000"
"oslosconce","0.0000"
"oslosemi","0.0000"
"outdoorcylinderssconce","0.0000"
"outdoorglobeposts","0.0000"
"parkfieldbath","0.0000"
"parkfieldchandelier","0.0000"
"perrywoodsconce","0.0000"
"polycarbonateposts","0.0000"
"prattstreetpendant","0.0000"
"renvillesconce","0.0000"
"rocklandpendant","0.0000"
"romeependant","0.0000"
"salemsconce","0.0000"
"sevierpendant","0.0000"
"sevierposts","0.0000"
"seviersconce","0.0000"
"seagulllightingsevillebath","0.0000"
"seagulllightingsevillechandelier","0.0000"
"seagulllightingsevillependant","0.0000"
"sevillesconce","0.0000"
"socorrochandelier","0.0000"
"stonestreetpendant","0.0000"
"sussexbath","0.0000"
"syllbath","0.0000"
"talidatrack","0.0000"
"thornwoodflush","0.0000"
"thornwoodlinear","0.0000"
"thornwoodpendant","0.0000"
"thornwoodsconce","0.0000"
"tierneychandelier","0.0000"
"tomkinflush","0.0000"
"trafalgarposts","0.0000"
"trafalgarsconce","0.0000"
"traverselotusrecessed","0.0000"
"vandeventerbath","0.0000"
"vectorchandelier","0.0000"
"vectorsconce","0.0000"
"vectorsemi","0.0000"
"vitusflush","0.0000"
"websterflush","0.0000"
"wheatonchandelier","0.0000"
"windgatependant","0.0000"
"windombath","0.0000"
"windomchandelier","0.0000"
"windompendant","0.0000"
"windomsconce","0.0000"
"winnetkapendant","0.0000"
"wynchandelier","0.0000"
"wynfieldflush","0.0000"
"wynfieldposts","0.0000"
"wynfieldsconce","0.0000"
"zarrapendant","0.0000"
"zirebath","0.0000"
"zirechandelier","0.0000"
"zirelinear","0.0000"
"zirependant","0.0000"
"ziresconce","0.0000"
"far249859","0.0000"
"far249861","0.0000"
"far249885","0.0000"
"far249890","0.0000"
"far249898","0.0000"
"bellacristallochandelier","0.0000"
"belleaurorependant","0.0000"
"belmondochandelier","0.0000"
"blairmmorpendant","0.0000"
"brentoncovependant","0.0000"
"castleaurorachandelier","0.0000"
"chadbournependant","0.0000"
"chateaunoblesbath","0.0000"
"chateaunobleschandelier","0.0000"
"chateaunoblessconce","0.0000"
"coronadependant","0.0000"
"evergoldpendant","0.0000"
"fusanochandelier","0.0000"
"magnoliamanorchandelier","0.0000"
"maisondesfleurschandelier","0.0000"
"manitouchandelier","0.0000"
"metropolitanmanitoupendant","0.0000"
"metropolitanvintagechandelier","0.0000"
"montparnassependant","0.0000"
"mosaicpendant","0.0000"
"prestonpendant","0.0000"
"sablepointpendant","0.0000"
"sablepointsconce","0.0000"
"taffinoependant","0.0000"
"underscorependant","0.0000"
"victoriaparkpendant","0.0000"
"zaragozabath","0.0000"
"zaragozachandelier","0.0000"
"zaragozapendant","0.0000"
"addisonflush","0.0000"
"akronbath","0.0000"
"akronsemi","0.0000"
"alexissconce","0.0000"
"altospot","0.0000"
"avenantbath","0.0000"
"vaxcellightingbelmontbath","0.0000"
"beloitpendant","0.0000"
"blackwellsconce","0.0000"
"breckenridgechandelier","0.0000"
"burnabysemi","0.0000"
"cambridgesconce","0.0000"
"chiassosconce","0.0000"
"clybournbath","0.0000"
"doradosconce","0.0000"
"elsalinear","0.0000"
"elsapendant","0.0000"
"estellependant","0.0000"
"fairhavenspot","0.0000"
"hayespendant","0.0000"
"holbrooksemi","0.0000"
"hydeparksconce","0.0000"
"kinziesconce","0.0000"
"levittbath","0.0000"
"lexingtonsconce","0.0000"
"medinahsconce","0.0000"
"milanopendant","0.0000"
"vaxcellightingmilliependant","0.0000"
"milonependant","0.0000"
"missionsconce","0.0000"
"monrovialinear","0.0000"
"montclarependant","0.0000"
"morganparksconce","0.0000"
"nashsconce","0.0000"
"nikkosemi","0.0000"
"nottinghamsconce","0.0000"
"orbitsconce","0.0000"
"orbitsemi","0.0000"
"outlandpendant","0.0000"
"outlandsconce","0.0000"
"sierrachandelier","0.0000"
"southportsconce","0.0000"
"standfordbath","0.0000"
"vilobath","0.0000"
"warrenbath","0.0000"
"wrightwoodsconce","0.0000"
"yellowstonesconce","0.0000"
"yohobath","0.0000"
"yosemiteflush","0.0000"
"abbottsconce","0.0000"
"adelaidebath","0.0000"
"allierchandelier","0.0000"
"allierpendant","0.0000"
"angelobath","0.0000"
"angelochandelier","0.0000"
"angelopendant","0.0000"
"ansleychandelier","0.0000"
"avenirchandelier","0.0000"
"boyntonsconce","0.0000"
"brynnependant","0.0000"
"murrayfeisscelestechandelier","0.0000"
"chateauchandelier","0.0000"
"clarabath","0.0000"
"cotswoldlanependant","0.0000"
"cotswoldlaneposts","0.0000"
"cotswoldlanesconce","0.0000"
"cutlerbath","0.0000"
"murrayfeissdakotaflush","0.0000"
"dakotasconce","0.0000"
"finneganchandelier","0.0000"
"finneganlinear","0.0000"
"galenapendant","0.0000"
"galenaposts","0.0000"
"galenasconce","0.0000"
"gannetchandelier","0.0000"
"glenviewsconce","0.0000"
"harrowpendant","0.0000"
"harrowsemi","0.0000"
"hilochandelier","0.0000"
"jonahchandelier","0.0000"
"landenchandelier","0.0000"
"lawlerpendant","0.0000"
"ledgendsconce","0.0000"
"lennonsemi","0.0000"
"lighthousesconce","0.0000"
"lismorechandelier","0.0000"
"mariellechandelier","0.0000"
"marketsquaresconce","0.0000"
"matrimoniopendant","0.0000"
"mattixsconce","0.0000"
"mchenrysconce","0.0000"
"mercerbath","0.0000"
"murrayfeissmercersconce","0.0000"
"millbrookesconce","0.0000"
"monterrobath","0.0000"
"monterrosconce","0.0000"
"newportposts","0.0000"
"newportsconce","0.0000"
"norichandelier","0.0000"
"oakmontsconce","0.0000"
"pedimentsconce","0.0000"
"prospectparkbath","0.0000"
"quinnsconce","0.0000"
"reddingstationpendant","0.0000"
"reddingstationsconce","0.0000"
"roscoesconce","0.0000"
"silosconce","0.0000"
"thayerchandelier","0.0000"
"thayerlinear","0.0000"
"thayersemi","0.0000"
"thornechandelier","0.0000"
"urbanrenewalpendant","0.0000"
"urbanrenewalsconce","0.0000"
"urbandalesconce","0.0000"
"warrensconce","0.0000"
"wellsworthpendant","0.0000"
"wellsworthposts","0.0000"
"wellsworthsconce","0.0000"
"whitakersconce","0.0000"
"xavierrebath","0.0000"
"oxygenlightingacadiachandelier","0.0000"
"adagiobath","0.0000"
"adelphibath","0.0000"
"albedosconce","0.0000"
"alcorbath","0.0000"
"alcorsconce","0.0000"
"altairflush","0.0000"
"apertosconce","0.0000"
"oxygenlightingarcherbath","0.0000"
"artesconce","0.0000"
"atlantischandelier","0.0000"
"auroraflush","0.0000"
"aurorasconce","0.0000"
"axelbath","0.0000"
"balancebath","0.0000"
"bolosconce","0.0000"
"cadetsconce","0.0000"
"calibersconce","0.0000"
"calypsosconce","0.0000"
"ceressconce","0.0000"
"chameleonsconce","0.0000"
"oxygenlightingcirculopendant","0.0000"
"cirrochandelier","0.0000"
"cornetpendant","0.0000"
"corpussconce","0.0000"
"crescentbath","0.0000"
"dariosconce","0.0000"
"deccapendant","0.0000"
"dieterpendant","0.0000"
"dioneflush","0.0000"
"dunependant","0.0000"
"duosconce","0.0000"
"echoflush","0.0000"
"echopendant","0.0000"
"elifsconce","0.0000"
"eliteflush","0.0000"
"erissconce","0.0000"
"espritsconce","0.0000"
"faverosconce","0.0000"
"fugitbath","0.0000"
"gratispendant","0.0000"
"guaposconce","0.0000"
"halosconce","0.0000"
"heliosconce","0.0000"
"iconsconce","0.0000"
"idolpendant","0.0000"
"ioflush","0.0000"
"iotasconce","0.0000"
"kaldorsconce","0.0000"
"karmesconce","0.0000"
"klonependant","0.0000"
"kubosconce","0.0000"
"ledasconce","0.0000"
"libertypendant","0.0000"
"lunapendant","0.0000"
"lustrechandelier","0.0000"
"magnetabath","0.0000"
"magnetapendant","0.0000"
"magnetasconce","0.0000"
"magnumbath","0.0000"
"magnumpendant","0.0000"
"magnumsconce","0.0000"
"maiasconce","0.0000"
"metrixbath","0.0000"
"metrixsconce","0.0000"
"miragesconce","0.0000"
"mirochandelier","0.0000"
"moduloflush","0.0000"
"mondopendant","0.0000"
"moxychandelier","0.0000"
"nebulapendant","0.0000"
"nerochandelier","0.0000"
"nitrosconce","0.0000"
"oliosconce","0.0000"
"opuspendant","0.0000"
"oracleflush","0.0000"
"orionbath","0.0000"
"oxygenlightingorionsconce","0.0000"
"pathwayssconce","0.0000"
"pavosconce","0.0000"
"pebblebath","0.0000"
"peepersflush","0.0000"
"pilotsconce","0.0000"
"platobath","0.0000"
"prestochandelier","0.0000"
"primopendant","0.0000"
"profilesconce","0.0000"
"pyxisflush","0.0000"
"razzosconce","0.0000"
"realmsconce","0.0000"
"reflexsconce","0.0000"
"regiosconce","0.0000"
"oxygenlightingrhythmflush","0.0000"
"rickiesconce","0.0000"
"ricosconce","0.0000"
"roswellpendant","0.0000"
"ruvopendant","0.0000"
"scopesconce","0.0000"
"sirensconce","0.0000"
"skylinebath","0.0000"
"spacelypendant","0.0000"
"spindlependant","0.0000"
"spiritpendant","0.0000"
"styluspendant","0.0000"
"talichandelier","0.0000"
"taurussconce","0.0000"
"telshorsconce","0.0000"
"oxygenlightingterrapendant","0.0000"
"titansconce","0.0000"
"totempendant","0.0000"
"unosconce","0.0000"
"oxygenlightingutopiachandelier","0.0000"
"oxygenlightingvegabath","0.0000"
"velasconce","0.0000"
"vervesconce","0.0000"
"vidapendant","0.0000"
"wandbath","0.0000"
"oxygenlightingwavebath","0.0000"
"zeeperssconce","0.0000"
"zenithbath","0.0000"
"zepppendant","0.0000"
"oxygenlightingzetasconce","0.0000"
"zorabath","0.0000"
"zuriflush","0.0000"
"7313xsconce","0.0000"
"abbeylanesconce","0.0000"
"acaciabath","0.0000"
"acaciachandelier","0.0000"
"addisonparksconce","0.0000"
"ainsleycourtbath","0.0000"
"amherstsconce","0.0000"
"andritacourtsconce","0.0000"
"arcustruthsconce","0.0000"
"ardmoreposts","0.0000"
"ardmoresconce","0.0000"
"artisanlanesconce","0.0000"
"astrapiapendant","0.0000"
"atriopendant","0.0000"
"audreyspointbath","0.0000"
"audreyspointpendant","0.0000"
"aureumpendant","0.0000"
"avertonbath","0.0000"
"avonleasconce","0.0000"
"baldwinparkbath","0.0000"
"baldwinparkchandelier","0.0000"
"baycrestsconce","0.0000"
"beaconavenuebath","0.0000"
"beckonridgechandelier","0.0000"
"bexleymanorsconce","0.0000"
"birnamwoodchandelier","0.0000"
"bishopcrossingbath","0.0000"
"bistrodawnsconce","0.0000"
"braidenpendant","0.0000"
"brentwoodshorependant","0.0000"
"bridlewoodbath","0.0000"
"bridlewoodchandelier","0.0000"
"bridlewoodpendant","0.0000"
"brixtonivysconce","0.0000"
"camdensquarechandelier","0.0000"
"camrinbath","0.0000"
"camrinchandelier","0.0000"
"camrinlinear","0.0000"
"camrinpendant","0.0000"
"camrinsemi","0.0000"
"canteburysconce","0.0000"
"capecoralpendant","0.0000"
"cashelmarabath","0.0000"
"caswaysconce","0.0000"
"chassellchandelier","0.0000"
"chateaugrandesconce","0.0000"
"chathamsquarebath","0.0000"
"citysquarebath","0.0000"
"citystreetssconce","0.0000"
"clartebath","0.0000"
"clartesconce","0.0000"
"colonialcharmchandelier","0.0000"
"compositionssconce","0.0000"
"countryestatespendant","0.0000"
"coventparkchandelier","0.0000"
"danforthparksconce","0.0000"
"danorumsconce","0.0000"
"daventrybath","0.0000"
"dewberrylanebath","0.0000"
"downtownedisonbath","0.0000"
"downtownedisonsconce","0.0000"
"drurybath","0.0000"
"edenvalleypendant","0.0000"
"elytonbath","0.0000"
"elytonchandelier","0.0000"
"elytonpendant","0.0000"
"emmerhamchandelier","0.0000"
"europabath","0.0000"
"evertonsconce","0.0000"
"firstavenuechandelier","0.0000"
"garrisonbath","0.0000"
"gatewayparkpendant","0.0000"
"geoxsconce","0.0000"
"gildedglampendant","0.0000"
"grahamavenuebath","0.0000"
"haisleybath","0.0000"
"haisleychandelier","0.0000"
"haisleylinear","0.0000"
"haisleypendant","0.0000"
"hanfordpointesconce","0.0000"
"harbisonsconce","0.0000"
"harborviewsconce","0.0000"
"harbourpointbath","0.0000"
"harbourpointpendant","0.0000"
"harbourpointsemi","0.0000"
"harrisonpendant","0.0000"
"harrisonposts","0.0000"
"harrisonsconce","0.0000"
"havenwoodpendant","0.0000"
"havenwoodposts","0.0000"
"havenwoodsconce","0.0000"
"highlandcrossingchandelier","0.0000"
"highlandridgesconce","0.0000"
"highrisebath","0.0000"
"houghtonhallsconce","0.0000"
"illuminatibath","0.0000"
"illuminatichandelier","0.0000"
"irvingtonmanorpendant","0.0000"
"irvingtonmanorposts","0.0000"
"irvingtonmanorsconce","0.0000"
"isabellascrownchandelier","0.0000"
"kaitlenbath","0.0000"
"kaitlenchandelier","0.0000"
"kamstrasconce","0.0000"
"keeleycallependant","0.0000"
"keyportbath","0.0000"
"kirkhamposts","0.0000"
"kirkhamsconce","0.0000"
"kittnersconce","0.0000"
"langensquarebath","0.0000"
"langensquarependant","0.0000"
"lanistercourtsconce","0.0000"
"lansdalesconce","0.0000"
"laurelestatechandelier","0.0000"
"libresconce","0.0000"
"majesticsplendorchandelier","0.0000"
"mallorcaposts","0.0000"
"mallorcasconce","0.0000"
"maribelheightssconce","0.0000"
"marinerspointesconce","0.0000"
"marqueesconce","0.0000"
"merrimackposts","0.0000"
"merrimacksconce","0.0000"
"middletownchandelier","0.0000"
"minersloftsconce","0.0000"
"minkalaverybayviewsconce","0.0000"
"minkalaverychelseachandelier","0.0000"
"minkalaverynewportposts","0.0000"
"minkalaverynewportsconce","0.0000"
"missionridgebath","0.0000"
"monicobath","0.0000"
"morrowbath","0.0000"
"morrowchandelier","0.0000"
"overlandparkbath","0.0000"
"overlandparkchandelier","0.0000"
"overlandparkflush","0.0000"
"overlandparkpendant","0.0000"
"overlandparksemi","0.0000"
"palmettopendant","0.0000"
"paradoxbath","0.0000"
"paradoxchandelier","0.0000"
"paradoxpendant","0.0000"
"parsonsstudiobath","0.0000"
"parsonsstudiochandelier","0.0000"
"parsonsstudiopendant","0.0000"
"pealestreetpendant","0.0000"
"pealestreetposts","0.0000"
"pealestreetsconce","0.0000"
"pillarchandelier","0.0000"
"pineviewslopesconce","0.0000"
"playwrightsconce","0.0000"
"poleisbath","0.0000"
"poleischandelier","0.0000"
"poleispendant","0.0000"
"ponderosaridgechandelier","0.0000"
"pullmanjunctionbath","0.0000"
"pullmanjunctionchandelier","0.0000"
"pullmanjunctionpendant","0.0000"
"rawsonridgechandelier","0.0000"
"rawsonridgesconce","0.0000"
"regalterracependant","0.0000"
"regalterracesemi","0.0000"
"ricochetchandelier","0.0000"
"rondsconce","0.0000"
"rosecranssconce","0.0000"
"roundaboutbath","0.0000"
"sageridgesconce","0.0000"
"sanmarcossconce","0.0000"
"savannahrowbath","0.0000"
"savannahrowchandelier","0.0000"
"scottsdaleiisconce","0.0000"
"shadowglenpendant","0.0000"
"shadowglensemi","0.0000"
"sheerelegancependant","0.0000"
"shorepointesconce","0.0000"
"shylohbath","0.0000"
"shylohchandelier","0.0000"
"shylohflush","0.0000"
"shylohlinear","0.0000"
"shylohpendant","0.0000"
"shylohsemi","0.0000"
"signalparksconce","0.0000"
"skylinesconce","0.0000"
"sleepyhollowsconce","0.0000"
"solidasconce","0.0000"
"somersetlanesconce","0.0000"
"spyglassterracependant","0.0000"
"squarebath","0.0000"
"stratfordhallpendant","0.0000"
"stratfordhallposts","0.0000"
"stratfordhallsconce","0.0000"
"studio5bath","0.0000"
"studio5chandelier","0.0000"
"studio5flush","0.0000"
"studio5linear","0.0000"
"studio5pendant","0.0000"
"sullivanslandingsconce","0.0000"
"talerasconce","0.0000"
"tiberiabath","0.0000"
"tilburybath","0.0000"
"tilburychandelier","0.0000"
"tilburypendant","0.0000"
"titanstracependant","0.0000"
"tofinobath","0.0000"
"tourneebath","0.0000"
"trescottsconce","0.0000"
"tysonsgatebath","0.0000"
"tysonsgatependant","0.0000"
"uphamestatespendant","0.0000"
"uphamestatessconce","0.0000"
"vanitymirror","0.0000"
"vernonplacebath","0.0000"
"vernonplacechandelier","0.0000"
"viaromapendant","0.0000"
"vorticflowchandelier","0.0000"
"waverlyplazabath","0.0000"
"westchestercountychandelier","0.0000"
"westchestercountyflush","0.0000"
"westchestercountysconce","0.0000"
"westchestercountysemi","0.0000"
"westfieldmanorbath","0.0000"
"westgatesconce","0.0000"
"westlibertychandelier","0.0000"
"wilshireparksconce","0.0000"
"windwardpassagechandelier","0.0000"
"windwardpassagelinear","0.0000"
"windwardpassagependant","0.0000"
"windwardpassagesemi","0.0000"
"winsleybath","0.0000"
"winsleychandelier","0.0000"
"winsleypendant","0.0000"
"wyndmereflush","0.0000"
"wyndmeresconce","0.0000"
"yorkvillependant","0.0000"
"far249953","0.0000"
"far249976","0.0000"
"far113189","0.0000"
"far114277","0.0000"
"far113628","0.0000"
"far113704","0.0000"
"far113227","0.0000"
"far221629","0.0000"
"far113993","0.0000"
"far248314","0.0000"
"far113302","0.0000"
"far113667","0.0000"
"far113681","0.0000"
"far113683","0.0000"
"far113699","0.0000"
"far113987","0.0000"
"far113989","0.0000"
"far113995","0.0000"
"far114092","0.0000"
"far114093","0.0000"
"far114378","0.0000"
"far114452","0.0000"
"far114454","0.0000"
"far114807","0.0000"
"far221715","0.0000"
"far222161","0.0000"
"far222035","0.0000"
"far222090","0.0000"
"far248316","0.0000"
"far221870","0.0000"
"far221781","0.0000"
"far221785","0.0000"
"far248321","0.0000"
"far248322","0.0000"
"far221853","0.0000"
"far221861","0.0000"
"far248325","0.0000"
"far248326","0.0000"
"far222187","0.0000"
"far248348","0.0000"
"far248349","0.0000"
"far248383","0.0000"
"far222159","0.0000"
"far248415","0.0000"
"far113247","0.0000"
"far248618","0.0000"
"far248666","0.0000"
"far248876","0.0000"
"far248877","0.0000"
"far248907","0.0000"
"far248908","0.0000"
"far248909","0.0000"
"far248910","0.0000"
"far113705","0.0000"
"far248946","0.0000"
"far249169","0.0000"
"far249172","0.0000"
"far249183","0.0000"
"far249242","0.0000"
"far249243","0.0000"
"far249255","0.0000"
"far249256","0.0000"
"far249277","0.0000"
"far249291","0.0000"
"far249292","0.0000"
"far249296","0.0000"
"far249382","0.0000"
"far113027","0.0000"
"far113051","0.0000"
"far113052","0.0000"
"far113083","0.0000"
"far249776","0.0000"
"far113191","0.0000"
"far113199","0.0000"
"far249777","0.0000"
"far249778","0.0000"
"far249779","0.0000"
"far249780","0.0000"
"far249781","0.0000"
"far113404","0.0000"
"far113406","0.0000"
"far113444","0.0000"
"far113448","0.0000"
"far249782","0.0000"
"far113637","0.0000"
"far113659","0.0000"
"far249783","0.0000"
"far249784","0.0000"
"far113743","0.0000"
"far113793","0.0000"
"far249785","0.0000"
"far113796","0.0000"
"far249786","0.0000"
"far113805","0.0000"
"far249787","0.0000"
"far249788","0.0000"
"far113809","0.0000"
"far113851","0.0000"
"far113911","0.0000"
"far113936","0.0000"
"far249789","0.0000"
"far249790","0.0000"
"far114077","0.0000"
"far249791","0.0000"
"far114154","0.0000"
"far114192","0.0000"
"far114208","0.0000"
"far249792","0.0000"
"far249793","0.0000"
"far114253","0.0000"
"far114285","0.0000"
"far249794","0.0000"
"far114325","0.0000"
"far114338","0.0000"
"far114341","0.0000"
"far114356","0.0000"
"far114371","0.0000"
"far249795","0.0000"
"far249796","0.0000"
"far114458","0.0000"
"far249797","0.0000"
"far114468","0.0000"
"far114497","0.0000"
"far249798","0.0000"
"far249799","0.0000"
"far249800","0.0000"
"far249802","0.0000"
"far249803","0.0000"
"far249804","0.0000"
"far114815","0.0000"
"far114887","0.0000"
"far114898","0.0000"
"far114914","0.0000"
"far249805","0.0000"
"far249806","0.0000"
"far221743","0.0000"
"far221816","0.0000"
"far221916","0.0000"
"far249808","0.0000"
"far222251","0.0000"
"far249809","0.0000"
"far221978","0.0000"
"abbottpendant","0.0000"
"abbottposts","0.0000"
"progresslightingabbottsconce","0.0000"
"adagiopendant","0.0000"
"adleybath","0.0000"
"adleyflush","0.0000"
"aikenbath","0.0000"
"aikenflush","0.0000"
"alexabath","0.0000"
"alexachandelier","0.0000"
"alexapendant","0.0000"
"ambrosebath","0.0000"
"andoversconce","0.0000"
"anjouxbath","0.0000"
"archbath","0.0000"
"arrivesconce","0.0000"
"ashfordbath","0.0000"
"ashmoreflush","0.0000"
"ashmoreposts","0.0000"
"ashmoresconce","0.0000"
"astrachandelier","0.0000"
"astrasconce","0.0000"
"astrasemi","0.0000"
"atwellpendant","0.0000"
"atwellsemi","0.0000"
"axlebath","0.0000"
"barloweflush","0.0000"
"barlowependant","0.0000"
"barloweposts","0.0000"
"barlowesconce","0.0000"
"barnesmillbath","0.0000"
"barnettsconce","0.0000"
"bastillependant","0.0000"
"beaufortsconce","0.0000"
"bentonharborsconce","0.0000"
"birkdalesconce","0.0000"
"blakelyflush","0.0000"
"blakelylinear","0.0000"
"progresslightingblancobath","0.0000"
"progresslightingblancosconce","0.0000"
"bonitachandelier","0.0000"
"bonitasconce","0.0000"
"bonnpendant","0.0000"
"bottapendant","0.0000"
"bowmanbath","0.0000"
"bowmanchandelier","0.0000"
"boxwoodsconce","0.0000"
"bramlettbath","0.0000"
"brandywinependant","0.0000"
"brenhampendant","0.0000"
"progresslightingbrooksidependant","0.0000"
"progresslightingbrooksidesconce","0.0000"
"burlingtonsconce","0.0000"
"progresslightingcadencesconce","0.0000"
"cahillbath","0.0000"
"caissonbath","0.0000"
"caissonpendant","0.0000"
"calaisbath","0.0000"
"calhounbath","0.0000"
"callahansconce","0.0000"
"canebrakechandelier","0.0000"
"cardiffsconce","0.0000"
"carisabath","0.0000"
"carisaflush","0.0000"
"carricksconce","0.0000"
"cascadiabath","0.0000"
"caycependant","0.0000"
"cedarspringspendant","0.0000"
"cedarspringssconce","0.0000"
"cedarspringssemi","0.0000"
"chadwickchandelier","0.0000"
"chadwickflush","0.0000"
"chadwickpendant","0.0000"
"progresslightingchadwicksconce","0.0000"
"chamberspendant","0.0000"
"chastainpendant","0.0000"
"chatsworthsconce","0.0000"
"cherishchandelier","0.0000"
"chiltonsconce","0.0000"
"chroniclependant","0.0000"
"cinqflush","0.0000"
"cinqpendant","0.0000"
"cirrinechandelier","0.0000"
"progresslightingclarionbath","0.0000"
"clarionpendant","0.0000"
"cliftonheightsbath","0.0000"
"cliftonheightschandelier","0.0000"
"cliftonheightsflush","0.0000"
"cliftonheightspendant","0.0000"
"cliftonheightssemi","0.0000"
"colonnadebath","0.0000"
"compelsconce","0.0000"
"concoursebath","0.0000"
"conesteependant","0.0000"
"conoversconce","0.0000"
"conwaybath","0.0000"
"cowanbath","0.0000"
"crawfordposts","0.0000"
"crawfordsconce","0.0000"
"cullmansconce","0.0000"
"daltonbath","0.0000"
"debutbath","0.0000"
"delaynependant","0.0000"
"delaynesemi","0.0000"
"derbysconce","0.0000"
"dillardpendant","0.0000"
"dillardposts","0.0000"
"dillardsconce","0.0000"
"divergesconce","0.0000"
"durrellchandelier","0.0000"
"durrellflush","0.0000"
"durrellpendant","0.0000"
"durrellsconce","0.0000"
"durrellsemi","0.0000"
"editionposts","0.0000"
"editionsconce","0.0000"
"progresslightingelarabath","0.0000"
"elarachandelier","0.0000"
"progresslightingelarasconce","0.0000"
"elevatebath","0.0000"
"elevatechandelier","0.0000"
"elevateflush","0.0000"
"elevatependant","0.0000"
"endorsesconce","0.0000"
"englewoodpendant","0.0000"
"englewoodposts","0.0000"
"englewoodsconce","0.0000"
"progresslightingequinoxpendant","0.0000"
"erapendant","0.0000"
"evaflush","0.0000"
"evokechandelier","0.0000"
"feltonsconce","0.0000"
"flightbath","0.0000"
"fontaynechandelier","0.0000"
"formatsconce","0.0000"
"framebath","0.0000"
"gablespendant","0.0000"
"gablesposts","0.0000"
"gablessconce","0.0000"
"gallowaychandelier","0.0000"
"gallowayflush","0.0000"
"gallowaypendant","0.0000"
"gallowaysconce","0.0000"
"gatherbath","0.0000"
"gatherchandelier","0.0000"
"gatherpendant","0.0000"
"geodesicpendant","0.0000"
"gibbesstreetpendant","0.0000"
"gibbesstreetposts","0.0000"
"gibbesstreetsconce","0.0000"
"gilmourbath","0.0000"
"glancebath","0.0000"
"glaysebath","0.0000"
"glayselinear","0.0000"
"glaysependant","0.0000"
"glaysesemi","0.0000"
"glidebath","0.0000"
"glimmerlinear","0.0000"
"glimmerpendant","0.0000"
"globependant","0.0000"
"goodwinbath","0.0000"
"grandburypendant","0.0000"
"grandburyposts","0.0000"
"grandburysconce","0.0000"
"greeneridgesconce","0.0000"
"greshamchandelier","0.0000"
"gridbath","0.0000"
"gulliverbath","0.0000"
"gulliverchandelier","0.0000"
"gulliverfandelier","0.0000"
"gulliverflush","0.0000"
"gulliverlinear","0.0000"
"gulliverpendant","0.0000"
"gulliversconce","0.0000"
"gulliversemi","0.0000"
"gunthersconce","0.0000"
"hansfordbath","0.0000"
"hansfordflush","0.0000"
"hartwicksconce","0.0000"
"haslettpendant","0.0000"
"haslettposts","0.0000"
"haslettsconce","0.0000"
"hawthornesconce","0.0000"
"helmflush","0.0000"
"hemsworthchandelier","0.0000"
"hintonbath","0.0000"
"hintonflush","0.0000"
"hintonpendant","0.0000"
"holcombesconce","0.0000"
"hollingsworthsconce","0.0000"
"inspirebath","0.0000"
"inspirechandelier","0.0000"
"inspireflush","0.0000"
"inspirependant","0.0000"
"inspiresconce","0.0000"
"inspiresemi","0.0000"
"inversependant","0.0000"
"invitebath","0.0000"
"invitechandelier","0.0000"
"irondalesconce","0.0000"
"jacksconce","0.0000"
"janssensconce","0.0000"
"judsonbath","0.0000"
"judsonflush","0.0000"
"judsonpendant","0.0000"
"judsonsemi","0.0000"
"kellwynchandelier","0.0000"
"kellwynpendant","0.0000"
"kellwynsemi","0.0000"
"kempseysconce","0.0000"
"kempseysemi","0.0000"
"kenebath","0.0000"
"kenechandelier","0.0000"
"kenependant","0.0000"
"kenesemi","0.0000"
"kiawahsconce","0.0000"
"kylochandelier","0.0000"
"kylopendant","0.0000"
"landreechandelier","0.0000"
"landreeflush","0.0000"
"landreependant","0.0000"
"lassiterbath","0.0000"
"lassiterchandelier","0.0000"
"lassiterpendant","0.0000"
"lassitersconce","0.0000"
"lassitersemi","0.0000"
"latrobependant","0.0000"
"lavellependant","0.0000"
"leaguebath","0.0000"
"leaguechandelier","0.0000"
"leaguelinear","0.0000"
"leaguependant","0.0000"
"leapbath","0.0000"
"leapchandelier","0.0000"
"leappendant","0.0000"
"leapsemi","0.0000"
"leydenchandelier","0.0000"
"leydenpendant","0.0000"
"lisbonbath","0.0000"
"litchfieldbath","0.0000"
"lorinpendant","0.0000"
"lowerypendant","0.0000"
"lynziebath","0.0000"
"maisonsconce","0.0000"
"malbecpendant","0.0000"
"mansardposts","0.0000"
"mansardsconce","0.0000"
"mariposapendant","0.0000"
"mariposasemi","0.0000"
"marquettesconce","0.0000"
"mastbath","0.0000"
"mastflush","0.0000"
"mastpendant","0.0000"
"medalflush","0.0000"
"medalpendant","0.0000"
"meritsconce","0.0000"
"merrybath","0.0000"
"merrychandelier","0.0000"
"merrypendant","0.0000"
"meshpendant","0.0000"
"metricbath","0.0000"
"metrosconce","0.0000"
"milnersconce","0.0000"
"modbath","0.0000"
"newhavensconce","0.0000"
"progresslightingnewportposts","0.0000"
"progresslightingnewportsconce","0.0000"
"northparkflush","0.0000"
"progresslightingonionsconce","0.0000"
"opalglobespendant","0.0000"
"padgettposts","0.0000"
"padgettsconce","0.0000"
"palaciochandelier","0.0000"
"palaciopendant","0.0000"
"parallelbath","0.0000"
"parallelsconce","0.0000"
"parkhurstchandelier","0.0000"
"parkhurstlinear","0.0000"
"parkhurstpendant","0.0000"
"patewoodsconce","0.0000"
"pawleypendant","0.0000"
"pearlbath","0.0000"
"pearlsconce","0.0000"
"pembrokechandelier","0.0000"
"penfieldsconce","0.0000"
"perimeterflush","0.0000"
"plancksconce","0.0000"
"prairiesconce","0.0000"
"radianpendant","0.0000"
"rangependant","0.0000"
"refugesconce","0.0000"
"remixpendant","0.0000"
"replaybath","0.0000"
"replaychandelier","0.0000"
"replaypendant","0.0000"
"replaysemi","0.0000"
"residencesconce","0.0000"
"resortsconce","0.0000"
"rileybath","0.0000"
"rileychandelier","0.0000"
"rileysconce","0.0000"
"romancoachflush","0.0000"
"romancoachposts","0.0000"
"romancoachsconce","0.0000"
"rushtonbath","0.0000"
"rushtonflush","0.0000"
"rushtonpendant","0.0000"
"saffertchandelier","0.0000"
"saffertlinear","0.0000"
"saffertpendant","0.0000"
"saffertsconce","0.0000"
"saludapendant","0.0000"
"singletonbath","0.0000"
"singletonpendant","0.0000"
"singletonsemi","0.0000"
"spatialbath","0.0000"
"spatialpendant","0.0000"
"spicewoodchandelier","0.0000"
"spokechandelier","0.0000"
"squiresconce","0.0000"
"staturesconce","0.0000"
"statusbath","0.0000"
"swanseachandelier","0.0000"
"terrazzopendant","0.0000"
"thorpechandelier","0.0000"
"tobinsconce","0.0000"
"tobinsemi","0.0000"
"townshipsconce","0.0000"
"tremontsconce","0.0000"
"tremontsemi","0.0000"
"progresslightingtrestlependant","0.0000"
"turnburychandelier","0.0000"
"unionsquaresconce","0.0000"
"verdaesconce","0.0000"
"victorianbath","0.0000"
"wakefordsconce","0.0000"
"walcottsconce","0.0000"
"watchhillsconce","0.0000"
"welbourneposts","0.0000"
"welbournesconce","0.0000"
"weldonflush","0.0000"
"weldonsconce","0.0000"
"westportsconce","0.0000"
"whispchandelier","0.0000"
"whitmiresconce","0.0000"
"williamstonposts","0.0000"
"williamstonsconce","0.0000"
"winslettbath","0.0000"
"progresslightingwinslettchandelier","0.0000"
"winslettpendant","0.0000"
"winslettsemi","0.0000"
"wistenbath","0.0000"
"wistenchandelier","0.0000"
"wistenpendant","0.0000"
"z1060sconce","0.0000"
"z1070sconce","0.0000"
"z1080sconce","0.0000"
"z2020sconce","0.0000"
"z2025sconce","0.0000"
"progresslightingzinpendant","0.0000"
"artesnosconce","0.0000"
"balboasconce","0.0000"
"quoruminternationalbarkleysconce","0.0000"
"quoruminternationalbelmontchandelier","0.0000"
"bohemiankaterinasconce","0.0000"
"bravosconce","0.0000"
"broadwaypendant","0.0000"
"brookschandelier","0.0000"
"brookspendant","0.0000"
"quoruminternationalbryantbath","0.0000"
"bryantchandelier","0.0000"
"bryantpendant","0.0000"
"chartersconce","0.0000"
"ciliachandelier","0.0000"
"quoruminternationalclarionflush","0.0000"
"clarionsconce","0.0000"
"crusoesconce","0.0000"
"curvosconce","0.0000"
"cylinderflush","0.0000"
"dakotabath","0.0000"
"dakotapendant","0.0000"
"quoruminternationaldakotasconce","0.0000"
"daliachandelier","0.0000"
"davieschandelier","0.0000"
"dunbarbath","0.0000"
"dunbarpendant","0.0000"
"dunbarsconce","0.0000"
"electrapendant","0.0000"
"empirebath","0.0000"
"empirechandelier","0.0000"
"quoruminternationalempirependant","0.0000"
"enclavebath","0.0000"
"enclavesconce","0.0000"
"finurapendant","0.0000"
"quoruminternationalflorencependant","0.0000"
"florencesconce","0.0000"
"fuzesconce","0.0000"
"gabrielflush","0.0000"
"haleysconce","0.0000"
"hammondpendant","0.0000"
"harbinpendant","0.0000"
"quoruminternationalharmonychandelier","0.0000"
"quoruminternationalharmonysconce","0.0000"
"helixchandelier","0.0000"
"hopechandelier","0.0000"
"howechandelier","0.0000"
"jardinsconce","0.0000"
"lamaisonchandelier","0.0000"
"lamaisonpendant","0.0000"
"lacybath","0.0000"
"lazobath","0.0000"
"luxechandelier","0.0000"
"lyonbath","0.0000"
"lyonchandelier","0.0000"
"madeleinebath","0.0000"
"madeleinechandelier","0.0000"
"madeleinependant","0.0000"
"maestrosconce","0.0000"
"modusbath","0.0000"
"modussconce","0.0000"
"monarchbath","0.0000"
"monarchchandelier","0.0000"
"monarchsconce","0.0000"
"nimbusbath","0.0000"
"nimbuschandelier","0.0000"
"numenpendant","0.0000"
"parkssconce","0.0000"
"parlorsconce","0.0000"
"paxtonlinear","0.0000"
"quoruminternationalpearsonpendant","0.0000"
"pearsonsconce","0.0000"
"powellsconce","0.0000"
"reyesbath","0.0000"
"reyeschandelier","0.0000"
"reyeslinear","0.0000"
"reyessconce","0.0000"
"quoruminternationalrichmondsconce","0.0000"
"riosaladobath","0.0000"
"riosaladochandelier","0.0000"
"riversidesconce","0.0000"
"roopesconce","0.0000"
"rossingtonbath","0.0000"
"salentochandelier","0.0000"
"salentopendant","0.0000"
"solusconce","0.0000"
"spencerpendant","0.0000"
"spencersconce","0.0000"
"stadiumbath","0.0000"
"stadiumsconce","0.0000"
"steinwaychandelier","0.0000"
"steinwayflush","0.0000"
"steinwaylinear","0.0000"
"steinwaysconce","0.0000"
"tempochandelier","0.0000"
"temposconce","0.0000"
"trapezoidspendant","0.0000"
"tributebath","0.0000"
"vitrosconce","0.0000"
"volanbath","0.0000"
"volanchandelier","0.0000"
"westerlysconce","0.0000"
"crystalw9270","0.0000"
"crystal5999","0.0000"
"crystalw6000","0.0000"
"crystal6001","0.0000"
"crystal9271","0.0000"
"crystal9272","0.0000"
"crystal9274","0.0000"
"crystal9275","0.0000"
"crystal9277","0.0000"
"crystal9278","0.0000"
"crystal9281","0.0000"
"crystal9284","0.0000"
"crystal9286","0.0000"
"crystal9287","0.0000"
"crystal9289","0.0000"
"crystal9290","0.0000"
"crystal9291","0.0000"
"crystal9292","0.0000"
"crystal9297","0.0000"
"crystal9298","0.0000"
"crystal9299","0.0000"
"crystal9301","0.0000"
"crystal9304","0.0000"
"crystal9305","0.0000"
"crystal9306","0.0000"
"crystal9307","0.0000"
"crystal9308","0.0000"
"crystal9309","0.0000"
"crystal9310","0.0000"
"crystal9311","0.0000"
"crystal9312","0.0000"
"crystal9313","0.0000"
"crystal9314","0.0000"
"crystal9316","0.0000"
"crystal9317","0.0000"
"crystal9318","0.0000"
"crystal9319","0.0000"
"crystal9320","0.0000"
"crystal9321","0.0000"
"crystal9322","0.0000"
"crystal9323","0.0000"
"crystal9326","0.0000"
"crystal9327","0.0000"
"crystal9328","0.0000"
"crystal9329","0.0000"
"crystal9330","0.0000"
"crystal9332","0.0000"
"crystal9333","0.0000"
"crystal9334","0.0000"
"crystal9335","0.0000"
"crystal9336","0.0000"
"crystal9338","0.0000"
"crystal9339","0.0000"
"crystal9340","0.0000"
"crystal9341","0.0000"
"crystal9342","0.0000"
"crystal9343","0.0000"
"crystal9345","0.0000"
"crystal9346","0.0000"
"crystal9347","0.0000"
"acclaimcapripendant","0.0000"
"acclaimclairechandelier","0.0000"
"acclaimjadependant","0.0000"
"acclaimkennedypendant","0.0000"
"acclaimlilypendant","0.0000"
"acclaimmadisonpendant","0.0000"
"acclaimmilanopendant","0.0000"
"acclaimnewportpendant","0.0000"
"acclaimsavannahchandelier","0.0000"
"acclaimsawyerchandelier","0.0000"
"acclaimsomersetwall","0.0000"
"acclaimstratfordwall","0.0000"
"acclaimwexfordpendant","0.0000"
"addisonpendant","0.0000"
"aikenpendant","0.0000"
"aikenpost","0.0000"
"aikenwall","0.0000"
"alcovependant","0.0000"
"aldenwall","0.0000"
"alexispendant","0.0000"
"amoretpendant","0.0000"
"anastasiachandelier","0.0000"
"ansenpendant","0.0000"
"apollowall","0.0000"
"ariapendant","0.0000"
"artisanflush","0.0000"
"artisanpost","0.0000"
"artisanwall","0.0000"
"austinwall","0.0000"
"baystreetpendant","0.0000"
"bellependant","0.0000"
"blueridgependant","0.0000"
"blueridgepost","0.0000"
"blueridgewall","0.0000"
"braxpendant","0.0000"
"builderpendant","0.0000"
"burgundybath","0.0000"
"burgundywall","0.0000"
"burrypendant","0.0000"
"calixpendant","0.0000"
"calliependant","0.0000"
"camelotpost","0.0000"
"camelotwall","0.0000"
"chapelhillwall","0.0000"
"charlestonwall","0.0000"
"charleypendant","0.0000"
"chateaupendant","0.0000"
"cobarpendant","0.0000"
"colbypendant","0.0000"
"coltonwall","0.0000"
"contibath","0.0000"
"contiwall","0.0000"
"coraliebath","0.0000"
"cormacpendant","0.0000"
"coylependant","0.0000"
"cumberlandchandelier","0.0000"
"devonshirependant","0.0000"
"doverpendant","0.0000"
"doverpost","0.0000"
"dylanpendant","0.0000"
"elliechandelier","0.0000"
"fallonchandelier","0.0000"
"gretapendant","0.0000"
"halechandelier","0.0000"
"harlowchandelier","0.0000"
"karachandelier","0.0000"
"karapendant","0.0000"
"karawall","0.0000"
"kassianpendant","0.0000"
"kingstonchandelier","0.0000"
"kristapendant","0.0000"
"lanaipendant","0.0000"
"lanaipost","0.0000"
"lanaiwall","0.0000"
"laurenswall","0.0000"
"laylapendant","0.0000"
"loftpendant","0.0000"
"lumleybath","0.0000"
"lyndenchandelier","0.0000"
"mackenziebath","0.0000"
"mackenziependant","0.0000"
"michellechandelier","0.0000"
"midtownpendant","0.0000"
"milanopost","0.0000"
"milbankpendant","0.0000"
"naplespendant","0.0000"
"naplespost","0.0000"
"napleswall","0.0000"
"nevaehchandelier","0.0000"
"nolanwall","0.0000"
"outerbankswall","0.0000"
"peytonchandelier","0.0000"
"phoenixpendant","0.0000"
"phoenixpost","0.0000"
"phoenixwall","0.0000"
"portsmithchandelier","0.0000"
"portsmithpendant","0.0000"
"poydrasbath","0.0000"
"poydraswall","0.0000"
"prismpendant","0.0000"
"rampartbath","0.0000"
"rampartwall","0.0000"
"rebarrependant","0.0000"
"reecechandelier","0.0000"
"rhianpendant","0.0000"
"richmondpendant","0.0000"
"salemwall","0.0000"
"skylarpendant","0.0000"
"somersetpost","0.0000"
"sophiapendant","0.0000"
"sophiawall","0.0000"
"stantonpendant","0.0000"
"torrelpendant","0.0000"
"unionbath","0.0000"
"unionwall","0.0000"
"valmontwall","0.0000"
"veropendant","0.0000"
"vistaiipendant","0.0000"
"vistaiipost","0.0000"
"vistaiiwall","0.0000"
"zoeybath","0.0000"
"alluriabath","0.0000"
"astorpendant","0.0000"
"cometsconce","0.0000"
"georgekovacsconicpendant","0.0000"
"larrypendant","0.0000"
"liftoffchandelier","0.0000"
"pontilchandelier","0.0000"
"pontilpendant","0.0000"
"saberbath","0.0000"
"sidestepsconce","0.0000"
"silverslicependant","0.0000"
"baytreelanesconce","0.0000"
"brixtonivyposts","0.0000"
"colescrossingchandelier","0.0000"
"escudillasconce","0.0000"
"harbourpointflush","0.0000"
"harvardcourtflush","0.0000"
"mantielsconce","0.0000"
"silvercreekchandelier","0.0000"
"baskinpendant","0.0000"
"murrayfeissbellependant","0.0000"
"cadencependant","0.0000"
"conantpendant","0.0000"
"corinnependant","0.0000"
"cotswoldlaneflushmounts","0.0000"
"cotswoldlanewallsconces","0.0000"
"elmorependant","0.0000"
"frontagependant","0.0000"
"hobsonpendant","0.0000"
"issenflush","0.0000"
"loraspendant","0.0000"
"lorassconce","0.0000"
"murrayfeissmilasconce","0.0000"
"reddingstationwallsconces","0.0000"
"shepherdsconce","0.0000"
"waveformpendant","0.0000"
"alvafan","0.0000"
"anywherefan","0.0000"
"artemisfan","0.0000"
"artemisivfan","0.0000"
"artemisxl5fan","0.0000"
"audreyfandelier","0.0000"
"aviationfan","0.0000"
"blingfan","0.0000"
"cleanfan","0.0000"
"conceptfan","0.0000"
"conceptifan","0.0000"
"conceptiifan","0.0000"
"conceptiiifan","0.0000"
"conceptivfan","0.0000"
"dreamstarfan","0.0000"
"dynofan","0.0000"
"dynoxlfan","0.0000"
"ellipsefan","0.0000"
"espacefan","0.0000"
"greatroomfan","0.0000"
"javafan","0.0000"
"kafefan","0.0000"
"kafexlfan","0.0000"
"kolaxlfan","0.0000"
"lunairefan","0.0000"
"orbfan","0.0000"
"raptorfan","0.0000"
"rotofan","0.0000"
"rotoxlfan","0.0000"
"rudolphfan","0.0000"
"sabotfan","0.0000"
"simplefan","0.0000"
"skyhawkfan","0.0000"
"slantfan","0.0000"
"sleekfan","0.0000"
"slipstreamfan","0.0000"
"spacesaverfan","0.0000"
"sweptfan","0.0000"
"symbiofan","0.0000"
"tearfan","0.0000"
"timberfan","0.0000"
"timelessfan","0.0000"
"waveiifan","0.0000"
"windmolenfan","0.0000"
"xtremefan","0.0000"
"xtremeh2ofan","0.0000"
"adlerfan","0.0000"
"arcadefan","0.0000"
"armstrongfan","0.0000"
"colonymaxfan","0.0000"
"destinfan","0.0000"
"discusclassicfan","0.0000"
"discusclassiciifan","0.0000"
"discusornatefan","0.0000"
"discusoutdoorfan","0.0000"
"prairiefan","0.0000"
"syrusfan","0.0000"
"visionmaxfan","0.0000"
"amelieflush","0.0000"
"ameliependant","0.0000"
"amherstchandelier","0.0000"
"belenuspendant","0.0000"
"cabaretpendant","0.0000"
"cavolichandelier","0.0000"
"elegantcenturychandelier","0.0000"
"centuryflush","0.0000"
"centurywallsconces","0.0000"
"constellationpendant","0.0000"
"elegantcoronachandelier","0.0000"
"coronaflush","0.0000"
"coronawallsconces","0.0000"
"dallaswallsconces","0.0000"
"erenflush","0.0000"
"erenpendant","0.0000"
"erenwallsconces","0.0000"
"elegantgenevachandelier","0.0000"
"gisellechandelier","0.0000"
"hanapendant","0.0000"
"influxflush","0.0000"
"influxpendant","0.0000"
"laurelpendant","0.0000"
"lilliependant","0.0000"
"lyndonpendant","0.0000"
"lyndonwallsconces","0.0000"
"elegantmadisonchandelier","0.0000"
"madisonlinear","0.0000"
"elegantmadisonpendant","0.0000"
"madisonwallsconces","0.0000"
"maltachandelier","0.0000"
"elegantmariatheresachandelier","0.0000"
"mariatheresaflush","0.0000"
"mariatheresapendant","0.0000"
"mariatheresawallsconces","0.0000"
"elegantmaximeflush","0.0000"
"elegantmonacochandelier","0.0000"
"monacowallsconces","0.0000"
"monarchwallsconces","0.0000"
"elegantmonroechandelier","0.0000"
"elegantmonroeflush","0.0000"
"elegantmonroependant","0.0000"
"monroewallsconces","0.0000"
"nordicchandelier","0.0000"
"nordicflush","0.0000"
"nordicwallsconces","0.0000"
"novastellapendant","0.0000"
"oliviachandelier","0.0000"
"elegantoliviapendant","0.0000"
"oliviawallsconces","0.0000"
"parischandelier","0.0000"
"picassowallsconces","0.0000"
"polarischandelier","0.0000"
"primochandelier","0.0000"
"primoflush","0.0000"
"elegantprimopendant","0.0000"
"primowallsconces","0.0000"
"elegantprincetonchandelier","0.0000"
"rococopendant","0.0000"
"rosaliachandelier","0.0000"
"rosaliaflush","0.0000"
"rosaliapendant","0.0000"
"rosaliawallsconces","0.0000"
"ruellependant","0.0000"
"solacependant","0.0000"
"spiralchandelier","0.0000"
"stfrancischandelier","0.0000"
"stfrancispendant","0.0000"
"stfranciswallsconces","0.0000"
"sydneychandelier","0.0000"
"sydneyflush","0.0000"
"sydneylinear","0.0000"
"sydneypendant","0.0000"
"sydneywallsconces","0.0000"
"touregchandelier","0.0000"
"touregflush","0.0000"
"touregpendant","0.0000"
"touregwallsconces","0.0000"
"eleganttranquilchandelier","0.0000"
"tranquilflush","0.0000"
"tranquilpendant","0.0000"
"tranquilwallsconces","0.0000"
"valettachandelier","0.0000"
"vegawallsconces","0.0000"
"veronachandelier","0.0000"
"victoriawallsconces","0.0000"
"alovl638221agcl","0.0000"
"alofm554015mb","0.0000"
"alopd530313bnop","0.0000"
"alopd502204agcr","0.0000"
"alofm506108mbcl","0.0000"
"alopd543022mbwl","0.0000"
"alowv578805mbag","0.0000"
"alowv578805whag","0.0000"
"alowv578925whag","0.0000"
"alofm523013bg","0.0000"
"alowv523210bg","0.0000"
"aloch517338mbcl","0.0000"
"alowv572325mbag","0.0000"
"alovl524217agop","0.0000"
"alovl524217chop","0.0000"
"alovl524326agop","0.0000"
"alowv524006agop","0.0000"
"alopd541014mbop","0.0000"
"alopd563012mbcl","0.0000"
"alopd529116mbop","0.0000"
"alovl538322bncl","0.0000"
"alosf505326mbop","0.0000"
"alowv505106agop","0.0000"
"alofm522211agop","0.0000"
"aloch570423mbcl","0.0000"
"alopd601608agop","0.0000"
"alopd601710mbcl","0.0000"
"alowv540106mbgo","0.0000"
"aloch548518bgcl","0.0000"
"aloch548518bgop","0.0000"
"aloch548518mbcl","0.0000"
"aloch548637bgcl","0.0000"
"alolp548848mbcl","0.0000"
"alopd548315mbcl","0.0000"
"alovl548431mbsm","0.0000"
"alowv548006bgcl","0.0000"
"alowv548006mbcl","0.0000"
"alowv548217bgop","0.0000"
"alowv548217mbcl","0.0000"
"alowv648006mb","0.0000"
"et2e30117bk","0.0000"
"max26370clnab","0.0000"
"max2882gl","0.0000"
"max10228bo","0.0000"
"max10229om","0.0000"
"max12161glcry","0.0000"
"max10238bo","0.0000"
"max40912clacpbo","0.0000"
"max40914clbo","0.0000"
"max40914clacpbo","0.0000"
"max30054clbkgld","0.0000"
"max12093swsn","0.0000"
"max12094swsbr","0.0000"
"glass759","0.0000"
"kovp5336077l","0.0000"
"allstonchandelier","0.0000"
"bridgetownchandelier","0.0000"
"clarencechandelier","0.0000"
"cometchandelier","0.0000"
"artcraftcoronachandelier","0.0000"
"artcrafthamiltonchandelier","0.0000"
"organicchandelier","0.0000"
"artcrafttribecachandelier","0.0000"
"clarenceflush","0.0000"
"artcrafttribecaflush","0.0000"
"edisonpendant","0.0000"
"freemontsconce","0.0000"
"organicsconce","0.0000"
"artcrafttribecasconce","0.0000"
"ainsleychandelier","0.0000"
"anastasiapendant","0.0000"
"ariasconces","0.0000"
"ascherchandelier","0.0000"
"aschersconces","0.0000"
"ashlandsconces","0.0000"
"aurorapendant","0.0000"
"bainbridgebath","0.0000"
"beechwoodchandelier","0.0000"
"belladonnachandelier","0.0000"
"belmontpendant","0.0000"
"belmontsconces","0.0000"
"bexleybath","0.0000"
"bistrochandelier","0.0000"
"bogartbath","0.0000"
"bogartchandelier","0.0000"
"bradburypendant","0.0000"
"brierfieldpendant","0.0000"
"cameosconces","0.0000"
"cameosemiflush","0.0000"
"candelerosconces","0.0000"
"carrarachandelier","0.0000"
"carsonpendant","0.0000"
"catalinabath","0.0000"
"contemporarylinear","0.0000"
"covingtonpendant","0.0000"
"duluthbath","0.0000"
"duluthlinear","0.0000"
"eatonbath","0.0000"
"ellabath","0.0000"
"emerypendant","0.0000"
"emiliasconces","0.0000"
"esperanzachandelier","0.0000"
"espillesconces","0.0000"
"eternitypendant","0.0000"
"genevievependant","0.0000"
"giadalinear","0.0000"
"giadasconces","0.0000"
"greenwichbath","0.0000"
"harlowechandelier","0.0000"
"harperchandelier","0.0000"
"jardinpendant","0.0000"
"jardinsconces","0.0000"
"junechandelier","0.0000"
"junesconces","0.0000"
"kalcolightingcameopendant","0.0000"
"kalcolightingdoverbath","0.0000"
"kalcolightingeverettchandelier","0.0000"
"kalcolightinggraysonchandelier","0.0000"
"kalcolightingharlowebath","0.0000"
"kalcolightingharperpendant","0.0000"
"kalcolightingkingstonchandelier","0.0000"
"kalcolightinglansdaleflush","0.0000"
"kalcolightingportlandpendant","0.0000"
"kalcolightingstellapendant","0.0000"
"kalcolightingsussexpendant","0.0000"
"kalcolightingveropendant","0.0000"
"kierachandelier","0.0000"
"kingstonsconces","0.0000"
"lakewoodsconces","0.0000"
"laramiebath","0.0000"
"lavopendant","0.0000"
"lennoxpendant","0.0000"
"librarychandelier","0.0000"
"lornebath","0.0000"
"lornechandelier","0.0000"
"lornelinear","0.0000"
"lornesconces","0.0000"
"ludlowpendant","0.0000"
"maechandelier","0.0000"
"maesconces","0.0000"
"marinabath","0.0000"
"meteorlinear","0.0000"
"meteorpendant","0.0000"
"meteorsconces","0.0000"
"middletonpendant","0.0000"
"milochandelier","0.0000"
"milopendant","0.0000"
"milosconces","0.0000"
"morrependant","0.0000"
"newhallpendant","0.0000"
"optikasconces","0.0000"
"palomarpendant","0.0000"
"ponderosasconces","0.0000"
"pontibath","0.0000"
"portlandflush","0.0000"
"pradopendant","0.0000"
"prescottsconces","0.0000"
"provencechandelier","0.0000"
"reddingchandelier","0.0000"
"regentbath","0.0000"
"rhapsodybath","0.0000"
"ronanpendant","0.0000"
"ronansconces","0.0000"
"roxypendant","0.0000"
"santabarbaraflush","0.0000"
"santabarbaraoutdoorpost","0.0000"
"santabarbarapendant","0.0000"
"santabarbarasconces","0.0000"
"sharlowpendant","0.0000"
"solanachandelier","0.0000"
"somerspendant","0.0000"
"sophialinear","0.0000"
"sophiasconces","0.0000"
"stuyvesantchandelier","0.0000"
"sutterpendant","0.0000"
"tahoechandelier","0.0000"
"tazapendant","0.0000"
"unionchandelier","0.0000"
"unionlinear","0.0000"
"westonbath","0.0000"
"whittakerpendant","0.0000"
"wickenburgpendant","0.0000"
"winchestersconces","0.0000"
"alpinechandelier","0.0000"
"amwellpost","0.0000"
"amwellwall","0.0000"
"arabesquelinear","0.0000"
"arielflush","0.0000"
"artglasspendant","0.0000"
"astorflush","0.0000"
"astoriabath","0.0000"
"berwickflush","0.0000"
"callistochandelier","0.0000"
"cambridgependant","0.0000"
"cambridgepost","0.0000"
"cambridgewall","0.0000"
"ceilingmedallionmedallion","0.0000"
"chesterfieldpenningtonsemi","0.0000"
"chesterfieldpenningtonwall","0.0000"
"chesterfieldwall","0.0000"
"classicbath","0.0000"
"coronadobath","0.0000"
"coronadowall","0.0000"
"cranfordwall","0.0000"
"daphnechandelier","0.0000"
"diamondchandelier","0.0000"
"edgemontbath","0.0000"
"edgemontflush","0.0000"
"georgetownpendant","0.0000"
"georgetownpost","0.0000"
"grammercybath","0.0000"
"grammercychandelier","0.0000"
"grammercyflush","0.0000"
"grammercypendant","0.0000"
"grammercywall","0.0000"
"hilliardlinear","0.0000"
"hilliardpendant","0.0000"
"hollbornwall","0.0000"
"homebasicswall","0.0000"
"hopewellwall","0.0000"
"jeffersonflush","0.0000"
"laurelchandelier","0.0000"
"lawrencevillelinear","0.0000"
"lawrencevillependant","0.0000"
"legacyflush","0.0000"
"livexbelmontbath","0.0000"
"livexcoronadochandelier","0.0000"
"livexessexbath","0.0000"
"livexessexchandelier","0.0000"
"livexessexflush","0.0000"
"livexessexpendant","0.0000"
"livexharborflush","0.0000"
"livexlivingstonpendant","0.0000"
"livextitaniaflush","0.0000"
"livexvalentinawall","0.0000"
"livexwestonpendant","0.0000"
"livexwestoverpendant","0.0000"
"livingstonflush","0.0000"
"metuchenlinear","0.0000"
"middlebushflush","0.0000"
"middlebushpendant","0.0000"
"midtownbath","0.0000"
"mirabellachandelier","0.0000"
"montereyflush","0.0000"
"montereygeorgetownflush","0.0000"
"montereypendant","0.0000"
"montereypost","0.0000"
"montereywall","0.0000"
"morganpendant","0.0000"
"morganpost","0.0000"
"morganwall","0.0000"
"newbrightonflush","0.0000"
"newburghflush","0.0000"
"oasissemi","0.0000"
"outdoorbasicspost","0.0000"
"outdoorbasicswall","0.0000"
"pelhambath","0.0000"
"pelhamwall","0.0000"
"penningtonchandelier","0.0000"
"princetonwall","0.0000"
"somervillebath","0.0000"
"somervillechandelier","0.0000"
"somervilleflush","0.0000"
"somervillewall","0.0000"
"springfieldbath","0.0000"
"stratusflush","0.0000"
"swingarmwalllampswall","0.0000"
"trumbullchandelier","0.0000"
"trumbulllinear","0.0000"
"valentinaflush","0.0000"
"valentinapendant","0.0000"
"wesleyflush","0.0000"
"westfieldbath","0.0000"
"westfieldchandelier","0.0000"
"westlakebath","0.0000"
"westonwall","0.0000"
"williamsburghwall","0.0000"
"wittenwall","0.0000"
"kuz501112bgled","0.0000"
"kuzws25125bg","0.0000"
"alopd302003mbbg","0.0000"
"kuzws10324bg","0.0000"
"kuzmp18203bg","0.0000"
"utt25204","0.0000"
"utt25268","0.0000"
"utt25287","0.0000"
"utt25289","0.0000"
"utt60198","0.0000"
"utt60202","0.0000"
"min274566a","0.0000"
"min274866a","0.0000"
"min2748695","0.0000"
"min287366al","0.0000"
"min287477l","0.0000"
"min71544l","0.0000"
"min71566al","0.0000"
"min71584l","0.0000"
"out7221166a","0.0000"
"out7221266a","0.0000"
"out7328866","0.0000"
"out73291143c","0.0000"
"out73292143c","0.0000"
"out73293143c","0.0000"
"out73294143c","0.0000"
"out73295143c","0.0000"
"out73296143c","0.0000"
"out73297143c","0.0000"
"out73298143c","0.0000"
"globoflush","0.0000"
"tagliatochandelier","0.0000"
"tagliatolinear","0.0000"
"tagliatosconce","0.0000"
"abelpendant","0.0000"
"addisonbath","0.0000"
"adelaideflush","0.0000"
"adrianopendant","0.0000"
"ameliabath","0.0000"
"amelialinear","0.0000"
"aloralightingarcherchandelier","0.0000"
"archerflush","0.0000"
"archerpendant","0.0000"
"aloralightingarchersconce","0.0000"
"arlopendant","0.0000"
"arlosconce","0.0000"
"belleviewpendant","0.0000"
"aloralightingbelmontflush","0.0000"
"aloralightingbelmontpendant","0.0000"
"aloralightingbelmontsconce","0.0000"
"bijoupendant","0.0000"
"blakesconce","0.0000"
"blakewall","0.0000"
"aloralightingbordeauxpendant","0.0000"
"aloralightingbrentwoodsconce","0.0000"
"brisbaneflush","0.0000"
"aloralightingcapripendant","0.0000"
"aloralightingcaprisconce","0.0000"
"cassiachandelier","0.0000"
"cassialinear","0.0000"
"cassiasconce","0.0000"
"cassiasemiflush","0.0000"
"castillachandelier","0.0000"
"castillaflush","0.0000"
"castillapendant","0.0000"
"castillasconce","0.0000"
"copperfieldpendant","0.0000"
"cyrusbath","0.0000"
"cyrusflush","0.0000"
"cyruslinear","0.0000"
"cyruspendant","0.0000"
"cyrussconce","0.0000"
"danielsconce","0.0000"
"danielwall","0.0000"
"delilahpendant","0.0000"
"emikoflush","0.0000"
"emikolinear","0.0000"
"emikopendant","0.0000"
"emikosconce","0.0000"
"emikowall","0.0000"
"emilchandelier","0.0000"
"emilflush","0.0000"
"emilpendant","0.0000"
"emilsconce","0.0000"
"felixsconce","0.0000"
"felixwall","0.0000"
"francescachandelier","0.0000"
"francescapendant","0.0000"
"francescasemiflush","0.0000"
"fujipendant","0.0000"
"gabrielsconce","0.0000"
"gabrielwall","0.0000"
"halstonpendant","0.0000"
"halstonsconce","0.0000"
"aloralightinghanapendant","0.0000"
"aloralightingharperpendant","0.0000"
"havenflush","0.0000"
"havenpendant","0.0000"
"hazelbath","0.0000"
"aloralightinghazelpendant","0.0000"
"aloralightinghazelsconce","0.0000"
"holdenpendant","0.0000"
"judechandelier","0.0000"
"judependant","0.0000"
"judesemiflush","0.0000"
"julianapendant","0.0000"
"kenjichandelier","0.0000"
"kenjipendant","0.0000"
"kentpendant","0.0000"
"kimptonsconce","0.0000"
"kingsleybath","0.0000"
"larchmontsconce","0.0000"
"lavalflush","0.0000"
"lincolnpendant","0.0000"
"lucypendant","0.0000"
"manilapendant","0.0000"
"margauxlamp","0.0000"
"noraflush","0.0000"
"norapendant","0.0000"
"norasconce","0.0000"
"nouveaubath","0.0000"
"nouveauchandelier","0.0000"
"nouveauflush","0.0000"
"nouveaupendant","0.0000"
"nouveausconce","0.0000"
"nouveausemiflush","0.0000"
"oliverpendant","0.0000"
"oscarpendant","0.0000"
"oscarsconce","0.0000"
"oscarsemiflush","0.0000"
"plissechandelier","0.0000"
"plisseflush","0.0000"
"plissependant","0.0000"
"plissesconce","0.0000"
"plumeflush","0.0000"
"plumependant","0.0000"
"quincypendant","0.0000"
"quincysconce","0.0000"
"royalependant","0.0000"
"rubiochandelier","0.0000"
"rubioflush","0.0000"
"rubiopendant","0.0000"
"salemchandelier","0.0000"
"salemflush","0.0000"
"aloralightingsalemsconce","0.0000"
"sashalamp","0.0000"
"aloralightingsojipendant","0.0000"
"speakeasypendant","0.0000"
"aloralightingsydneyflush","0.0000"
"theoflush","0.0000"
"theopendant","0.0000"
"aloralightingwestlakebath","0.0000"
"westlakeflush","0.0000"
"westlakelinear","0.0000"
"westlakependant","0.0000"
"westlakesconce","0.0000"
"aloralightingwillowbath","0.0000"
"aloralightingwillowchandelier","0.0000"
"aloralightingwillowlinear","0.0000"
"aloralightingwillowpendant","0.0000"
"aloralightingwillowsconce","0.0000"
"altapendant","0.0000"
"apolloflush","0.0000"
"apollolinear","0.0000"
"argentopendant","0.0000"
"arieslinear","0.0000"
"ariessconce","0.0000"
"athenalinear","0.0000"
"athenapendant","0.0000"
"athenasconce","0.0000"
"baguettependant","0.0000"
"baugettependant","0.0000"
"campodorobath","0.0000"
"carettapendant","0.0000"
"carmellapendant","0.0000"
"carmellasconce","0.0000"
"catalanichandelier","0.0000"
"catenapendant","0.0000"
"cessanosemi","0.0000"
"chauvetflush","0.0000"
"cielobath","0.0000"
"ciottolopendant","0.0000"
"constellationsconce","0.0000"
"cortinapendant","0.0000"
"elisechandelier","0.0000"
"elisesconce","0.0000"
"felicitypendant","0.0000"
"fonsecapendant","0.0000"
"glacierbath","0.0000"
"glaciersconce","0.0000"
"goccelinear","0.0000"
"jolivetsconce","0.0000"
"jonilinear","0.0000"
"jonipendant","0.0000"
"jonisconce","0.0000"
"juliensconce","0.0000"
"lanapendant","0.0000"
"linabath","0.0000"
"lorosemi","0.0000"
"marazzibath","0.0000"
"marseillechandelier","0.0000"
"massimopendant","0.0000"
"milieumetroflush","0.0000"
"milieumetropendant","0.0000"
"milieumetrosconce","0.0000"
"mundopendant","0.0000"
"nuvolependant","0.0000"
"pendolochandelier","0.0000"
"privebath","0.0000"
"privependant","0.0000"
"privesconce","0.0000"
"quadropendant","0.0000"
"quasarpendant","0.0000"
"quasarsconce","0.0000"
"rettangololinear","0.0000"
"saturnopendant","0.0000"
"saviachandelier","0.0000"
"serreschandelier","0.0000"
"sprazzopendant","0.0000"
"stratopendant","0.0000"
"tamburopendant","0.0000"
"tavochandelier","0.0000"
"tendapendant","0.0000"
"tenutapendant","0.0000"
"tenutasconce","0.0000"
"torrebath","0.0000"
"torrellichandelier","0.0000"
"vermeerbath","0.0000"
"vermeerfloor","0.0000"
"vermeerflush","0.0000"
"vermeerpendant","0.0000"
"vermeersconce","0.0000"
"vermeertable","0.0000"
"vianobath","0.0000"
"vianopendant","0.0000"
"vianosconce","0.0000"
"vitapendant","0.0000"
"vitasconce","0.0000"
"voltarependant","0.0000"
"far250497","0.0000"
"far250502","0.0000"
"far250503","0.0000"
"far250530","0.0000"
"far250548","0.0000"
"uttw00537","0.0000"
"uttw00542","0.0000"
"uttw00543","0.0000"
"uttw260871","0.0000"
"uttw261071","0.0000"
"abigailmirror","0.0000"
"abrilmirror","0.0000"
"agassizchandelier","0.0000"
"altairchandelier","0.0000"
"alysonchandelier","0.0000"
"amarchandelier","0.0000"
"amazonpendant","0.0000"
"ameliachandelier","0.0000"
"cwiandespendant","0.0000"
"cwianellopendant","0.0000"
"anemchandelier","0.0000"
"arenalflush","0.0000"
"arenalpendant","0.0000"
"ariellechandelier","0.0000"
"arkansaschandelier","0.0000"
"arleybath","0.0000"
"arleychandelier","0.0000"
"aryapendant","0.0000"
"bagheerachandelier","0.0000"
"belindachandelier","0.0000"
"birdcagependant","0.0000"
"bjouxchandelier","0.0000"
"blackbridgewallsconce","0.0000"
"blackburnwallsconce","0.0000"
"camptonflush","0.0000"
"carolinachandelier","0.0000"
"carolinapendant","0.0000"
"carolinawallsconce","0.0000"
"celestependant","0.0000"
"chalicechandelier","0.0000"
"cityscapechandelier","0.0000"
"cityscapewallsconce","0.0000"
"collarchandelier","0.0000"
"crawfordwallsconce","0.0000"
"croissantchandelier","0.0000"
"croissantwallsconce","0.0000"
"cubechandelier","0.0000"
"dashflush","0.0000"
"decochandelier","0.0000"
"deuxluneschandelier","0.0000"
"diamondpendant","0.0000"
"elementarypendant","0.0000"
"elementchandelier","0.0000"
"elementflush","0.0000"
"elementwallsconce","0.0000"
"eltonchandelier","0.0000"
"cwiempirechandelier","0.0000"
"empireflush","0.0000"
"empirelamp","0.0000"
"empiretablelamp","0.0000"
"empirewallsconce","0.0000"
"esiachandelier","0.0000"
"eustiswallsconce","0.0000"
"extendedpendant","0.0000"
"felicitychandelier","0.0000"
"flutechandelier","0.0000"
"genevievechandelier","0.0000"
"genevievewallsconce","0.0000"
"glamorousbath","0.0000"
"gondolachandelier","0.0000"
"greenwoodwallsconce","0.0000"
"guadianawallsconce","0.0000"
"havelywall","0.0000"
"havelywallsconce","0.0000"
"henriettachandelier","0.0000"
"hoopschandelier","0.0000"
"hoopswallsconce","0.0000"
"cwiirispendant","0.0000"
"ivychandelier","0.0000"
"juliettechandelier","0.0000"
"keenchandelier","0.0000"
"keilapendant","0.0000"
"kierawallsconce","0.0000"
"kristachandelier","0.0000"
"lantependant","0.0000"
"leawoodwallsconce","0.0000"
"lillianawallsconce","0.0000"
"madelinechandelier","0.0000"
"mikaylachandelier","0.0000"
"mikaylaflush","0.0000"
"milanwallsconce","0.0000"
"miroirchandelier","0.0000"
"cwimorganpendant","0.0000"
"moxielinear","0.0000"
"moxiependant","0.0000"
"orguechandelier","0.0000"
"oxidependant","0.0000"
"pagolinear","0.0000"
"pallocinochandelier","0.0000"
"pallocinoflush","0.0000"
"pamelaflush","0.0000"
"pamelalamp","0.0000"
"panachechandelier","0.0000"
"petiachandelier","0.0000"
"phrayachandelier","0.0000"
"pipeslinear","0.0000"
"privateiwallsconce","0.0000"
"quidawallsconce","0.0000"
"rosalinachandelier","0.0000"
"saleenpendant","0.0000"
"savannahwallsconce","0.0000"
"shaliachandelier","0.0000"
"shalialinear","0.0000"
"cwisierrachandelier","0.0000"
"sierrawallsconce","0.0000"
"cwispiralflush","0.0000"
"squarechandelier","0.0000"
"starburstchandelier","0.0000"
"stefaniachandelier","0.0000"
"stefaniaflush","0.0000"
"strumlinear","0.0000"
"taylorchandelier","0.0000"
"tranchependant","0.0000"
"tudorchandelier","0.0000"
"vastchandelier","0.0000"
"veroniquechandelier","0.0000"
"weisschandelier","0.0000"
"metn6660865","0.0000"
"metn7336790","0.0000"
"metn7353790","0.0000"
"metn7355790","0.0000"
"metn7994572l","0.0000"
"metn9186","0.0000"
"metn9906","0.0000"
"arpledam3436","0.0000"
"arpledbm4836","0.0000"
"arpchfrm3436","0.0000"
"arpledovm2442","0.0000"
"bellagiochandelier","0.0000"
"bravependant","0.0000"
"cataniawall","0.0000"
"clevelandwall","0.0000"
"cwilenapendant","0.0000"
"nevachandelier","0.0000"
"nevapendant","0.0000"
"olindachandelier","0.0000"
"olindapendant","0.0000"
"olindawall","0.0000"
"oskilbath","0.0000"
"oskilchandelier","0.0000"
"pienzachandelier","0.0000"
"salvadorchandelier","0.0000"
"valdiviaflush","0.0000"
"hin901058fmbndd","0.0000"
"hin901072fmbndd","0.0000"
"hin904627fhblia","0.0000"
"gol0314ba3bcbclr","0.0000"
"gol0865a1wagvai","0.0000"
"gol10845fmblkbw","0.0000"
"gol1157fmbcb","0.0000"
"gol31241wdr","0.0000"
"gol6952mbcbclr","0.0000"
"gol6952mblkclr","0.0000"
"gol6952sfbcbclr","0.0000"
"gol9126fm18wgop","0.0000"
"gol3602vl3pwbk","0.0000"
"gol3602vl3pwpw","0.0000"
"gol3604m1lblkblk","0.0000"
"gol3604m1lblkrd","0.0000"
"far250553","0.0000"
"far250559","0.0000"
"far250569","0.0000"
"far250578","0.0000"
"far250589","0.0000"
"far250605","0.0000"
"far250606","0.0000"
"far250607","0.0000"
"far250613","0.0000"
"far250620","0.0000"
"far250621","0.0000"
"farw205889","0.0000"
"farw205891","0.0000"
"academyflush","0.0000"
"hinkleylightingacademypendant","0.0000"
"academysconces","0.0000"
"accentlandscape","0.0000"
"acclaimbath","0.0000"
"adairpendant","0.0000"
"adairpost","0.0000"
"adairsconces","0.0000"
"aidenbath","0.0000"
"alchemychandelier","0.0000"
"alchemylinear","0.0000"
"alchemysconces","0.0000"
"alfordplacependant","0.0000"
"alfordplacepost","0.0000"
"alfordplacesconces","0.0000"
"alisterchandelier","0.0000"
"altobath","0.0000"
"amabellebath","0.0000"
"ameliapendant","0.0000"
"aminasconces","0.0000"
"anabath","0.0000"
"anachandelier","0.0000"
"analinear","0.0000"
"anasconces","0.0000"
"anchoragependant","0.0000"
"anchoragepost","0.0000"
"anchoragesconces","0.0000"
"anderschandelier","0.0000"
"arcadiasconces","0.0000"
"hinkleylightingarcherchandelier","0.0000"
"argobath","0.0000"
"argoflush","0.0000"
"argopendant","0.0000"
"argosconces","0.0000"
"hinkleylightingariapendant","0.0000"
"hinkleylightingariasconces","0.0000"
"aroschandelier","0.0000"
"arospendant","0.0000"
"artibath","0.0000"
"artipendant","0.0000"
"artisconces","0.0000"
"artistefan","0.0000"
"astonchandelier","0.0000"
"hinkleylightingastoriabath","0.0000"
"astridchandelier","0.0000"
"hinkleylightingastridpendant","0.0000"
"atlantislandscape","0.0000"
"atlantispathway","0.0000"
"atlantispost","0.0000"
"atlantissconces","0.0000"
"atwaterpendant","0.0000"
"atwaterpiermount","0.0000"
"atwaterpost","0.0000"
"atwatersconces","0.0000"
"atwellpathway","0.0000"
"atwellsconces","0.0000"
"audenbath","0.0000"
"augustasconces","0.0000"
"aurapathway","0.0000"
"avenuesconces","0.0000"
"avonbath","0.0000"
"hinkleylightingaxelflush","0.0000"
"axelsemis","0.0000"
"axissconces","0.0000"
"axissemis","0.0000"
"bainbridgesconces","0.0000"
"beaconhillpendant","0.0000"
"beaconhillpiermount","0.0000"
"beaconhillpost","0.0000"
"beaconhillsconces","0.0000"
"beaumontlinear","0.0000"
"beldenplacesconces","0.0000"
"bettechandelier","0.0000"
"biminifan","0.0000"
"binghampendant","0.0000"
"binghampiermount","0.0000"
"binghampost","0.0000"
"binghamsconces","0.0000"
"hinkleylightingbodiechandelier","0.0000"
"bollabath","0.0000"
"hinkleylightingbollachandelier","0.0000"
"bollaflush","0.0000"
"bollasconces","0.0000"
"bollasemis","0.0000"
"briarsconces","0.0000"
"brixtonflush","0.0000"
"brixtonpost","0.0000"
"brixtonsconces","0.0000"
"bromleypendant","0.0000"
"bromleypost","0.0000"
"bromleysconces","0.0000"
"brookebath","0.0000"
"brooklynpendant","0.0000"
"burkesconces","0.0000"
"burtonsconces","0.0000"
"cabanafan","0.0000"
"callaflush","0.0000"
"calvinpendant","0.0000"
"cambridgechandelier","0.0000"
"cambridgeflush","0.0000"
"cambridgesconces","0.0000"
"capecodpendant","0.0000"
"capecodpost","0.0000"
"capecodsconces","0.0000"
"hinkleylightingcarltonchandelier","0.0000"
"hinkleylightingcarsonpendant","0.0000"
"carsonsconces","0.0000"
"carterchandelier","0.0000"
"carterlinear","0.0000"
"cartersemis","0.0000"
"cartwrightchandelier","0.0000"
"hinkleylightingcartwrightpendant","0.0000"
"casachandelier","0.0000"
"casapendant","0.0000"
"casapost","0.0000"
"casasconces","0.0000"
"cascadesconces","0.0000"
"cedricflush","0.0000"
"cedricpendant","0.0000"
"chancechandelier","0.0000"
"chancesemis","0.0000"
"charlottesemis","0.0000"
"chathamsconces","0.0000"
"cherrycreeksconces","0.0000"
"clancypendant","0.0000"
"clancysconces","0.0000"
"clarendonchandelier","0.0000"
"clarendonpendant","0.0000"
"clarkechandelier","0.0000"
"clarkependant","0.0000"
"clarkesemis","0.0000"
"cliftonparksconces","0.0000"
"colbinflush","0.0000"
"colfaxsconces","0.0000"
"collierpendant","0.0000"
"colliersconces","0.0000"
"colliersemis","0.0000"
"congressbath","0.0000"
"congressflush","0.0000"
"congresspendant","0.0000"
"congresssconces","0.0000"
"contoursconces","0.0000"
"cordillerasconces","0.0000"
"crewflush","0.0000"
"crewlinear","0.0000"
"crewpendant","0.0000"
"crewsconces","0.0000"
"hinkleylightingdakotachandelier","0.0000"
"danburysconces","0.0000"
"darbybath","0.0000"
"dashlandscape","0.0000"
"dellabath","0.0000"
"dentonbath","0.0000"
"dentonlinear","0.0000"
"dentonsconces","0.0000"
"desichandelier","0.0000"
"dorianpendant","0.0000"
"dorianpost","0.0000"
"doriansconces","0.0000"
"dotlandscape","0.0000"
"hinkleylightingeastonbath","0.0000"
"echelonchandelier","0.0000"
"edgewaterflush","0.0000"
"edgewaterpendant","0.0000"
"edgewaterpost","0.0000"
"edgewatersconces","0.0000"
"eleanorchandelier","0.0000"
"eleanorsconces","0.0000"
"ellebath","0.0000"
"emeryflush","0.0000"
"eosbath","0.0000"
"hinkleylightingeuclidchandelier","0.0000"
"hinkleylightingeuclidpendant","0.0000"
"euclidsconces","0.0000"
"hinkleylightingeverettchandelier","0.0000"
"everettsconces","0.0000"
"ezrachandelier","0.0000"
"ezralinear","0.0000"
"facetbath","0.0000"
"filmorebath","0.0000"
"hinkleylightingfinleypendant","0.0000"
"fitzgeraldsconces","0.0000"
"flarelandscape","0.0000"
"fletcherbath","0.0000"
"fletcherchandelier","0.0000"
"fletcherpendant","0.0000"
"fletchersconces","0.0000"
"florachandelier","0.0000"
"foliochandelier","0.0000"
"forgeflush","0.0000"
"fosterbath","0.0000"
"foundryclassicpendant","0.0000"
"foundryclassicsconces","0.0000"
"foundrydomependant","0.0000"
"foundrydomesconces","0.0000"
"foundrysignlightsconces","0.0000"
"foundrypathway","0.0000"
"francoisebath","0.0000"
"freeportlandscape","0.0000"
"freeportpendant","0.0000"
"hinkleylightingfreeportpost","0.0000"
"freeportsconces","0.0000"
"fritzbath","0.0000"
"fulhamchandelier","0.0000"
"fulhamflush","0.0000"
"fultonflush","0.0000"
"fultonlinear","0.0000"
"fultonpendant","0.0000"
"fultonsconces","0.0000"
"gentryflush","0.0000"
"hinkleylightinggentrypendant","0.0000"
"gentrysemis","0.0000"
"giaflush","0.0000"
"giasconces","0.0000"
"gildasconces","0.0000"
"glaciersconces","0.0000"
"grahamsemis","0.0000"
"grantpendant","0.0000"
"grantpost","0.0000"
"grantsconces","0.0000"
"hinkleylightinghadleyflush","0.0000"
"hadleysemis","0.0000"
"haloflush","0.0000"
"halsteadbath","0.0000"
"hamiltonsconces","0.0000"
"hamptonchandelier","0.0000"
"hamptonlinear","0.0000"
"hamptonpendant","0.0000"
"hamptonsconces","0.0000"
"hamptonsemis","0.0000"
"hinkleylightingharborflush","0.0000"
"harborlandscape","0.0000"
"hinkleylightingharborpendant","0.0000"
"harborpiermount","0.0000"
"harborpost","0.0000"
"harborsconces","0.0000"
"hardyislandspot","0.0000"
"harperflush","0.0000"
"harpersemis","0.0000"
"harrisonflush","0.0000"
"hathawaychandelier","0.0000"
"hathawayflush","0.0000"
"hinkleylightinghathawaypendant","0.0000"
"hathawaysemis","0.0000"
"hayeschandelier","0.0000"
"henribath","0.0000"
"hollisbath","0.0000"
"hollislinear","0.0000"
"hollissemis","0.0000"
"horizonsconces","0.0000"
"hoverflushfans","0.0000"
"huntersfieldpendant","0.0000"
"huntersfieldpost","0.0000"
"huntersfieldsconces","0.0000"
"indymaxxfans","0.0000"
"indyfan","0.0000"
"hinkleylightingjacksonbath","0.0000"
"jamesonsconces","0.0000"
"jaxpendant","0.0000"
"jaxsconces","0.0000"
"jaymessconces","0.0000"
"jonaspendant","0.0000"
"karliebath","0.0000"
"hinkleylightingkubeflush","0.0000"
"kyrabath","0.0000"
"lagunachandelier","0.0000"
"lakehousependant","0.0000"
"lakehousepost","0.0000"
"lakehousesconces","0.0000"
"langstonsconces","0.0000"
"lanzabath","0.0000"
"hinkleylightinglatitudebath","0.0000"
"latitudelinear","0.0000"
"latitudesconces","0.0000"
"hinkleylightinglaurelbath","0.0000"
"leosconces","0.0000"
"hinkleylightinglexipendant","0.0000"
"lexsconces","0.0000"
"linevoltagedeckledlandscape","0.0000"
"linevoltagespotspot","0.0000"
"linevoltagelandscape","0.0000"
"linksconces","0.0000"
"linksemis","0.0000"
"lotussemis","0.0000"
"lowellflush","0.0000"
"lucachandelier","0.0000"
"lucapendant","0.0000"
"lucentbath","0.0000"
"ludlowsconces","0.0000"
"lunaflush","0.0000"
"lunasconces","0.0000"
"lunasteplight","0.0000"
"lustersconces","0.0000"
"lyrabath","0.0000"
"maevebath","0.0000"
"malonependant","0.0000"
"hinkleylightingmanhattanpendant","0.0000"
"manhattanpiermount","0.0000"
"manhattanpost","0.0000"
"manhattansconces","0.0000"
"manorhousesconces","0.0000"
"margeauxsconces","0.0000"
"mastheadbath","0.0000"
"maxpendant","0.0000"
"maxpost","0.0000"
"maxsconces","0.0000"
"maxwellflush","0.0000"
"mercersconces","0.0000"
"hinkleylightingmeridianbath","0.0000"
"milabath","0.0000"
"milessconces","0.0000"
"mileybath","0.0000"
"mistsconces","0.0000"
"mondrianchandelier","0.0000"
"hinkleylightingmonroechandelier","0.0000"
"montecitopiermount","0.0000"
"montroseflush","0.0000"
"mushroompathway","0.0000"
"nantucketsconces","0.0000"
"nashpendant","0.0000"
"nautiquependant","0.0000"
"hinkleylightingnevisbath","0.0000"
"newportsconces","0.0000"
"nikkochandelier","0.0000"
"nikkopendant","0.0000"
"noahbath","0.0000"
"nouvellesconces","0.0000"
"nulachandelier","0.0000"
"nulalinear","0.0000"
"nulapendant","0.0000"
"nulasconces","0.0000"
"nuvilandscape","0.0000"
"nuvipathway","0.0000"
"oasisfan","0.0000"
"odeonpendant","0.0000"
"oliverflush","0.0000"
"hinkleylightingoliverpendant","0.0000"
"oslosconces","0.0000"
"hinkleylightingpalmabath","0.0000"
"palmapendant","0.0000"
"palmapost","0.0000"
"palmasconces","0.0000"
"pathpizaledlandscape","0.0000"
"paxsconces","0.0000"
"pearsonsconces","0.0000"
"penleybath","0.0000"
"pietrabath","0.0000"
"plantationbath","0.0000"
"plantationchandelier","0.0000"
"plantationflush","0.0000"
"plantationpendant","0.0000"
"plantationpost","0.0000"
"plantationsconces","0.0000"
"plymouthchandelier","0.0000"
"poppybath","0.0000"
"poppysconces","0.0000"
"poppysemis","0.0000"
"porteflush","0.0000"
"porterflush","0.0000"
"porterpendant","0.0000"
"porterpost","0.0000"
"portersconces","0.0000"
"portiabath","0.0000"
"porticochandelier","0.0000"
"quentinchandelier","0.0000"
"quentinlinear","0.0000"
"raleypathway","0.0000"
"raleypendant","0.0000"
"raleypost","0.0000"
"raleysconces","0.0000"
"randolphsconces","0.0000"
"reefpendant","0.0000"
"reefpost","0.0000"
"reefsconces","0.0000"
"reesebath","0.0000"
"reevechandelier","0.0000"
"reevelinear","0.0000"
"refinerypendant","0.0000"
"reidpendant","0.0000"
"remibath","0.0000"
"republicpendant","0.0000"
"republicpiermount","0.0000"
"republicpost","0.0000"
"republicsconces","0.0000"
"reverepiermount","0.0000"
"reveresconces","0.0000"
"rexpathway","0.0000"
"rhodespendant","0.0000"
"rhodessconces","0.0000"
"rigbybath","0.0000"
"rigbylinear","0.0000"
"rigbysconces","0.0000"
"rixonbath","0.0000"
"rocachandelier","0.0000"
"rollinsbath","0.0000"
"rooksconces","0.0000"
"hinkleylightingrowanbath","0.0000"
"rowleysconces","0.0000"
"rydensconces","0.0000"
"sagharborsconces","0.0000"
"sanclementependant","0.0000"
"sanclementepost","0.0000"
"sanclementesconces","0.0000"
"saturnpendant","0.0000"
"saturnpost","0.0000"
"saturnsconces","0.0000"
"sawyerbath","0.0000"
"hinkleylightingsawyerchandelier","0.0000"
"sawyerfandelier","0.0000"
"hinkleylightingsawyerflush","0.0000"
"hinkleylightingsawyerpendant","0.0000"
"sawyersconces","0.0000"
"saylorbath","0.0000"
"scoutsconces","0.0000"
"selbychandelier","0.0000"
"shawpendant","0.0000"
"shelterlandscape","0.0000"
"shelterpathway","0.0000"
"shelterpendant","0.0000"
"shelterpost","0.0000"
"sheltersconces","0.0000"
"silaschandelier","0.0000"
"silosconces","0.0000"
"simibath","0.0000"
"simisconces","0.0000"
"sinclairchandelier","0.0000"
"skyechandelier","0.0000"
"skyependant","0.0000"
"hinkleylightingsomersetbath","0.0000"
"hinkleylightingsomersetpendant","0.0000"
"somersetsemis","0.0000"
"springfieldlandscape","0.0000"
"stagsconces","0.0000"
"stinsonchandelier","0.0000"
"stinsonlinear","0.0000"
"stinsonsconces","0.0000"
"sullivansconces","0.0000"
"sussexchandelier","0.0000"
"sussexsconces","0.0000"
"sutcliffepiermount","0.0000"
"sutcliffepost","0.0000"
"sutcliffesconces","0.0000"
"hinkleylightingtahoependant","0.0000"
"tahoesconces","0.0000"
"taperlandscape","0.0000"
"taperpathway","0.0000"
"tapersconces","0.0000"
"taylorbath","0.0000"
"telluridechandelier","0.0000"
"terracelandscape","0.0000"
"thistledownbath","0.0000"
"tierfan","0.0000"
"tournonpendant","0.0000"
"trafalgarpendant","0.0000"
"trafalgarpost","0.0000"
"trafalgarsconces","0.0000"
"trellispendant","0.0000"
"trellispiermount","0.0000"
"trellispost","0.0000"
"trellissconces","0.0000"
"tremontbath","0.0000"
"tresschandelier","0.0000"
"tresslinear","0.0000"
"tresspendant","0.0000"
"tresssconces","0.0000"
"treyfan","0.0000"
"hinkleylightingtribecachandelier","0.0000"
"tropicairfans","0.0000"
"troyersconces","0.0000"
"tuckerpendant","0.0000"
"tuckerpost","0.0000"
"tuckersconces","0.0000"
"twiggylinear","0.0000"
"vancependant","0.0000"
"vantagefan","0.0000"
"vaporsconces","0.0000"
"vasopendant","0.0000"
"hinkleylightingvaughnbath","0.0000"
"vectorsconces","0.0000"
"ventusfan","0.0000"
"vergefan","0.0000"
"vinsconces","0.0000"
"vivibath","0.0000"
"vuesconces","0.0000"
"walkerpendant","0.0000"
"walkerpost","0.0000"
"walkersconces","0.0000"
"warbypendant","0.0000"
"warbysconces","0.0000"
"watsonpendant","0.0000"
"wellschandelier","0.0000"
"wellslinear","0.0000"
"weymouthpiermount","0.0000"
"weymouthpost","0.0000"
"weymouthsconces","0.0000"
"willoughbysconces","0.0000"
"hinkleylightingwindsorpendant","0.0000"
"windsorpost","0.0000"
"windsorsconces","0.0000"
"winniependant","0.0000"
"winniesconces","0.0000"
"wintonbath","0.0000"
"xanderbath","0.0000"
"yalesconces","0.0000"
"ziggypendant","0.0000"
"alumiluxsconcesconce","0.0000"
"dorianlinear","0.0000"
"et2lightingcarmenpendant","0.0000"
"et2lightingdorianpendant","0.0000"
"et2lightingechoflush","0.0000"
"et2lightingechopendant","0.0000"
"flutependant","0.0000"
"gembath","0.0000"
"gravitysconce","0.0000"
"nodesflush","0.0000"
"nodespendant","0.0000"
"penroselinear","0.0000"
"penrosependant","0.0000"
"penrosesconce","0.0000"
"piercependant","0.0000"
"piercesconce","0.0000"
"rinklelinear","0.0000"
"rinklesconce","0.0000"
"sonatalinear","0.0000"
"stillopendant","0.0000"
"tectonicsconce","0.0000"
"totemsconce","0.0000"
"unitylinear","0.0000"
"agavependant","0.0000"
"ariellinear","0.0000"
"bowerychandelier","0.0000"
"cabotchandelier","0.0000"
"centricchandelier","0.0000"
"cordobachandelier","0.0000"
"delfinachandelier","0.0000"
"delfinawall","0.0000"
"echochandelier","0.0000"
"ensemblechandelier","0.0000"
"ensemblelinear","0.0000"
"ensemblependant","0.0000"
"evechandelier","0.0000"
"evependant","0.0000"
"evewall","0.0000"
"farrahchandelier","0.0000"
"farrahlinear","0.0000"
"farrahpendant","0.0000"
"fionachandelier","0.0000"
"gemmaflush","0.0000"
"gemmapendant","0.0000"
"gemmawall","0.0000"
"gigichandelier","0.0000"
"gigipendant","0.0000"
"fredrickramondharmonylinear","0.0000"
"fredrickramondharmonypendant","0.0000"
"impulsechandelier","0.0000"
"joliechandelier","0.0000"
"juleschandelier","0.0000"
"mimechandelier","0.0000"
"mimependant","0.0000"
"mimesemi","0.0000"
"mimewall","0.0000"
"odettechandelier","0.0000"
"revelchandelier","0.0000"
"revellinear","0.0000"
"reveriechandelier","0.0000"
"spyrewall","0.0000"
"styxwall","0.0000"
"fredrickramondtangentlinear","0.0000"
"fredrickramondtrinitychandelier","0.0000"
"trinitylinear","0.0000"
"trystchandelier","0.0000"
"vidachandelier","0.0000"
"vidasemi","0.0000"
"vidawall","0.0000"
"alouettebath","0.0000"
"alouettelinear","0.0000"
"alouettesemi","0.0000"
"alouettewall","0.0000"
"andromedachandelier","0.0000"
"barkerbath","0.0000"
"barkerpendant","0.0000"
"barkersemi","0.0000"
"barkerwall","0.0000"
"blairmorelinear","0.0000"
"blairmorependant","0.0000"
"blairmoresemi","0.0000"
"cabottrailflush","0.0000"
"cabottraillinear","0.0000"
"cabottrailpendant","0.0000"
"capebretonbath","0.0000"
"capebretonlinear","0.0000"
"capebretonpendant","0.0000"
"countyfairflush","0.0000"
"countyfairoutdoorpost","0.0000"
"countyfairpendant","0.0000"
"countyfairwall","0.0000"
"courcelettebath","0.0000"
"courcelettechandelier","0.0000"
"courcelettelinear","0.0000"
"courcelettependant","0.0000"
"courcelettesemi","0.0000"
"courcelettewall","0.0000"
"dvilightingdowntownpendant","0.0000"
"dvilightingdowntownsemi","0.0000"
"dvilightingoakhurstpendant","0.0000"
"dvilightingzurichflush","0.0000"
"erinbath","0.0000"
"essexchandelier","0.0000"
"fortgarryflush","0.0000"
"fortgarrylinear","0.0000"
"fortgarrypendant","0.0000"
"fortgarrysemi","0.0000"
"gastownsemi","0.0000"
"georgianbaychandelier","0.0000"
"georgianbaypendant","0.0000"
"kingswaywall","0.0000"
"lakeloftpendant","0.0000"
"lakeloftsemi","0.0000"
"lakeofthewoodswall","0.0000"
"lundyslanelinear","0.0000"
"lundyslanependant","0.0000"
"maudbath","0.0000"
"maudflush","0.0000"
"montroyalpendant","0.0000"
"nieuportwall","0.0000"
"oakhurstsemi","0.0000"
"oceandrivechandelier","0.0000"
"oceandrivesemi","0.0000"
"okanaganbath","0.0000"
"okanaganpendant","0.0000"
"peggyscovebath","0.0000"
"peggyscovependant","0.0000"
"peggyscovewall","0.0000"
"polygonlinear","0.0000"
"polygonpendant","0.0000"
"princetonbath","0.0000"
"riverdalebath","0.0000"
"riverdalewall","0.0000"
"sambrebath","0.0000"
"sambrelinear","0.0000"
"sambrependant","0.0000"
"sambresemi","0.0000"
"sambrewall","0.0000"
"schoolhousependant","0.0000"
"schoolhousesemi","0.0000"
"secordbath","0.0000"
"stjulianpendant","0.0000"
"tropealinear","0.0000"
"tropeapendant","0.0000"
"tropeawall","0.0000"
"charmingpendant","0.0000"
"convolutionpendant","0.0000"
"cosmetchandelier","0.0000"
"curiolinear","0.0000"
"georgekovacshalopendant","0.0000"
"georgekovacsswivelchandelier","0.0000"
"lightrainpendant","0.0000"
"putnamplacependant","0.0000"
"sanmarinpendant","0.0000"
"wandpendant","0.0000"
"altafan","0.0000"
"brycefandelier","0.0000"
"chetfan","0.0000"
"concurfan","0.0000"
"draftsmanfan","0.0000"
"elifandelier","0.0000"
"finniganfandelier","0.0000"
"indyflushfans","0.0000"
"neofan","0.0000"
"hin10014bk","0.0000"
"hin1535bzlma30k","0.0000"
"hin1557sk","0.0000"
"hin15602sk","0.0000"
"hin15702bzlma30k","0.0000"
"hin15702mzlma30k","0.0000"
"hin15705bzlma30k","0.0000"
"hin15705mzlma30k","0.0000"
"hin15708mzlma27k","0.0000"
"hin15708mzlma30k","0.0000"
"hin17020ozll","0.0000"
"hin17025ozll","0.0000"
"hin30026bng","0.0000"
"hin31010hb","0.0000"
"hin31013hb","0.0000"
"hin3691pn","0.0000"
"hin43010hb","0.0000"
"hin43012hb","0.0000"
"hin43013hb","0.0000"
"hin45000hb","0.0000"
"hin45006bx","0.0000"
"hin4558bk","0.0000"
"hin47095bk","0.0000"
"hin47095hb","0.0000"
"hin53062lcb","0.0000"
"hin57080bkhb","0.0000"
"hin58062bk","0.0000"
"frefr30203bngbg","0.0000"
"frefr30205bng","0.0000"
"frefr30815txp","0.0000"
"frefr30816bng","0.0000"
"frefr31266hbr","0.0000"
"frefr42455bx","0.0000"
"academysemi","0.0000"
"bayfieldbath","0.0000"
"bayfieldsconce","0.0000"
"capemaypendant","0.0000"
"catlinbath","0.0000"
"chathamposts","0.0000"
"childressposts","0.0000"
"classicopendant","0.0000"
"classicoposts","0.0000"
"corbeillechandelier","0.0000"
"crowellposts","0.0000"
"dawespendant","0.0000"
"droplensfluorescentflush","0.0000"
"eddingtonposts","0.0000"
"eddingtonsconce","0.0000"
"fluorescentceilingflush","0.0000"
"generationarildapendant","0.0000"
"generationclassicosconce","0.0000"
"generationclipflush","0.0000"
"generationgereonpendant","0.0000"
"generationkatependant","0.0000"
"generationkentpendant","0.0000"
"generationmarinussconce","0.0000"
"generationzirependant","0.0000"
"greenbrierpendant","0.0000"
"hanfordbath","0.0000"
"hanfordpendant","0.0000"
"kemalbath","0.0000"
"kemalchandelier","0.0000"
"kentposts","0.0000"
"kentsemi","0.0000"
"lakeviewflush","0.0000"
"leopendant","0.0000"
"marinopendant","0.0000"
"martinsvillependant","0.0000"
"martinsvilleposts","0.0000"
"martinsvillesconce","0.0000"
"medfordlakessconce","0.0000"
"metcalfbath","0.0000"
"metcalfchandelier","0.0000"
"metcalfpendant","0.0000"
"norwoodbath","0.0000"
"norwoodchandelier","0.0000"
"polycarbonatesconce","0.0000"
"prattstreetprismaticpendant","0.0000"
"robiebath","0.0000"
"robiechandelier","0.0000"
"robiependant","0.0000"
"sunsetdriveflush","0.0000"
"tomekflush","0.0000"
"tomekposts","0.0000"
"tomeksconce","0.0000"
"wilburnflush","0.0000"
"wilburnpendant","0.0000"
"wilburnposts","0.0000"
"aidensconces","0.0000"
"alchemypendant","0.0000"
"baxleysemis","0.0000"
"beckflush","0.0000"
"beckhamflush","0.0000"
"beckhamsconces","0.0000"
"beckpendant","0.0000"
"catalinasconces","0.0000"
"chapelhillsconces","0.0000"
"coenpendant","0.0000"
"coensconces","0.0000"
"cruzsconces","0.0000"
"dawsonsconces","0.0000"
"elinbath","0.0000"
"ellisonbath","0.0000"
"ellisonsconces","0.0000"
"facetlinear","0.0000"
"facetpendant","0.0000"
"floralinear","0.0000"
"giadachandelier","0.0000"
"hardyislandpathway","0.0000"
"hinkleylightingflorapendant","0.0000"
"hinkleylightingkingstonsconces","0.0000"
"lakehousepathway","0.0000"
"lewischandelier","0.0000"
"lewislinear","0.0000"
"lewissconces","0.0000"
"lucienbath","0.0000"
"luciensconces","0.0000"
"maddoxpendant","0.0000"
"manorhousepost","0.0000"
"regissconces","0.0000"
"republicflush","0.0000"
"republicpathway","0.0000"
"revolvepathway","0.0000"
"rydenbath","0.0000"
"saturnpathway","0.0000"
"stokessconces","0.0000"
"tournonsemis","0.0000"
"troyerpathway","0.0000"
"twylapendant","0.0000"
"wallacesconces","0.0000"
"zevibath","0.0000"
"zevisconces","0.0000"
"zlt4852vbn","0.0000"
"zlt350016mb","0.0000"
"zlt597phb519pbk","0.0000"
"zlt597phb533pmbk","0.0000"
"zlt597phb553pmbk","0.0000"
"zlt597phb567pbk","0.0000"
"zlt597phbbk","0.0000"
"zlt597phm519pbk","0.0000"
"zlt597phm533pmbk","0.0000"
"zlt597phm553pmbk","0.0000"
"zlt597phm567pbk","0.0000"
"zlt597phmbk","0.0000"
"zlt1943p26mb","0.0000"
"zlt1943p8mgld","0.0000"
"zlt521chxlbk","0.0000"
"zlt739p12brzrb","0.0000"
"zlt739p24brzrb","0.0000"
"zlt739p32rb","0.0000"
"zlt822p26hb","0.0000"
"zlt517mbkled","0.0000"
"zlt520bbkled","0.0000"
"zlt520sbkled","0.0000"
"zlt576m2bkled","0.0000"
"zlt576s2bkled","0.0000"
"zlt597mbk","0.0000"
"zlt739sbrzrb","0.0000"
"zlt739srb","0.0000"
"agavechandelier","0.0000"
"dunesconce","0.0000"
"dunesemi","0.0000"
"fredrickramonddunechandelier","0.0000"
"fredrickramonddunependant","0.0000"
"fredrickramondelsapendant","0.0000"
"inezpendant","0.0000"
"inezsemi","0.0000"
"jolielinear","0.0000"
"joliesemi","0.0000"
"nalalinear","0.0000"
"phoebechandelier","0.0000"
"renechandelier","0.0000"
"stitchlinear","0.0000"
"bristowbath","0.0000"
"cabotpendant","0.0000"
"dwyerpendant","0.0000"
"gladysbath","0.0000"
"kealbath","0.0000"
"kealsemiflush","0.0000"
"quinnsemiflush","0.0000"
"shelbybath","0.0000"
"shelbychandelier","0.0000"
"auresabath","0.0000"
"auresapendant","0.0000"
"auresasemi","0.0000"
"cascadependant","0.0000"
"codypendant","0.0000"
"deluzpendant","0.0000"
"deluzpost","0.0000"
"deluzsconce","0.0000"
"downtownedisonchandelier","0.0000"
"gloucesterpendant","0.0000"
"gloucesterpost","0.0000"
"gloucestersconce","0.0000"
"grahamavenuechandelier","0.0000"
"halifaxchandelier","0.0000"
"hillsidemanorsconce","0.0000"
"minkalaverysavannahpendant","0.0000"
"minkalaverysavannahsconce","0.0000"
"noblehillsconce","0.0000"
"savannahpost","0.0000"
"shorepointependant","0.0000"
"shorepointepost","0.0000"
"townhallpendant","0.0000"
"winsleyflush","0.0000"
"vaxf0107","0.0000"
"vaxc0278","0.0000"
"vaxt0669","0.0000"
"vaxt0670","0.0000"
"vaxt0645","0.0000"
"vaxt0655","0.0000"
"vaxt0661","0.0000"
"vaxc0263","0.0000"
"vaxc0281","0.0000"
"far250919","0.0000"
"ananovafan","0.0000"
"briargrovesconce","0.0000"
"chevronflush","0.0000"
"chevronlinear","0.0000"
"chevronpendant","0.0000"
"dohertychandelier","0.0000"
"dohertyflush","0.0000"
"dohertypendant","0.0000"
"dohertysconce","0.0000"
"downtownfan","0.0000"
"dukestownlinear","0.0000"
"dukestownsconce","0.0000"
"dunshirependant","0.0000"
"fitzgeraldfan","0.0000"
"gablecrestflush","0.0000"
"gallegosfan","0.0000"
"gatzbath","0.0000"
"hampshirefan","0.0000"
"houstonfan","0.0000"
"huntermapleparklinear","0.0000"
"huntermapleparkpendant","0.0000"
"huntersquiremanorpendant","0.0000"
"jupiterstarpendant","0.0000"
"jupiterstarsemi","0.0000"
"kerrisonsconce","0.0000"
"kleinpendant","0.0000"
"lawndalefan","0.0000"
"lenlockbath","0.0000"
"lykkefan","0.0000"
"merlinchandelier","0.0000"
"merlinsconce","0.0000"
"nolitabath","0.0000"
"nolitachandelier","0.0000"
"nolitapendant","0.0000"
"nolitasconce","0.0000"
"perchpointbath","0.0000"
"perchpointchandelier","0.0000"
"perchpointpendant","0.0000"
"perchpointsconce","0.0000"
"perchpointsemi","0.0000"
"rivermillbath","0.0000"
"rivermillchandelier","0.0000"
"rivermillpendant","0.0000"
"rivermillsconce","0.0000"
"rivermillsemi","0.0000"
"saddlecreekbath","0.0000"
"saddlecreekchandelier","0.0000"
"saddlecreeklinear","0.0000"
"saddlecreeksconce","0.0000"
"saddlecreeksemi","0.0000"
"saddlewoodlinear","0.0000"
"sencillofan","0.0000"
"solhavenpendant","0.0000"
"squiremanorbath","0.0000"
"squiremanorsconce","0.0000"
"stonecreekpendant","0.0000"
"sunjaichandelier","0.0000"
"sunjaipendant","0.0000"
"sunjaisconce","0.0000"
"sunjaisemi","0.0000"
"swansonfan","0.0000"
"terracecovefan","0.0000"
"wedgefieldpendant","0.0000"
"wilderfan","0.0000"
"woodburnbath","0.0000"
"woodburnlinear","0.0000"
"woodburnpendant","0.0000"
"xidanebath","0.0000"
"xidanechandelier","0.0000"
"xidanelinear","0.0000"
"xidanependant","0.0000"
"xidanesconce","0.0000"
"zaydenfan","0.0000"
"zoannechandelier","0.0000"
"zoannependant","0.0000"
"far250956","0.0000"
"far250968","0.0000"
"far250996","0.0000"
"far250997","0.0000"
"far251010","0.0000"
"far251016","0.0000"
"far251018","0.0000"
"far251042","0.0000"
"far251053","0.0000"
"hudsonwall","0.0000"
"pandorabath","0.0000"
"vegachandelier","0.0000"
"vegalplinear","0.0000"
"vegamplinear","0.0000"
"max52132bk","0.0000"
"max2889gl","0.0000"
"max16129clbkab","0.0000"
"max60232wl","0.0000"
"max60230om","0.0000"
"max60230wl","0.0000"
"max60232gy","0.0000"
"max26101bz","0.0000"
"max32481swbknab","0.0000"
"donairefan","0.0000"
"laurafan","0.0000"
"lindsayfan","0.0000"
"mollyfan","0.0000"
"far251081","0.0000"
"far251089","0.0000"
"far251135","0.0000"
"far251143","0.0000"
"far251216","0.0000"
"far251224","0.0000"
"far251246","0.0000"
"far251276","0.0000"
"far251282","0.0000"
"far251285","0.0000"
"far251293","0.0000"
"far251295","0.0000"
"far251310","0.0000"
"far251328","0.0000"
"far251338","0.0000"
"far251391","0.0000"
"far251395","0.0000"
"mon3adr52bkbk","0.0000"
"mon3adr52rzw","0.0000"
"mon3ikdr52rzwd","0.0000"
"mon3rzhr52rzw","0.0000"
"et2e24075bknab","0.0000"
"et2e25050chk","0.0000"
"et2e25051chk","0.0000"
"et2e25058chk","0.0000"
"et2e25051trc","0.0000"
"et2e23222sa","0.0000"
"maxfrd0136ar","0.0000"
"maxfrd0118bk","0.0000"
"maxfrd0124bk","0.0000"
"maxfrd0118gs","0.0000"
"mon3tthr44rzwd","0.0000"
"mon3tthr44sbd","0.0000"
"crw1592p323612","0.0000"
"crw1592p43612rc","0.0000"
"arbolespendant","0.0000"
"brookcrestpendant","0.0000"
"cisnechandelier","0.0000"
"cisnependant","0.0000"
"contrastpendant","0.0000"
"grandeillusionpendant","0.0000"
"grandeurlinear","0.0000"
"grandeurpendant","0.0000"
"luxourpendant","0.0000"
"metropolitansohopendant","0.0000"
"metropolitantribecapendant","0.0000"
"painesdalelinear","0.0000"
"painesdalependant","0.0000"
"primavistalinear","0.0000"
"primavistapendant","0.0000"
"sablepointbath","0.0000"
"suttonpendant","0.0000"
"gol0868sfbc","0.0000"
"gol10881wmbgclr","0.0000"
"gol1088ba3blkclr","0.0000"
"gol11401wblkhwg","0.0000"
"gol3118lblkclr","0.0000"
"gol3136fmbcbop","0.0000"
"gol3136fmblkop","0.0000"
"gol3602ba4blkab","0.0000"
"gol3602ba4blkbk","0.0000"
"gol3602ba4blkblk","0.0000"
"gol3602ba4blkgy","0.0000"
"gol3602ba4blkpw","0.0000"
"gol3602ba4blksf","0.0000"
"gol3602ba4blkwh","0.0000"
"gol3602ba4blkwht","0.0000"
"gol69303pvfg","0.0000"
"gol6930wscvfgil","0.0000"
"dynamofan","0.0000"
"ellipseflush","0.0000"
"ellipsependant","0.0000"
"ellipsesconce","0.0000"
"fusebath","0.0000"
"journeyflush","0.0000"
"pilarflush","0.0000"
"far251556","0.0000"
"airprohuggerfan","0.0000"
"alexaflush","0.0000"
"assemblyhallpendant","0.0000"
"carbonpendant","0.0000"
"cascadiachandelier","0.0000"
"cascadiaflush","0.0000"
"cascadiapendant","0.0000"
"cherishsconce","0.0000"
"creightonposts","0.0000"
"creightonsconce","0.0000"
"debutchandelier","0.0000"
"debutsemi","0.0000"
"easthavenposts","0.0000"
"easthavensconce","0.0000"
"editionpendant","0.0000"
"endicottpendant","0.0000"
"endicottsconce","0.0000"
"equinoxchandelier","0.0000"
"finnpendant","0.0000"
"fresnellenspendant","0.0000"
"galleypendant","0.0000"
"gatherflush","0.0000"
"glimmersconce","0.0000"
"glimmersemi","0.0000"
"inviteflush","0.0000"
"invitependant","0.0000"
"ionchandelier","0.0000"
"leapflush","0.0000"
"maisonposts","0.0000"
"northparkfan","0.0000"
"progressratiopendant","0.0000"
"replayflush","0.0000"
"santeesconce","0.0000"
"squireposts","0.0000"
"squiresemi","0.0000"
"stauntonpendant","0.0000"
"tallypendant","0.0000"
"trependant","0.0000"
"valerasconce","0.0000"
"verdaeposts","0.0000"
"westportflush","0.0000"
"westportposts","0.0000"
"wishposts","0.0000"
"wishsconce","0.0000"
"z1010sconce","0.0000"
"z1030sconce","0.0000"
"zurabath","0.0000"
"kuzat6506bg","0.0000"
"kuzat6606bg","0.0000"
"kuzcf94956mg","0.0000"
"kuzch23534bg","0.0000"
"kuzch23534bk","0.0000"
"aloch415331bgop","0.0000"
"aloch450715ag","0.0000"
"aloch450715agcw","0.0000"
"aloch450715mb","0.0000"
"aloch450715mbcw","0.0000"
"aloch450715wh","0.0000"
"aloch450732mbcw","0.0000"
"aloch450732wh","0.0000"
"aloch450732whcw","0.0000"
"kuzch89854bggo","0.0000"
"kuzeb40910bk","0.0000"
"kuzeb40924bk","0.0000"
"kuzeb40936bk","0.0000"
"kuzeb41924bk","0.0000"
"kuzeb41936bk","0.0000"
"kuzeb46418bk","0.0000"
"kuzeb46430bk","0.0000"
"kuzeb46440bk","0.0000"
"kuzeb47818bk","0.0000"
"kuzeb47829bk","0.0000"
"kuzeb47837bk","0.0000"
"kuzeb48516bk","0.0000"
"kuzeb48528bk","0.0000"
"kuzeb48919bk","0.0000"
"kuzeb48931bk","0.0000"
"kuzeb48941bk","0.0000"
"kuzeb49020bk","0.0000"
"kuzeb49031bk","0.0000"
"kuzeb49041bk","0.0000"
"kuzeb49718bk","0.0000"
"kuzeb49730bk","0.0000"
"kuzeb49740bk","0.0000"
"kuzeb82217bk","0.0000"
"kuzeb82229bk","0.0000"
"kuzeb82239bk","0.0000"
"kuzeb83317bk","0.0000"
"kuzeb83329bk","0.0000"
"kuzeb83339bk","0.0000"
"kuzep56913bkop","0.0000"
"kuzew39005bk","0.0000"
"kuzew39506bk","0.0000"
"kuzew70714bk","0.0000"
"kuzew70720bk","0.0000"
"kuzew72332bk","0.0000"
"kuzew72355bk","0.0000"
"kuzew72533bk","0.0000"
"kuzew72560bk","0.0000"
"kuzew72724bk","0.0000"
"kuzew7512gy","0.0000"
"alofl485058mb","0.0000"
"kuzfm31205bkwh","0.0000"
"kuzfm53512bgcl","0.0000"
"kuzfm57508bgcp","0.0000"
"kuzfm58306bgop","0.0000"
"kuzfm58310bgop","0.0000"
"kuzfm58310bkop","0.0000"
"kuzlp45548bg","0.0000"
"kuzlp45548bk","0.0000"
"kuzlp45548bn","0.0000"
"kuzlp45548wh","0.0000"
"kuzlp45560bg","0.0000"
"kuzlp45560bk","0.0000"
"kuzlp45560bn","0.0000"
"kuzlp45560wh","0.0000"
"kuzlp96840bk","0.0000"
"kuzpd30501bgcl","0.0000"
"kuzpd30501bkcl","0.0000"
"kuzpd30502bgcl","0.0000"
"kuzpd30502bkcl","0.0000"
"kuzpd30505bgcl","0.0000"
"kuzpd30505bkcl","0.0000"
"alopd406418bggo","0.0000"
"alopd411311agmb","0.0000"
"alopd411311mbag","0.0000"
"alopd411314ag","0.0000"
"alopd411314agmb","0.0000"
"alopd411314mbag","0.0000"
"alopd411318ag","0.0000"
"alopd411318agmb","0.0000"
"alopd411318mbag","0.0000"
"alopd411811agcl","0.0000"
"alopd411811aggo","0.0000"
"alopd411811mbcl","0.0000"
"alopd411811mbsm","0.0000"
"alopd411814agcl","0.0000"
"alopd411814aggo","0.0000"
"alopd411814mbcl","0.0000"
"alopd411814mbgo","0.0000"
"alopd411814mbsm","0.0000"
"alopd411818agcl","0.0000"
"alopd411818aggo","0.0000"
"alopd411818mbcl","0.0000"
"alopd411818mbgo","0.0000"
"alopd411818mbsm","0.0000"
"alopd412011ag","0.0000"
"alopd412011agmb","0.0000"
"alopd412011mbag","0.0000"
"alopd412014ag","0.0000"
"alopd412014mbag","0.0000"
"alopd412018ag","0.0000"
"alopd412511agcl","0.0000"
"alopd412511aggo","0.0000"
"alopd412511mbcl","0.0000"
"alopd412511mbgo","0.0000"
"alopd412514aggo","0.0000"
"alopd412514mbcl","0.0000"
"alopd412514mbgo","0.0000"
"alopd412514mbsm","0.0000"
"alopd412518aggo","0.0000"
"alopd412518mbcl","0.0000"
"alopd412518mbgo","0.0000"
"alopd412518mbsm","0.0000"
"alopd464001ag","0.0000"
"alopd475113mbcl","0.0000"
"alosf411309ag","0.0000"
"alosf411309agmb","0.0000"
"alosf411309mbag","0.0000"
"alosf411809agcl","0.0000"
"alosf411809aggo","0.0000"
"alosf411809mbcl","0.0000"
"alosf411809mbgo","0.0000"
"alosf411809mbsm","0.0000"
"alosf412009agmb","0.0000"
"alosf412009mbag","0.0000"
"alosf412509aggo","0.0000"
"alosf412509mbgo","0.0000"
"alosf412509mbsm","0.0000"
"kuzsf59708bksm","0.0000"
"alovl418021mb","0.0000"
"alovl485221whop","0.0000"
"kuzvl52512bgcl","0.0000"
"kuzvl52512bkcl","0.0000"
"kuzvl52520bgcl","0.0000"
"kuzvl52520bkcl","0.0000"
"kuzvl53511bgcl","0.0000"
"kuzvl53511bkcl","0.0000"
"kuzvl53519bgcl","0.0000"
"kuzvl53519bkcl","0.0000"
"kuzws52505bgcl","0.0000"
"kuzws52505bkcl","0.0000"
"kuzws52511bgcl","0.0000"
"kuzws52511bkcl","0.0000"
"kuzws53505bgcl","0.0000"
"kuzws53505bkcl","0.0000"
"alowv411309agmb","0.0000"
"alowv411309mbag","0.0000"
"alowv411809agcl","0.0000"
"alowv411809mbcl","0.0000"
"alowv411809mbgo","0.0000"
"alowv412009ag","0.0000"
"alowv412009agmb","0.0000"
"alowv412009mbag","0.0000"
"alowv412509agcl","0.0000"
"alowv412509mbcl","0.0000"
"alowv412509mbgo","0.0000"
"alowv450706mbcw","0.0000"
"alowv450706wh","0.0000"
"alowv450706whcw","0.0000"
"alowv461101mb","0.0000"
"alowv461102mb","0.0000"
"alowv464002mb","0.0000"
"alowv473706agop","0.0000"
"alowv485007mb","0.0000"
"alowv607201mb","0.0000"
"alowv607202mb","0.0000"
"far251725","0.0000"
"far251750","0.0000"
"far251756","-1.0000"
"far251762","0.0000"
"far251763","0.0000"
"far251765","0.0000"
"far251768","0.0000"
"far251770","0.0000"
"far251771","0.0000"
"far251772","0.0000"
"far251773","0.0000"
"far251774","0.0000"
"far251775","0.0000"
"far251776","0.0000"
"far251777","0.0000"
"far251778","0.0000"
"far251779","0.0000"
"far251782","0.0000"
"far251783","0.0000"
"dvidvp15793chssw","0.0000"
"dvidvp1791chop","0.0000"
"dvidvp1791snop","0.0000"
"dvidvp1792chop","0.0000"
"dvidvp1798snop","0.0000"
"dvidvp1799chop","0.0000"
"dvidvp19371bk","0.0000"
"dvidvp34743grcl","0.0000"
"dvidvp34755grcl","0.0000"
"dvidvp39728mb3k","0.0000"
"dvidvp40420sngrrpg","0.0000"
"dvidvp40442sngrrpg","0.0000"
"dvidvp40457chrpg","0.0000"
"dvidvp40921mw","0.0000"
"dvidvp43060ssbk","0.0000"
"dvidvp43070ssbk","0.0000"
"dvidvp43090ssbk","0.0000"
"dvidvp43102ebop","0.0000"
"dvidvp43409br","0.0000"
"dvidvp43920brric","0.0000"
"dvidvp44218bkby","0.0000"
"dvidvp44218bkty","0.0000"
"dvidvp44218mwwy","0.0000"
"dvidvp44722gr","0.0000"
"dvidvp4522brrpg","0.0000"
"dvidvp4522chrpg","0.0000"
"dvidvp4543brrpg","0.0000"
"dvidvp4543chrpg","0.0000"
"dvidvp46802eb","0.0000"
"dvidvp46841eb","0.0000"
"dvidvp47310ebsn","0.0000"
"dvidvp47422ebop","0.0000"
"dvidvp47422brop","0.0000"
"dvidvp47443ebop","0.0000"
"dvidvp47444ebop","0.0000"
"dvidvp49412ebto","0.0000"
"dvidvp49412brto","0.0000"
"dvidvp49413ebto","0.0000"
"dvidvp49413brto","0.0000"
"dvidvp49421ebto","0.0000"
"dvidvp49421brto","0.0000"
"dvidvp49424brto","0.0000"
"dvidvp49426brto","0.0000"
"dvidvp50201brcrk","0.0000"
"dvidvp50224brcrk","0.0000"
"dvidvp50225brcrk","0.0000"
"farw252273","0.0000"
"far201037","0.0000"
"far251802","0.0000"
"far251845","0.0000"
"far251858","0.0000"
"far251864","0.0000"
"far251866","0.0000"
"far251883","0.0000"
"far251911","0.0000"
"far251929","0.0000"
"far251930","0.0000"
"far251934","0.0000"
"far251941","0.0000"
"far251951","0.0000"
"far251952","0.0000"
"far251958","0.0000"
"far251964","0.0000"
"far251968","0.0000"
"far251976","0.0000"
"far251988","0.0000"
"far251989","0.0000"
"far252039","0.0000"
"far252048","0.0000"
"far252121","0.0000"
"far252201","0.0000"
"far252202","0.0000"
"tol2901mbwg4812","0.0000"
"alamedabath","0.0000"
"alpinebath","0.0000"
"ansleypendant","0.0000"
"ansleysconce","0.0000"
"barkleybath","0.0000"
"barkleypendant","0.0000"
"belfoursconce","0.0000"
"bennettpendant","0.0000"
"boweryflush","0.0000"
"bowerysconce","0.0000"
"bryantlinear","0.0000"
"capriixfan","0.0000"
"caprixfan","0.0000"
"charterpendant","0.0000"
"charterposts","0.0000"
"domeflush","0.0000"
"ellisbath","0.0000"
"ellispendant","0.0000"
"ellissconce","0.0000"
"enclavechandelier","0.0000"
"enclavependant","0.0000"
"florencebath","0.0000"
"jardinbath","0.0000"
"jardinchandelier","0.0000"
"jardinlinear","0.0000"
"juliansconce","0.0000"
"lancasterbath","0.0000"
"lancasterchandelier","0.0000"
"lancasterlinear","0.0000"
"lancasterpendant","0.0000"
"larsonsconce","0.0000"
"madeleinesconce","0.0000"
"medallionpatiofan","0.0000"
"piazzafan","0.0000"
"porticofan","0.0000"
"premierfan","0.0000"
"questfan","0.0000"
"quoruminternationalansleychandelier","0.0000"
"quoruminternationalbryantsconce","0.0000"
"quoruminternationalcelestebath","0.0000"
"quoruminternationaldublinpendant","0.0000"
"quoruminternationalflorencechandelier","0.0000"
"quoruminternationalhadleysconce","0.0000"
"quoruminternationaljardinpendant","0.0000"
"quoruminternationalkirklandsconce","0.0000"
"quoruminternationallancastersconce","0.0000"
"quoruminternationalrichmondpendant","0.0000"
"richmondbath","0.0000"
"rossingtonchandelier","0.0000"
"sanmiguelbath","0.0000"
"sanmiguelchandelier","0.0000"
"sanmiguellinear","0.0000"
"sanmiguelsconce","0.0000"
"trapezeflush","0.0000"
"turnerfan","0.0000"
"baylorpendant","0.0000"
"baysidesconce","0.0000"
"bronzevillesemi","0.0000"
"daynapendant","0.0000"
"daynasemi","0.0000"
"doylependant","0.0000"
"generationgereonsconce","0.0000"
"gereonsemiflush","0.0000"
"hangingglobependant","0.0000"
"mellitapendant","0.0000"
"morrisonpendant","0.0000"
"outdoorcylindersflushmounts","0.0000"
"pohlsconce","0.0000"
"wilburnsconce","0.0000"
"generationzolapendant","0.0000"
"far201037par","0.0000"
"far252272par","0.0000"
"far252276par","0.0000"
"far252287par","0.0000"
"alecflush","0.0000"
"visualcomfortstudioangelopendant","0.0000"
"visualcomfortstudioapollosconce","0.0000"
"arlettpendant","0.0000"
"visualcomfortstudioasherpendant","0.0000"
"atlanticpendant","0.0000"
"baxleysconce","0.0000"
"beckhamclassicbath","0.0000"
"beckhamclassicchandelier","0.0000"
"beckhamclassicsconce","0.0000"
"beckhammodernchandelier","0.0000"
"beckhammodernsconce","0.0000"
"briannalinear","0.0000"
"visualcomfortstudiocaprisconce","0.0000"
"capritable","0.0000"
"cordtlandtpendant","0.0000"
"demisconce","0.0000"
"feccettapendant","0.0000"
"garrettsconce","0.0000"
"garretttable","0.0000"
"heliospendant","0.0000"
"janeflush","0.0000"
"janesconce","0.0000"
"jaxchandelier","0.0000"
"joanpendant","0.0000"
"joansconce","0.0000"
"keystonechandelier","0.0000"
"keystonependant","0.0000"
"visualcomfortstudiologanbath","0.0000"
"loganpendant","0.0000"
"visualcomfortstudiologansconce","0.0000"
"visualcomfortstudionodesflush","0.0000"
"nodeslinear","0.0000"
"visualcomfortstudionodespendant","0.0000"
"nodessconce","0.0000"
"visualcomfortstudiorichmondchandelier","0.0000"
"visualcomfortstudiosimonsconce","0.0000"
"southoldchandelier","0.0000"
"southoldlinear","0.0000"
"stoningtonchandelier","0.0000"
"westerlychandelier","0.0000"
"visualcomfortstudiowesterlysconce","0.0000"
"ele3508w15g","0.0000"
"ele3508w15c","0.0000"
"ele3508w15bk","0.0000"
"ele3508f18g","-4.0000"
"ele3508f18c","0.0000"
"ele3508f18bk","-2.0000"
"ele3508d30g","0.0000"
"ele3508d30c","0.0000"
"ele3508d30bk","0.0000"
"ele3508d45g","0.0000"
"ele3508d45c","0.0000"
"ele3508d45bk","0.0000"
"ele3508d50g","0.0000"
"ele3508d50c","0.0000"
"ele3508d50bk","0.0000"
"ele3508d56g","0.0000"
"ele3508d56c","0.0000"
"ele3508d56bk","0.0000"
"ele3509d24g","0.0000"
"ele3509d24c","0.0000"
"ele3509d24bk","0.0000"
"ele3509d29g","0.0000"
"ele3509d29c","0.0000"
"ele3509d29bk","0.0000"
"ele3509d35g","0.0000"
"ele3509d35c","0.0000"
"ele3509d35bk","0.0000"
"ele3509d42g","0.0000"
"ele3509d42c","0.0000"
"ele3509d42bk","0.0000"
"ele3509d48g","0.0000"
"ele3509d48c","0.0000"
"ele3509d48bk","0.0000"
"ele3509w6g","0.0000"
"ele3509w6c","0.0000"
"ele3509w6bk","0.0000"
"ele3509w11g","0.0000"
"ele3509w11c","0.0000"
"ele3509w11bk","0.0000"
"ele3509w18g","0.0000"
"ele3509w18c","0.0000"
"ele3509w18bk","0.0000"
"ele3509w25g","0.0000"
"ele3509w25c","0.0000"
"ele3509w25bk","0.0000"
"ele3509w32g","0.0000"
"ele3509w32c","0.0000"
"ele3509w32bk","0.0000"
"ele3509f12g","0.0000"
"ele3509f12c","0.0000"
"ele3509f12bk","0.0000"
"ele3509f14g","0.0000"
"ele3509f14c","0.0000"
"ele3509f14bk","0.0000"
"ele3509f16g","0.0000"
"ele3509f16c","0.0000"
"ele3509f16bk","0.0000"
"toltecapollochandelier","0.0000"
"toltecapollopendant","0.0000"
"toltecapollosconce","0.0000"
"abingdonpendant","0.0000"
"adelinebath","0.0000"
"adelinependant","0.0000"
"adelinesconce","0.0000"
"alastairchandelier","0.0000"
"alcottpendant","0.0000"
"goldenaldrichpendant","0.0000"
"alyssachandelier","0.0000"
"alyssasemiflush","0.0000"
"goldenannettependant","0.0000"
"ariellapendant","0.0000"
"goldenathenapendant","0.0000"
"athenasemiflush","0.0000"
"audrapendant","0.0000"
"audrasemiflush","0.0000"
"autumntwilightchandelier","0.0000"
"goldenbaileyflush","0.0000"
"bartlettbath","0.0000"
"bartlettpendant","0.0000"
"bartlettsemiflush","0.0000"
"bellemeadebath","0.0000"
"bijouxchandelier","0.0000"
"bijouxsemiflush","0.0000"
"carverlinear","0.0000"
"carversemiflush","0.0000"
"cassioflush","0.0000"
"cassiosemiflush","0.0000"
"castilechandelier","0.0000"
"castilesemiflush","0.0000"
"cerchiflush","0.0000"
"channingflush","0.0000"
"chathambath","0.0000"
"chathamchandelier","0.0000"
"chathamflush","0.0000"
"chathamsemiflush","0.0000"
"ciaraflush","0.0000"
"clemencebath","0.0000"
"dixonbath","0.0000"
"dixonpendant","0.0000"
"dixonsconce","0.0000"
"dixonsemiflush","0.0000"
"duncanflush","0.0000"
"duncanlinear","0.0000"
"duncanpendant","0.0000"
"duncansconce","0.0000"
"duncansemiflush","0.0000"
"goldenechelonchandelier","0.0000"
"eleanorsconce","0.0000"
"ellachandelier","0.0000"
"goldenellaflush","0.0000"
"goldenellapendant","0.0000"
"ellasemiflush","0.0000"
"elonbath","0.0000"
"ermaflush","0.0000"
"goldenermasconce","0.0000"
"ermasemiflush","0.0000"
"ferrisflush","0.0000"
"ferrispendant","0.0000"
"ferrissemiflush","0.0000"
"galvestonchandelier","0.0000"
"galvestonflush","0.0000"
"glennsconce","0.0000"
"hawthornsconce","0.0000"
"heartwoodbath","0.0000"
"hidalgochandelier","0.0000"
"hinesbath","0.0000"
"holmesflush","0.0000"
"holmespendant","0.0000"
"homesteadbath","0.0000"
"goldenhomesteadchandelier","0.0000"
"joiachandelier","0.0000"
"journeybath","0.0000"
"goldenjuleschandelier","0.0000"
"keatingsemiflush","0.0000"
"goldenkinsleypendant","0.0000"
"kinsleysconce","0.0000"
"kinsleysemiflush","0.0000"
"goldenlancasterlinear","0.0000"
"leightonpendant","0.0000"
"maderachandelier","0.0000"
"maderapendant","0.0000"
"maderasconce","0.0000"
"maltabath","0.0000"
"maltasconce","0.0000"
"goldenmanhattanbath","0.0000"
"manhattansemiflush","0.0000"
"marcochandelier","0.0000"
"marcosconce","0.0000"
"marcosemiflush","0.0000"
"goldenmercerbath","0.0000"
"mercerchandelier","0.0000"
"mercerflush","0.0000"
"mercerlinear","0.0000"
"goldenmercerpendant","0.0000"
"goldenmirabellachandelier","0.0000"
"goldenmonroechandelier","0.0000"
"multifamilypendant","0.0000"
"ormondbath","0.0000"
"orwellchbath","0.0000"
"orwellchflush","0.0000"
"orwellchsconce","0.0000"
"orwellpendant","0.0000"
"orwellsconce","0.0000"
"parrishbath","0.0000"
"parrishchandelier","0.0000"
"goldenpaytonflush","0.0000"
"pennflush","0.0000"
"pennsconce","0.0000"
"reysconce","0.0000"
"roxiebath","0.0000"
"ruesemiflush","0.0000"
"saldanochandelier","0.0000"
"saxonchandelier","0.0000"
"saxonflush","0.0000"
"seabrookependant","0.0000"
"seaportbath","0.0000"
"seaportflush","0.0000"
"seaportsconce","0.0000"
"seaportsemiflush","0.0000"
"smythlinear","0.0000"
"smythsemiflush","0.0000"
"teaganlinear","0.0000"
"teaganpendant","0.0000"
"teagansemiflush","0.0000"
"tierneylinear","0.0000"
"toliflush","0.0000"
"torbellinochandelier","0.0000"
"traverssconce","0.0000"
"tribecabath","0.0000"
"goldentribecachandelier","0.0000"
"tribecalinear","0.0000"
"goldentribecapendant","0.0000"
"tribecasemiflush","0.0000"
"goldenvalentinapendant","0.0000"
"vaughnsemiflush","0.0000"
"waverlysconce","0.0000"
"waverlysemiflush","0.0000"
"wessonlinear","0.0000"
"wessonpendant","0.0000"
"wessonsemiflush","0.0000"
"goldenwinslettbath","0.0000"
"winslettlinear","0.0000"
"goldenwinslettpendant","0.0000"
"yasminflush","0.0000"
"zarachandelier","0.0000"
"goldenzoeybath","0.0000"
"zoeyflush","0.0000"
"zoeypendant","0.0000"
"zoeysconce","0.0000"
"artac7624bk","0.0000"
"klc515745sn","0.0000"
"klc515141ol","0.0000"
"klc515145ol","0.0000"
"alg039162010fr001","0.0000"
"alg039162052fr001","0.0000"
"alg090421052fr001","0.0000"
"alg039661044fr001","0.0000"
"utt04349","0.0000"
"utt22904","0.0000"
"utt22905","0.0000"
"utt23682","0.0000"
"utt24970","0.0000"
"utt24987","0.0000"
"utt25084","0.0000"
"utt25105","0.0000"
"utt25285","0.0000"
"utt25288","0.0000"
"utt25456","0.0000"
"utt32274","0.0000"
"utt32281","0.0000"
"kic52588cpz","0.0000"
"kic52592bk","0.0000"
"kic52592cpz","0.0000"
"kic52597cpz","0.0000"
"kic52604bkcpz","0.0000"
"kic55161cpz","0.0000"
"kic55159cpz","0.0000"
"kic52556cpz","0.0000"
"kic52565cpzgrg","0.0000"
"kic52570cpzgrg","0.0000"
"kic52570cpzwh","0.0000"
"kic52529bk","0.0000"
"far252345","0.0000"
"far252350","0.0000"
"far252352","0.0000"
"far252367","0.0000"
"far252379","0.0000"
"far252419","0.0000"
"far252433","0.0000"
"far252455","0.0000"
"far252481","0.0000"
"far252484","0.0000"
"far252486","0.0000"
"far252492","0.0000"
"adamssconce","0.0000"
"akronpendant","0.0000"
"barisconce","0.0000"
"barringtonbath","0.0000"
"bellabath","0.0000"
"bozemanbath","0.0000"
"bozemansconce","0.0000"
"brycebath","0.0000"
"vaxcelbrycesconce","0.0000"
"burnabyflush","0.0000"
"cantonbath","0.0000"
"vaxcelcapribath","0.0000"
"cardiffbath","0.0000"
"carlislebath","0.0000"
"chapeausconce","0.0000"
"vaxcelchathamsconce","0.0000"
"clybournfan","0.0000"
"crawfordfan","0.0000"
"cumberlandsconce","0.0000"
"davincilinear","0.0000"
"vaxceldavincipendant","0.0000"
"davincisconce","0.0000"
"delanosconce","0.0000"
"docksidesconce","0.0000"
"vaxceldunbarsconce","0.0000"
"vaxcelelsabath","0.0000"
"vaxcelelsaflush","0.0000"
"eriefan","0.0000"
"estellesemi","0.0000"
"vaxceleuclidpendant","0.0000"
"vaxcelfranklinsconce","0.0000"
"vaxcelfreeportsconce","0.0000"
"galenabath","0.0000"
"granvillesconce","0.0000"
"vaxcelhalifaxchandelier","0.0000"
"halstedpendant","0.0000"
"harwichflush","0.0000"
"harwichpendant","0.0000"
"harwichsconce","0.0000"
"horizonflush","0.0000"
"huntleybath","0.0000"
"huntleypendant","0.0000"
"huntleysemi","0.0000"
"vaxcelhyannissconce","0.0000"
"jardinsemi","0.0000"
"lasallebath","0.0000"
"lavagesconce","0.0000"
"lodgesconce","0.0000"
"lodgesemi","0.0000"
"vaxcellogansconce","0.0000"
"marquissconce","0.0000"
"marseillebath","0.0000"
"marseillesconce","0.0000"
"masonbath","0.0000"
"melbournesconce","0.0000"
"vaxcelmissionflush","0.0000"
"monroviachandelier","0.0000"
"monroviapendant","0.0000"
"monroviasconce","0.0000"
"monroviasemi","0.0000"
"ogdenbath","0.0000"
"olsonsconce","0.0000"
"radpendant","0.0000"
"reveresconce","0.0000"
"sheffieldpendant","0.0000"
"sierrabath","0.0000"
"smithsconce","0.0000"
"standfordchandelier","0.0000"
"thetaflood","0.0000"
"toledobath","0.0000"
"vermontbath","0.0000"
"vilosconce","0.0000"
"vinebath","0.0000"
"vinechandelier","0.0000"
"walshsconce","0.0000"
"wheelockfan","0.0000"
"whitebarksconce","0.0000"
"winfieldsconce","0.0000"
"yellowstonebath","0.0000"
"yosemitebath","0.0000"
"yosemitesconce","0.0000"
"zetaflood","0.0000"
"crystal9437","0.0000"
"crystal9438","0.0000"
"crystal9439","0.0000"
"crystal9440","0.0000"
"crystal9441","0.0000"
"crystal9442","0.0000"
"crystal9443","0.0000"
"crystal9444","0.0000"
"crystal9445","0.0000"
"crystal9446","0.0000"
"crystal9447","0.0000"
"crystal9448","0.0000"
"crystal9449","0.0000"
"crystal9450","0.0000"
"crystal9451","0.0000"
"crystal9452","0.0000"
"crystal9453","0.0000"
"crystal9454","0.0000"
"crystal9455","0.0000"
"crystal9456","0.0000"
"crystal9457","0.0000"
"crystal9458","0.0000"
"crystal9459","0.0000"
"crystal9461","0.0000"
"crystal9462","0.0000"
"crystal9463","0.0000"
"crystal9464","0.0000"
"crystal9465","0.0000"
"crystal9466","0.0000"
"crystal9467","0.0000"
"crystal9469","0.0000"
"crystal9470","0.0000"
"crystal9471","0.0000"
"crystal9472","0.0000"
"crystal9473","0.0000"
"crystal9474","0.0000"
"crystal9475","0.0000"
"crystal9476","0.0000"
"crystal9477","0.0000"
"crystal9478","0.0000"
"crystal9479","0.0000"
"crystal9483","0.0000"
"crystal9484","0.0000"
"crystal9489","0.0000"
"crystal9491","0.0000"
"aberdeensconce","0.0000"
"abodechandelier","0.0000"
"acadiasconce","0.0000"
"admiraltyflush","0.0000"
"admiraltypendant","0.0000"
"admiraltysconce","0.0000"
"akimbopendant","0.0000"
"maximarabesquependant","0.0000"
"arcsconce","0.0000"
"maximartisanpendant","0.0000"
"artisansconce","0.0000"
"aurorabath","0.0000"
"maximaurorachandelier","0.0000"
"maximaurorapendant","0.0000"
"aurorasemi","0.0000"
"avenuesconce","0.0000"
"axisbath","0.0000"
"axischandelier","0.0000"
"babylonpendant","0.0000"
"babylonsconce","0.0000"
"bahamapendant","0.0000"
"balboadcledsconce","0.0000"
"balboadcsconce","0.0000"
"balboavxsconce","0.0000"
"maximbalipendant","0.0000"
"barrelsconce","0.0000"
"basixbath","0.0000"
"basixchandelier","0.0000"
"basixpendant","0.0000"
"basquechandelier","0.0000"
"bauhausbath","0.0000"
"belfrysconce","0.0000"
"bjornpendant","0.0000"
"bodegabaychandelier","0.0000"
"bodegabaypendant","0.0000"
"bongoflush","0.0000"
"bongopendant","0.0000"
"bongosconce","0.0000"
"bongosemi","0.0000"
"bouquetpendant","0.0000"
"branchpendant","0.0000"
"branchsconce","0.0000"
"brentwoodbath","0.0000"
"bristolbath","0.0000"
"bristolchandelier","0.0000"
"bristollinear","0.0000"
"bristolsconce","0.0000"
"buildercastsconce","0.0000"
"bungalowlede26sconce","0.0000"
"bungalowsconce","0.0000"
"cabinsconce","0.0000"
"calistogasconce","0.0000"
"calyxchandelier","0.0000"
"camdenvxflush","0.0000"
"camdenvxpendant","0.0000"
"camdenvxpost","0.0000"
"camdenvxsconce","0.0000"
"carlochandelier","0.0000"
"carriagehousedcpendant","0.0000"
"carriagehousedcpost","0.0000"
"carriagehousedcsconce","0.0000"
"carriagehousevxpendant","0.0000"
"carriagehousevxpost","0.0000"
"carriagehousevxsconce","0.0000"
"carriagehousesconce","0.0000"
"catalinasconce","0.0000"
"cebuchandelier","0.0000"
"ceilingwrapflush","0.0000"
"centennialpendant","0.0000"
"chaletsconce","0.0000"
"chantillychandelier","0.0000"
"charltonchandelier","0.0000"
"charltonsconce","0.0000"
"chipflush","0.0000"
"civicsconce","0.0000"
"maximclarionchandelier","0.0000"
"cloverflush","0.0000"
"clusterchandelier","0.0000"
"coldwaterflush","0.0000"
"coldwaterpost","0.0000"
"coldwatersconce","0.0000"
"cometpendant","0.0000"
"conicalbath","0.0000"
"conoidledsconce","0.0000"
"contessabath","0.0000"
"copacabanasconce","0.0000"
"coralinebath","0.0000"
"coralinechandelier","0.0000"
"coralinependant","0.0000"
"coralinesconce","0.0000"
"corapendant","0.0000"
"coronafandelier","0.0000"
"coronetpendant","0.0000"
"crescendosconce","0.0000"
"crestchandelier","0.0000"
"cribsconce","0.0000"
"crosbychandelier","0.0000"
"crosbysconce","0.0000"
"crownhillflush","0.0000"
"crownhillpendant","0.0000"
"crownhillpost","0.0000"
"crownhillsconce","0.0000"
"curlicuebath","0.0000"
"curlicuependant","0.0000"
"cylinderbath","0.0000"
"dapperflush","0.0000"
"dartbath","0.0000"
"dartchandelier","0.0000"
"dartflush","0.0000"
"dartpendant","0.0000"
"dartsconce","0.0000"
"dawnsconce","0.0000"
"dawnsemi","0.0000"
"devenchandelier","0.0000"
"devenpendant","0.0000"
"devensconce","0.0000"
"devensemi","0.0000"
"diannependant","0.0000"
"directorbath","0.0000"
"maximdocksidesconce","0.0000"
"doverledsconce","0.0000"
"dovervxpost","0.0000"
"dovervxsconce","0.0000"
"doverdcpendant","0.0000"
"doverdcpost","0.0000"
"dukeflush","0.0000"
"dukelinear","0.0000"
"dukependant","0.0000"
"dukesconce","0.0000"
"dukesemi","0.0000"
"duoflush","0.0000"
"maximduopendant","0.0000"
"maximelegantebath","0.0000"
"maximelegantechandelier","0.0000"
"maximelegantesconce","0.0000"
"maximelegantesemi","0.0000"
"equilibriumlinear","0.0000"
"equilibriumpendant","0.0000"
"equilibriumsconce","0.0000"
"eraflush","0.0000"
"eralinear","0.0000"
"maximerapendant","0.0000"
"essentials20585sconce","0.0000"
"essentials2058sconce","0.0000"
"essentials445bath","0.0000"
"essentials583flush","0.0000"
"essentials584flush","0.0000"
"essentials584pendant","0.0000"
"essentials584semi","0.0000"
"essentials585flush","0.0000"
"essentials588flush","0.0000"
"essentials712bath","0.0000"
"essentials801bath","0.0000"
"essentials801sconce","0.0000"
"essentials9106pendant","0.0000"
"essentialsbath","0.0000"
"eternityledchandelier","0.0000"
"eternityledpendant","0.0000"
"fairmontchandelier","0.0000"
"fairmontflush","0.0000"
"flambeauchandelier","0.0000"
"flambeausconce","0.0000"
"focussconce","0.0000"
"formosachandelier","0.0000"
"formosasconce","0.0000"
"franklinchandelier","0.0000"
"maximglacierchandelier","0.0000"
"glimmerflush","0.0000"
"gobletbath","0.0000"
"gobletchandelier","0.0000"
"gobletsconce","0.0000"
"gobletsemi","0.0000"
"gourdpendant","0.0000"
"granvilleflush","0.0000"
"maximgranvillesconce","0.0000"
"havenchandelier","0.0000"
"maximhelixchandelier","0.0000"
"hibayflush","0.0000"
"hibaypendant","0.0000"
"hollowbath","0.0000"
"maximhoneycombchandelier","0.0000"
"horgenpendant","0.0000"
"illuminaireiiflush","0.0000"
"industrialsconce","0.0000"
"knobhilldcpost","0.0000"
"knobhilldcsconce","0.0000"
"knoxvillepost","0.0000"
"knoxvillesconce","0.0000"
"laredosconce","0.0000"
"lateralbath","0.0000"
"librarysconce","0.0000"
"lightrayledflush","0.0000"
"lightrayledsconce","0.0000"
"lightraysconce","0.0000"
"linearledflush","0.0000"
"linearledsconce","0.0000"
"linerbath","0.0000"
"linerpendant","0.0000"
"lodgechandelier","0.0000"
"loftchandelier","0.0000"
"loftsconce","0.0000"
"maximloganbath","0.0000"
"maximloganchandelier","0.0000"
"maximloganpendant","0.0000"
"logansemi","0.0000"
"lovellpendant","0.0000"
"maximlyndonchandelier","0.0000"
"lyndonsconce","0.0000"
"madelinependant","0.0000"
"magnoliabath","0.0000"
"magnolialinear","0.0000"
"majesticchandelier","0.0000"
"malagabath","0.0000"
"malagachandelier","0.0000"
"malagaflush","0.0000"
"malagapendant","0.0000"
"malagasconce","0.0000"
"manorbath","0.0000"
"maximmanorchandelier","0.0000"
"maximmanorsconce","0.0000"
"maximmansardsconce","0.0000"
"marinpendant","0.0000"
"metropolissconce","0.0000"
"minisconce","0.0000"
"modasconce","0.0000"
"maximmodbath","0.0000"
"maximmondrianchandelier","0.0000"
"moonraysconce","0.0000"
"mysticflush","0.0000"
"mysticpendant","0.0000"
"nantucketsconce","0.0000"
"neoclassflush","0.0000"
"neoclasspendant","0.0000"
"neoclasssconce","0.0000"
"nexuschandelier","0.0000"
"nexusflush","0.0000"
"nexuspendant","0.0000"
"nexussconce","0.0000"
"noblechandelier","0.0000"
"maximnordicpendant","0.0000"
"oakvillelede26sconce","0.0000"
"oakvillesconce","0.0000"
"odeonfandelier","0.0000"
"opticbath","0.0000"
"maximorbitpendant","0.0000"
"maximoslopendant","0.0000"
"outpostsconce","0.0000"
"ovationsconce","0.0000"
"padronachandelier","0.0000"
"palladiumchandelier","0.0000"
"palladiumsconce","0.0000"
"palladiumsemi","0.0000"
"palomachandelier","0.0000"
"palomasconce","0.0000"
"pathstep","0.0000"
"piermpendant","0.0000"
"piermsconce","0.0000"
"pinnbath","0.0000"
"pinnpendant","0.0000"
"pinnsconce","0.0000"
"pitchforkpendant","0.0000"
"plumettechandelier","0.0000"
"plumettependant","0.0000"
"plumettesconce","0.0000"
"polarisflush","0.0000"
"maximpolarispendant","0.0000"
"portsidependant","0.0000"
"portsidesconce","0.0000"
"portsmouthpost","0.0000"
"portsmouthsconce","0.0000"
"primependant","0.0000"
"primesconce","0.0000"
"providentchandelier","0.0000"
"providentpendant","0.0000"
"radcliffesconce","0.0000"
"radiantbath","0.0000"
"maximradiantchandelier","0.0000"
"maximrevolvebath","0.0000"
"rivetsconce","0.0000"
"roguee26flush","0.0000"
"rogueflush","0.0000"
"romechandelier","0.0000"
"rondobath","0.0000"
"rondochandelier","0.0000"
"rondosconce","0.0000"
"salonpost","0.0000"
"salonsconce","0.0000"
"santabarbaradarkskysconce","0.0000"
"santabarbaradcpost","0.0000"
"santabarbaradcsconce","0.0000"
"santabarbaravxsconce","0.0000"
"maximsavannahsconce","0.0000"
"savantchandelier","0.0000"
"savvychandelier","0.0000"
"schoonersconce","0.0000"
"scopependant","0.0000"
"scrollsconce","0.0000"
"seafarerbath","0.0000"
"seafarerchandelier","0.0000"
"seafarerpendant","0.0000"
"maximseafarersconce","0.0000"
"sentrysconce","0.0000"
"shelterbath","0.0000"
"shelterchandelier","0.0000"
"shorelinesconce","0.0000"
"shutterssconce","0.0000"
"silobath","0.0000"
"skypanelflush","0.0000"
"specvanitybath","0.0000"
"specbath","0.0000"
"spotlightsconce","0.0000"
"spotsflush","0.0000"
"spotssconce","0.0000"
"stackhousesconce","0.0000"
"stefanpendant","0.0000"
"sullivanbath","0.0000"
"sullivansconce","0.0000"
"symphonybath","0.0000"
"symphonychandelier","0.0000"
"symphonysconce","0.0000"
"syncbath","0.0000"
"maximtaylorchandelier","0.0000"
"taylorpendant","0.0000"
"taylorsemi","0.0000"
"terracelede26sconce","0.0000"
"terracesconce","0.0000"
"tetrabath","0.0000"
"townandcountrylinear","0.0000"
"townesconce","0.0000"
"trellischandelier","0.0000"
"triumphledpost","0.0000"
"triumphledsconce","0.0000"
"tunerflush","0.0000"
"tuxchandelier","0.0000"
"twirlpendant","0.0000"
"twirlsconce","0.0000"
"twisterpendant","0.0000"
"maximuptownchandelier","0.0000"
"uptownsconce","0.0000"
"vectorpendant","0.0000"
"velachandelier","0.0000"
"maximvelasconce","0.0000"
"vesperlinear","0.0000"
"vespersemi","0.0000"
"vesselbath","0.0000"
"vicksburgsconce","0.0000"
"maximvictoriapendant","0.0000"
"viewlede26sconce","0.0000"
"visorsconce","0.0000"
"vitalbath","0.0000"
"vitalchandelier","0.0000"
"vitalpendant","0.0000"
"wesleychandelier","0.0000"
"wesleysconce","0.0000"
"westlakelede26sconce","0.0000"
"westlakepost","0.0000"
"maximwestlakesconce","0.0000"
"wharfsconce","0.0000"
"whisperdarkskyledsconce","0.0000"
"willowbrooksconce","0.0000"
"wingspendant","0.0000"
"maximwovenpendant","0.0000"
"wrapbath","0.0000"
"maximyorktownsconce","0.0000"
"mfcaqbkmtl","0.0000"
"mfcaqbkwd","0.0000"
"mfcaqbkwdbk","0.0000"
"mfcaqbkwdbw","0.0000"
"mfcb2kbkmtl","0.0000"
"mfcb2kbkwd","0.0000"
"mfcb2kbzztmtl","0.0000"
"mfcb2kbzztwd","0.0000"
"mfcb2kcpmtl","0.0000"
"mfcdgbkwdbk","0.0000"
"mfcdgbkwdbw","0.0000"
"mfcivbzztwd","0.0000"
"artac11741bb","0.0000"
"artsc13088bb","0.0000"
"artac6776bk","0.0000"
"artbt2020bk","0.0000"
"artbt2021bk","0.0000"
"artbt2010bk","0.0000"
"artbt2011bk","0.0000"
"artbt2012bk","0.0000"
"artsc13351wh","0.0000"
"artsc13350bk","0.0000"
"artsc13351bk","0.0000"
"artac11703bn","0.0000"
"artac6633bk","0.0000"
"artac11765vb","0.0000"
"artac11767vb","0.0000"
"artac11766vb","0.0000"
"artac11763vb","0.0000"
"artac11803bb","0.0000"
"artac8021bk","0.0000"
"artac11551pn","0.0000"
"artac11483","0.0000"
"artac1482eb","0.0000"
"artac2717ob","0.0000"
"artac11106","0.0000"
"artac7613ch","0.0000"
"mfc10drbrbr","0.0000"
"mfc10drbrcp","0.0000"
"mfc10drpb","0.0000"
"mfc20drbrcp","0.0000"
"mfc20drpb","0.0000"
"mfc30drbrcp","0.0000"
"mfc30drpb","0.0000"
"mfc48drbrcp","0.0000"
"mfc48drpb","0.0000"
"mfc72drbrcp","0.0000"
"mfc72drpb","0.0000"
"crystal6077par","0.0000"
"crystal6078par","0.0000"
"crystal6079par","0.0000"
"crystal6080par","0.0000"
"crystal6081par","0.0000"
"crystal6082par","0.0000"
"crystal6086par","0.0000"
"crystal6088par","0.0000"
"crystal6089par","0.0000"
"crystal6091par","0.0000"
"crystal6092par","0.0000"
"crystal6093par","0.0000"
"crystal6096par","0.0000"
"crystal6097par","0.0000"
"crystal6098par","0.0000"
"crystal6099par","0.0000"
"crystal6103par","0.0000"
"crystal6105par","0.0000"
"crystal6106par","0.0000"
"crystal6107par","0.0000"
"crystal6110par","0.0000"
"crystal6112par","0.0000"
"crystal6113par","0.0000"
"crystal6114par","0.0000"
"crystal6117par","0.0000"
"crystal6119par","0.0000"
"crystal6120par","0.0000"
"crystal6122par","0.0000"
"crystal6123par","0.0000"
"crystal6124par","0.0000"
"crystal6125par","0.0000"
"crystal6129par","0.0000"
"crystal6133par","0.0000"
"crystal6135par","0.0000"
"crystal6137par","0.0000"
"crystal6138par","0.0000"
"crystal6139par","0.0000"
"crystal6142par","0.0000"
"crystal6143par","0.0000"
"crystal6145par","0.0000"
"crystal6147par","0.0000"
"crystal7950par","0.0000"
"crystal7951par","0.0000"
"crystal7953par","0.0000"
"crystal7954par","0.0000"
"crystal7956par","0.0000"
"crystal7958par","0.0000"
"crystal7959par","0.0000"
"crystal7962par","0.0000"
"crystal7969par","0.0000"
"crystal8615par","0.0000"
"crystal8616par","0.0000"
"crystal8617par","0.0000"
"crystal8618par","0.0000"
"crystal8620par","0.0000"
"crystal8626par","0.0000"
"crystal8633par","0.0000"
"crystal8634par","0.0000"
"crystal8636par","0.0000"
"crystal8639par","0.0000"
"crystal8643par","0.0000"
"crystal8648par","0.0000"
"crystal8650par","0.0000"
"crystal8654par","0.0000"
"crystal8655par","0.0000"
"crystal8664par","0.0000"
"crystal8668par","0.0000"
"crystal8672par","0.0000"
"crystal8691par","0.0000"
"crystal8701par","0.0000"
"crystal8713par","0.0000"
"crystal8716par","0.0000"
"crystal8718par","0.0000"
"crystal8723par","0.0000"
"crystal8734par","0.0000"
"crystal8736par","0.0000"
"crystal8739par","0.0000"
"crystal8741par","0.0000"
"crystal8743par","0.0000"
"crystal8745par","0.0000"
"crystal8749par","0.0000"
"crystal8756par","0.0000"
"crystal8760par","0.0000"
"crystal8767par","0.0000"
"crystal8771par","0.0000"
"crystal8774par","0.0000"
"crystal8777par","0.0000"
"crystal8783par","0.0000"
"crystal8788par","0.0000"
"crystal8793par","0.0000"
"crystal8794par","0.0000"
"crystal8803par","0.0000"
"crystal8809par","0.0000"
"crystal8812par","0.0000"
"crystal8823par","0.0000"
"crystal8825par","0.0000"
"crystal8826par","0.0000"
"crystal8840par","0.0000"
"crystal8850par","0.0000"
"crystal8854par","0.0000"
"crystal8858par","0.0000"
"crystal8863par","0.0000"
"crystal8886par","0.0000"
"crystal8891par","0.0000"
"crystal8892par","0.0000"
"crystal8905par","0.0000"
"crystal8907par","0.0000"
"crystal8910par","0.0000"
"crystal8915par","0.0000"
"crystal8919par","0.0000"
"crystal8928par","0.0000"
"crystal8931par","0.0000"
"crystal8934par","0.0000"
"crystal8935par","0.0000"
"crystal8941par","0.0000"
"crystal8951par","0.0000"
"crystal8954par","0.0000"
"crystal8960par","0.0000"
"crystal8966par","0.0000"
"crystal8970par","0.0000"
"crystal8977par","0.0000"
"crystal8981par","0.0000"
"crystal8985par","0.0000"
"crystal8999par","0.0000"
"crystal9003par","0.0000"
"crystal9005par","0.0000"
"crystal9011par","0.0000"
"crystal9014par","0.0000"
"crystal9018par","0.0000"
"crystal9021par","0.0000"
"crystal9025par","0.0000"
"crystal9033par","0.0000"
"crystal9041par","0.0000"
"crystal9046par","0.0000"
"crystal9050par","0.0000"
"crystal9054par","0.0000"
"crystal9058par","0.0000"
"crystal9063par","0.0000"
"crystal9069par","0.0000"
"crystal9072par","0.0000"
"crystal9113par","0.0000"
"crystal9117par","0.0000"
"crystal9126par","0.0000"
"crystal9132par","0.0000"
"crystal9136par","0.0000"
"crystal9142par","0.0000"
"crystal9153par","0.0000"
"crystal9163par","0.0000"
"crystal9179par","0.0000"
"crystal9183par","0.0000"
"crystal9187par","0.0000"
"crystal9192par","0.0000"
"crystal9201par","0.0000"
"crystal9204par","0.0000"
"crystal9207par","0.0000"
"crystal9211par","0.0000"
"crystal9219par","0.0000"
"crystal9221par","0.0000"
"crystal9226par","0.0000"
"crystal9229par","0.0000"
"tol2901gpdw4811","0.0000"
"tol3413bn202","0.0000"
"tol3401bn458","0.0000"
"liv4268804","0.0000"
"liv4618146","0.0000"
"liv4707108","0.0000"
"liv4707146","0.0000"
"liv4906568","0.0000"
"liv5889648","0.0000"
"liv5889748","0.0000"
"liv5889848","0.0000"
"far104000par","0.0000"
"far104001par","0.0000"
"far104005par","0.0000"
"far104008par","0.0000"
"far104017par","0.0000"
"far104024par","0.0000"
"far104027par","0.0000"
"far104040par","0.0000"
"far104043par","0.0000"
"far104044par","0.0000"
"far104047par","0.0000"
"far104051par","0.0000"
"far104070par","0.0000"
"far104075par","0.0000"
"far104112par","0.0000"
"far104118par","0.0000"
"far104130par","0.0000"
"far104156par","0.0000"
"far104159par","0.0000"
"far104166par","0.0000"
"far104168par","0.0000"
"far228942par","0.0000"
"far228948par","0.0000"
"far228960par","0.0000"
"far228968par","0.0000"
"far228972par","0.0000"
"far228974par","0.0000"
"far228980par","0.0000"
"far228982par","0.0000"
"far228984par","0.0000"
"far228988par","0.0000"
"far228992par","0.0000"
"far228995par","0.0000"
"far229001par","0.0000"
"far229003par","0.0000"
"far229013par","0.0000"
"far229022par","0.0000"
"far229025par","0.0000"
"far229028par","0.0000"
"far229042par","0.0000"
"far229049par","0.0000"
"far229060par","0.0000"
"far229063par","0.0000"
"far229089par","0.0000"
"far229098par","0.0000"
"far229102par","0.0000"
"far229109par","0.0000"
"far229110par","0.0000"
"far229118par","0.0000"
"far229131par","0.0000"
"far229135par","0.0000"
"far229139par","0.0000"
"far229145par","0.0000"
"far229151par","0.0000"
"far229155par","0.0000"
"far229161par","0.0000"
"far229163par","0.0000"
"far229167par","0.0000"
"far229176par","0.0000"
"far229178par","0.0000"
"far229182par","0.0000"
"far229184par","0.0000"
"far229211par","0.0000"
"far229213par","0.0000"
"far229215par","0.0000"
"far229220par","0.0000"
"far229228par","0.0000"
"far229230par","0.0000"
"far229232par","0.0000"
"far229251par","0.0000"
"far229262par","0.0000"
"far229265par","0.0000"
"far229268par","0.0000"
"far229277par","0.0000"
"far229287par","0.0000"
"far229289par","0.0000"
"far229299par","0.0000"
"far229310par","0.0000"
"far229317par","0.0000"
"far229338par","0.0000"
"far229341par","0.0000"
"far229347par","0.0000"
"far229357par","0.0000"
"far229358par","0.0000"
"far229359par","0.0000"
"far229360par","0.0000"
"far245847par","0.0000"
"far245849par","0.0000"
"far245851par","0.0000"
"far245853par","0.0000"
"far245855par","0.0000"
"far245858par","0.0000"
"far245860par","0.0000"
"far245864par","0.0000"
"far251789par","0.0000"
"far251791par","0.0000"
"far251800par","0.0000"
"far251809par","0.0000"
"far251812par","0.0000"
"far251819par","0.0000"
"far251817par","0.0000"
"far251825par","0.0000"
"far251830par","0.0000"
"far251840par","0.0000"
"far251847par","0.0000"
"far251853par","0.0000"
"far251855par","0.0000"
"far251859par","0.0000"
"far251868par","0.0000"
"far251872par","0.0000"
"far251876par","0.0000"
"far251897par","0.0000"
"far251910par","0.0000"
"far251937par","0.0000"
"far251941par","0.0000"
"far251947par","0.0000"
"far251966par","0.0000"
"far251978par","0.0000"
"far251981par","0.0000"
"far251983par","0.0000"
"far251987par","0.0000"
"far251991par","0.0000"
"far251993par","0.0000"
"far251995par","0.0000"
"far252010par","0.0000"
"far252016par","0.0000"
"far252018par","0.0000"
"far252024par","0.0000"
"far252029par","0.0000"
"far252032par","0.0000"
"far252038par","0.0000"
"far252044par","0.0000"
"far252051par","0.0000"
"far252059par","0.0000"
"far252061par","0.0000"
"far252065par","0.0000"
"far252067par","0.0000"
"far252069par","0.0000"
"far252075par","0.0000"
"far252078par","0.0000"
"far252081par","0.0000"
"far252084par","0.0000"
"far252088par","0.0000"
"far252096par","0.0000"
"far252108par","0.0000"
"far252122par","0.0000"
"far252126par","0.0000"
"far252138par","0.0000"
"far252140par","0.0000"
"far252148par","0.0000"
"far252156par","0.0000"
"far252164par","0.0000"
"far252171par","0.0000"
"far252183par","0.0000"
"far252196par","0.0000"
"far252205par","0.0000"
"far252209par","0.0000"
"far252212par","0.0000"
"far252220par","0.0000"
"far252222par","0.0000"
"far252230par","0.0000"
"far252238par","0.0000"
"far252242par","0.0000"
"far252244par","0.0000"
"far252568","0.0000"
"far252573","0.0000"
"far252575","0.0000"
"far252576","0.0000"
"far252577","0.0000"
"far252636","0.0000"
"far252637","0.0000"
"far252638","0.0000"
"crystal1264par","0.0000"
"crystal1299par","0.0000"
"crystal1318par","0.0000"
"crystal1349par","0.0000"
"crystal1405par","0.0000"
"crystal1560par","0.0000"
"crystal1600par","0.0000"
"crystal1988par","0.0000"
"crystal2039par","0.0000"
"crystal2071par","0.0000"
"crystal2162par","0.0000"
"crystal2258par","0.0000"
"crystal2370par","0.0000"
"crystal2374par","0.0000"
"crystal2509par","0.0000"
"crystal2542par","0.0000"
"crystal2590par","0.0000"
"crystal2727par","0.0000"
"crystal3266par","0.0000"
"crystal3616par","0.0000"
"crystal7301par","0.0000"
"crystal7339par","0.0000"
"crystal7342par","0.0000"
"crystal7343par","0.0000"
"crystal7353par","0.0000"
"crystal7362par","0.0000"
"crystal7368par","0.0000"
"crystal7383par","0.0000"
"crystal7388par","0.0000"
"crystal7399par","0.0000"
"crystal7421par","0.0000"
"crystal7466par","0.0000"
"crystal7479par","0.0000"
"crystal7516par","0.0000"
"crystal7527par","0.0000"
"crystal7565par","0.0000"
"crystal7576par","0.0000"
"crystal7623par","0.0000"
"crystal7664par","0.0000"
"crystal7705par","0.0000"
"crystal7744par","0.0000"
"crystal7776par","0.0000"
"crystal7858par","0.0000"
"crystal7904par","0.0000"
"far118002par","0.0000"
"far118003par","0.0000"
"far240264par","0.0000"
"far240266par","0.0000"
"far240267par","0.0000"
"far246124par","0.0000"
"far246126par","0.0000"
"far246127par","0.0000"
"far246129par","0.0000"
"far246130par","0.0000"
"far246131par","0.0000"
"far246132par","0.0000"
"far246134par","0.0000"
"far246139par","0.0000"
"far246144par","0.0000"
"far246148par","0.0000"
"far246152par","0.0000"
"far246159par","0.0000"
"far246161par","0.0000"
"far246165par","0.0000"
"far246166par","0.0000"
"far246173par","0.0000"
"far246179par","0.0000"
"far246183par","0.0000"
"far246184par","0.0000"
"far246188par","0.0000"
"far246192par","0.0000"
"far246195par","0.0000"
"far246198par","0.0000"
"far246202par","0.0000"
"far246204par","0.0000"
"far246205par","0.0000"
"far246207par","0.0000"
"far246209par","0.0000"
"far246210par","0.0000"
"far246211par","0.0000"
"far246212par","0.0000"
"far246214par","0.0000"
"far246221par","0.0000"
"far246224par","0.0000"
"far246225par","0.0000"
"far246226par","0.0000"
"far246232par","0.0000"
"far246234par","0.0000"
"far246237par","0.0000"
"far24623par","0.0000"
"far246240par","0.0000"
"far246241par","0.0000"
"far246242par","0.0000"
"far246243par","0.0000"
"far246248par","0.0000"
"far246259par","0.0000"
"far246264par","0.0000"
"far246267par","0.0000"
"far246273par","0.0000"
"far246277par","0.0000"
"far246280par","0.0000"
"far246284par","0.0000"
"far246286par","0.0000"
"far246291par","0.0000"
"far246296par","0.0000"
"far246301par","0.0000"
"far246303par","0.0000"
"far246309par","0.0000"
"far246314par","0.0000"
"far246315par","0.0000"
"far246316par","0.0000"
"far246318par","0.0000"
"far246321par","0.0000"
"far246326par","0.0000"
"far246332par","0.0000"
"far246335par","0.0000"
"far246341par","0.0000"
"far246346par","0.0000"
"far246348par","0.0000"
"far246351par","0.0000"
"far246366par","0.0000"
"far246370par","0.0000"
"far246375par","0.0000"
"far246380par","0.0000"
"far246388par","0.0000"
"far246390par","0.0000"
"far246394par","0.0000"
"far246396par","0.0000"
"far246403par","0.0000"
"far246405par","0.0000"
"far246409par","0.0000"
"far246416par","0.0000"
"far246418par","0.0000"
"far246420par","0.0000"
"far246422par","0.0000"
"far246424par","0.0000"
"far246427par","0.0000"
"far246429par","0.0000"
"far246431par","0.0000"
"far246437par","0.0000"
"far246439par","0.0000"
"far246441par","0.0000"
"far246444par","0.0000"
"far246447par","0.0000"
"far246454par","0.0000"
"far246457par","0.0000"
"far246463par","0.0000"
"far246466par","0.0000"
"far246470par","0.0000"
"far246474par","0.0000"
"far246482par","0.0000"
"far246492par","0.0000"
"far246495par","0.0000"
"far246500par","0.0000"
"far246502par","0.0000"
"far246506par","0.0000"
"far246518par","0.0000"
"far246532par","0.0000"
"far246535par","0.0000"
"far246546par","0.0000"
"far246548par","0.0000"
"far246554par","0.0000"
"far246568par","0.0000"
"far246570par","0.0000"
"far246572par","0.0000"
"far246576par","0.0000"
"far246578par","0.0000"
"far246587par","0.0000"
"far246590par","0.0000"
"far246595par","0.0000"
"far246599par","0.0000"
"far246604par","0.0000"
"far246607par","0.0000"
"far246614par","0.0000"
"far246616par","0.0000"
"far246624par","0.0000"
"far246628par","0.0000"
"far246636par","0.0000"
"far246639par","0.0000"
"far246641par","0.0000"
"far246643par","0.0000"
"far246661par","0.0000"
"far246667par","0.0000"
"far246670par","0.0000"
"far246674par","0.0000"
"far246676par","0.0000"
"far246680par","0.0000"
"far246682par","0.0000"
"far246691par","0.0000"
"far246707par","0.0000"
"far246717par","0.0000"
"far246734par","0.0000"
"far246745par","0.0000"
"far246767par","0.0000"
"far246774par","0.0000"
"far246776par","0.0000"
"far246782par","0.0000"
"far246785par","0.0000"
"far246788par","0.0000"
"far246792par","0.0000"
"far246800par","0.0000"
"far246809par","0.0000"
"far246818par","0.0000"
"far246821par","0.0000"
"far246824par","0.0000"
"far246836par","0.0000"
"far246839par","0.0000"
"far246848par","0.0000"
"far246851par","0.0000"
"far246858par","0.0000"
"far246861par","0.0000"
"far246868par","0.0000"
"far246872par","0.0000"
"far246882par","0.0000"
"far246899par","0.0000"
"farw240260par","0.0000"
"farw240261par","0.0000"
"farw240262par","0.0000"
"farw240793par","0.0000"
"farw240795par","0.0000"
"farw240798par","0.0000"
"farw242017par","0.0000"
"farw242042par","0.0000"
"farw242045par","0.0000"
"hun50333","0.0000"
"hun52388","0.0000"
"hun52392","0.0000"
"far216002par","0.0000"
"far216005par","0.0000"
"far216007par","0.0000"
"far216009par","0.0000"
"far216010par","0.0000"
"far216012par","0.0000"
"far216017par","0.0000"
"far216018par","0.0000"
"far216023par","0.0000"
"far216025par","0.0000"
"far216027par","0.0000"
"far216029par","0.0000"
"far216031par","0.0000"
"far216032par","0.0000"
"far216033par","0.0000"
"far216040par","0.0000"
"far216043par","0.0000"
"far216047par","0.0000"
"far216051par","0.0000"
"far216059par","0.0000"
"far231220par","0.0000"
"far231223par","0.0000"
"far231226par","0.0000"
"far231244par","0.0000"
"far231247par","0.0000"
"far231248par","0.0000"
"far231251par","0.0000"
"far231253par","0.0000"
"far231256par","0.0000"
"far231261par","0.0000"
"far231262par","0.0000"
"far231264par","0.0000"
"far231265par","0.0000"
"far231267par","0.0000"
"far231270par","0.0000"
"far231273par","0.0000"
"far231275par","0.0000"
"far231280par","0.0000"
"far231283par","0.0000"
"far231284par","0.0000"
"far231287par","0.0000"
"far231289par","0.0000"
"far231291par","0.0000"
"far231295par","0.0000"
"far231304par","0.0000"
"far231313par","0.0000"
"far231316par","0.0000"
"far231322par","0.0000"
"far231325par","0.0000"
"far231330par","0.0000"
"far231332par","0.0000"
"far231335par","0.0000"
"far231353par","0.0000"
"far231357par","0.0000"
"far231360par","0.0000"
"far231366par","0.0000"
"far231369par","0.0000"
"far231371par","0.0000"
"far231373par","0.0000"
"far231379par","0.0000"
"far231396par","0.0000"
"far231403par","0.0000"
"far231415par","0.0000"
"far231428par","0.0000"
"far250914par","0.0000"
"far250916par","0.0000"
"far250919par","0.0000"
"far250922par","0.0000"
"far250925par","0.0000"
"far250927par","0.0000"
"far250929par","0.0000"
"far250930par","0.0000"
"far250931par","0.0000"
"far200003par","0.0000"
"far200006par","0.0000"
"far200007par","0.0000"
"far200019par","0.0000"
"far200036par","0.0000"
"far200038par","0.0000"
"far200058par","0.0000"
"far200062par","0.0000"
"far200066par","0.0000"
"far200069par","0.0000"
"far200072par","0.0000"
"far200085par","0.0000"
"far200093par","0.0000"
"far200096par","0.0000"
"far200100par","0.0000"
"far200103par","0.0000"
"far200104par","0.0000"
"far200117par","0.0000"
"far200122par","0.0000"
"far200123par","0.0000"
"far200125par","0.0000"
"far200126par","0.0000"
"far200155par","0.0000"
"far200170par","0.0000"
"far200192par","0.0000"
"far200194par","0.0000"
"far200196par","0.0000"
"far200201par","0.0000"
"far200203par","0.0000"
"far200208par","0.0000"
"far200211par","0.0000"
"far200212par","0.0000"
"far200215par","0.0000"
"far200220par","0.0000"
"far200221par","0.0000"
"far200222par","0.0000"
"far200223par","0.0000"
"far200225par","0.0000"
"far200229par","0.0000"
"far200231par","0.0000"
"far200241par","0.0000"
"far200243par","0.0000"
"far200254par","0.0000"
"far200263par","0.0000"
"far200264par","0.0000"
"far200265par","0.0000"
"far200267par","0.0000"
"far200270par","0.0000"
"far200271par","0.0000"
"far200273par","0.0000"
"far200303par","0.0000"
"far200306par","0.0000"
"far200312par","0.0000"
"far200318par","0.0000"
"far200322par","0.0000"
"far200338par","0.0000"
"far200339par","0.0000"
"far200342par","0.0000"
"far200345par","0.0000"
"far200351par","0.0000"
"far200353par","0.0000"
"far200355par","0.0000"
"far200356par","0.0000"
"far200361par","0.0000"
"far200367par","0.0000"
"far200370par","0.0000"
"far200372par","0.0000"
"far200375par","0.0000"
"far200385par","0.0000"
"far200393par","0.0000"
"far200401par","0.0000"
"far200404par","0.0000"
"far200408par","0.0000"
"far200409par","0.0000"
"far200411par","0.0000"
"far200416par","0.0000"
"far200436par","0.0000"
"far200437par","0.0000"
"far200445par","0.0000"
"far200448par","0.0000"
"far200455par","0.0000"
"far200457par","0.0000"
"far200459par","0.0000"
"far200464par","0.0000"
"far200466par","0.0000"
"far200471par","0.0000"
"far200475par","0.0000"
"far200476par","0.0000"
"far200477par","0.0000"
"far200485par","0.0000"
"far200488par","0.0000"
"far227564par","0.0000"
"far227569par","0.0000"
"far227571par","0.0000"
"far227582par","0.0000"
"far227586par","0.0000"
"far227590par","0.0000"
"far227595par","0.0000"
"far227597par","0.0000"
"far249919par","0.0000"
"far249921par","0.0000"
"far249981par","0.0000"
"far249994par","0.0000"
"far249998par","0.0000"
"far250009par","0.0000"
"far250011par","0.0000"
"far250027par","0.0000"
"far250032par","0.0000"
"far250037par","0.0000"
"far250046par","0.0000"
"far250935par","0.0000"
"far250938par","0.0000"
"far250942par","0.0000"
"far250945par","0.0000"
"far250947par","0.0000"
"far250950par","0.0000"
"far250955par","0.0000"
"far250968par","0.0000"
"far250982par","0.0000"
"far250985par","0.0000"
"far250998par","0.0000"
"far251004par","0.0000"
"far251007par","0.0000"
"far251020par","0.0000"
"far251022par","0.0000"
"far251027par","0.0000"
"far251039par","0.0000"
"far251058par","0.0000"
"farw200115par","0.0000"
"farw200188par","0.0000"
"farw200324par","0.0000"
"farw200441par","0.0000"
"farw200487par","0.0000"
"farw240942par","0.0000"
"far107102par","0.0000"
"far107108par","0.0000"
"far107117par","0.0000"
"hun13059","0.0000"
"hun13062","0.0000"
"hun13064","0.0000"
"hun13068","0.0000"
"hun13071","0.0000"
"hun13072","0.0000"
"hun13074","0.0000"
"hun13075","0.0000"
"hun13078","0.0000"
"hun13081","0.0000"
"hun13082","0.0000"
"hun19638","0.0000"
"hun19644","0.0000"
"hun19684","0.0000"
"hun19791","0.0000"
"hun19843","0.0000"
"hun19847","0.0000"
"hun19849","0.0000"
"hun19872","0.0000"
"hun19882","0.0000"
"hun19907","0.0000"
"hun19939","0.0000"
"hun19940","0.0000"
"hun19944","0.0000"
"hun19945","0.0000"
"hun48004","0.0000"
"hun48029","0.0000"
"hun48032","0.0000"
"far205006par","0.0000"
"far205007par","0.0000"
"far205010par","0.0000"
"far205013par","0.0000"
"far205054par","0.0000"
"far205087par","0.0000"
"far205088par","0.0000"
"far205098par","0.0000"
"far205108par","0.0000"
"far205112par","0.0000"
"far205115par","0.0000"
"far205217par","0.0000"
"far205224par","0.0000"
"far205242par","0.0000"
"far205255par","0.0000"
"far205300par","0.0000"
"far205324par","0.0000"
"far205362par","0.0000"
"far205467par","0.0000"
"far205520par","0.0000"
"far205619par","0.0000"
"far205643par","0.0000"
"far205940par","0.0000"
"far205942par","0.0000"
"far205944par","0.0000"
"far205951par","0.0000"
"far205954par","0.0000"
"far205959par","0.0000"
"far205963par","0.0000"
"far205965par","0.0000"
"far205968par","0.0000"
"far205979par","0.0000"
"far205982par","0.0000"
"far206007par","0.0000"
"far206018par","0.0000"
"far206025par","0.0000"
"far206031par","0.0000"
"far206036par","0.0000"
"far206061par","0.0000"
"far206071par","0.0000"
"far206095par","0.0000"
"far206102par","0.0000"
"far206103par","0.0000"
"far206118par","0.0000"
"far206121par","0.0000"
"far206129par","0.0000"
"far206130par","0.0000"
"far206196par","0.0000"
"far206202par","0.0000"
"far206209par","0.0000"
"far232209par","0.0000"
"far232214par","0.0000"
"far232215par","0.0000"
"far232216par","0.0000"
"far232217par","0.0000"
"far232220par","0.0000"
"far232223par","0.0000"
"far232229par","0.0000"
"far232232par","0.0000"
"far232234par","0.0000"
"far232244par","0.0000"
"far232245par","0.0000"
"far232259par","0.0000"
"far232264par","0.0000"
"far232266par","0.0000"
"far232271par","0.0000"
"far232274par","0.0000"
"far232276par","0.0000"
"far232279par","0.0000"
"far232289par","0.0000"
"far232291par","0.0000"
"far232293par","0.0000"
"far232294par","0.0000"
"far232299par","0.0000"
"far232300par","0.0000"
"far232302par","0.0000"
"far232334par","0.0000"
"far232341par","0.0000"
"far232346par","0.0000"
"far232351par","0.0000"
"far232360par","0.0000"
"far232362par","0.0000"
"far232375par","0.0000"
"far232411par","0.0000"
"far232417par","0.0000"
"far232444par","0.0000"
"far232446par","0.0000"
"far232484par","0.0000"
"far232486par","0.0000"
"far232490par","0.0000"
"far232527par","0.0000"
"far232599par","0.0000"
"far232608par","0.0000"
"far232609par","0.0000"
"far232613par","0.0000"
"far232617par","0.0000"
"far232619par","0.0000"
"far232629par","0.0000"
"far232631par","0.0000"
"far232633par","0.0000"
"far232662par","0.0000"
"far232674par","0.0000"
"far232679par","0.0000"
"far232684par","0.0000"
"far232691par","0.0000"
"far232706par","0.0000"
"far232729par","0.0000"
"far232735par","0.0000"
"far232738par","0.0000"
"far232753par","0.0000"
"far232756par","0.0000"
"far232758par","0.0000"
"far232760par","0.0000"
"far232772par","0.0000"
"far232789par","0.0000"
"far232791par","0.0000"
"far232793par","0.0000"
"far232796par","0.0000"
"far232806par","0.0000"
"far232810par","0.0000"
"far232814par","0.0000"
"far232822par","0.0000"
"far232848par","0.0000"
"far232870par","0.0000"
"far232892par","0.0000"
"far232895par","0.0000"
"far232913par","0.0000"
"far232927par","0.0000"
"far232929par","0.0000"
"far232932par","0.0000"
"far232939par","0.0000"
"far232941par","0.0000"
"far232943par","0.0000"
"far232947par","0.0000"
"far232949par","0.0000"
"far232951par","0.0000"
"far232958par","0.0000"
"far232959par","0.0000"
"far232960par","0.0000"
"far232962par","0.0000"
"far232964par","0.0000"
"far232975par","0.0000"
"far232978par","0.0000"
"far232982par","0.0000"
"far233027par","0.0000"
"far233032par","0.0000"
"far233033par","0.0000"
"far239894par","0.0000"
"far239899par","0.0000"
"far239911par","0.0000"
"far239917par","0.0000"
"far244801par","0.0000"
"far244804par","0.0000"
"far244806par","0.0000"
"far244808par","0.0000"
"far244817par","0.0000"
"far244820par","0.0000"
"far245804par","0.0000"
"far245805par","0.0000"
"far245806par","0.0000"
"far245807par","0.0000"
"far245809par","0.0000"
"far245811par","0.0000"
"far245812par","0.0000"
"far245835par","0.0000"
"far245843par","0.0000"
"far245966par","0.0000"
"far245970par","0.0000"
"far245972par","0.0000"
"far245978par","0.0000"
"far245988par","0.0000"
"far245993par","0.0000"
"far245997par","0.0000"
"far246004par","0.0000"
"far246012par","0.0000"
"far246021par","0.0000"
"far246047par","0.0000"
"far246057par","0.0000"
"far246059par","0.0000"
"far246061par","0.0000"
"far250558par","0.0000"
"far250564par","0.0000"
"far250568par","0.0000"
"far250570par","0.0000"
"far250571par","0.0000"
"far250587par","0.0000"
"far250605par","0.0000"
"far250607par","0.0000"
"far251761par","0.0000"
"far251763par","0.0000"
"far251770par","0.0000"
"hin12070bu","0.0000"
"hin52512bxled","0.0000"
"hin50092hb","0.0000"
"hin3243bkcl","0.0000"
"hin52512hbled","0.0000"
"hin52510bxled","0.0000"
"hin50092pn","0.0000"
"hin52510hbled","0.0000"
"lar84437lcbsg","0.0000"
"lar83902lcb","0.0000"
"hin905852fhbldd","0.0000"
"hin903860fmwndd","0.0000"
"hin903880fmwndd","0.0000"
"crystal1035par","0.0000"
"crystal1047par","0.0000"
"crystal1097par","0.0000"
"crystal1098par","0.0000"
"crystal3980par","0.0000"
"crystal4801par","0.0000"
"crystal4917par","0.0000"
"crystal4935par","0.0000"
"crystal4973par","0.0000"
"crystal5023par","0.0000"
"crystal5088par","0.0000"
"crystal5096par","0.0000"
"crystal5100par","0.0000"
"crystal5135par","0.0000"
"crystal5139par","0.0000"
"crystal5298par","0.0000"
"crystal5302par","0.0000"
"crystal5532par","0.0000"
"crystal5561par","0.0000"
"crystal5648par","0.0000"
"crystal5673par","0.0000"
"crystal5698par","0.0000"
"crystal5781par","0.0000"
"crystal7978par","0.0000"
"crystal7981par","0.0000"
"crystal7988par","0.0000"
"crystal7991par","0.0000"
"crystal7994par","0.0000"
"crystal8003par","0.0000"
"crystal8021par","0.0000"
"crystal8028par","0.0000"
"crystal8040par","0.0000"
"crystal8050par","0.0000"
"crystal8064par","0.0000"
"crystal8065par","0.0000"
"crystal8069par","0.0000"
"crystal8109par","0.0000"
"crystal8121par","0.0000"
"crystal8130par","0.0000"
"crystal8134par","0.0000"
"crystal8147par","0.0000"
"crystal8164par","0.0000"
"crystal8183par","0.0000"
"crystal8194par","0.0000"
"crystal8253par","0.0000"
"crystal8262par","0.0000"
"crystal8274par","0.0000"
"crystal8289par","0.0000"
"crystal8304par","0.0000"
"crystal8316par","0.0000"
"crystal8328par","0.0000"
"crystal8343par","0.0000"
"crystal8358par","0.0000"
"crystal8367par","0.0000"
"crystal8373par","0.0000"
"crystal8376par","0.0000"
"crystal8385par","0.0000"
"crystal8397par","0.0000"
"crystal8400par","0.0000"
"crystal8406par","0.0000"
"crystal8469par","0.0000"
"crystal8490par","0.0000"
"crystal8493par","0.0000"
"crystal8517par","0.0000"
"crystal8520par","0.0000"
"crystal8535par","0.0000"
"crystal8541par","0.0000"
"crystal8550par","0.0000"
"crystal8562par","0.0000"
"crystal8568par","0.0000"
"crystal8576par","0.0000"
"crystal8588par","0.0000"
"crystal8594par","0.0000"
"crystal8603par","0.0000"
"crystal9271par","0.0000"
"crystal9278par","0.0000"
"crystal9281par","0.0000"
"crystal9293par","0.0000"
"crystal9313par","0.0000"
"crw1694w40101","0.0000"
"crw1694w59101","0.0000"
"gol08466hg","0.0000"
"gol08921wai","0.0000"
"gol0892sfai","0.0000"
"gol1067o3pnbmaw","0.0000"
"gol1067osfnbmaw","0.0000"
"gol1140sfblkhwg","0.0000"
"gol3160fmnbhwg","0.0000"
"gol3160sfnbhwg","0.0000"
"gol3306ba1absf","0.0000"
"gol3306ba1blksf","0.0000"
"gol3306ba1chsf","0.0000"
"gol3306ba1pwsf","0.0000"
"gol3306ba2absf","0.0000"
"gol3306ba2blksf","0.0000"
"gol3306ba2chsf","0.0000"
"gol3306ba3absf","0.0000"
"gol3306ba3blksf","0.0000"
"gol3306ba3chsf","0.0000"
"gol3306ba3pwsf","0.0000"
"gol3306sblksf","0.0000"
"gol3306spwsf","0.0000"
"gol3602ba1chnvy","0.0000"
"gol3602ba1pwnvy","0.0000"
"gol3602ba2chnvy","0.0000"
"gol3602ba2pwnvy","0.0000"
"gol3602ba3chnvy","0.0000"
"gol3602ba3pwnvy","0.0000"
"gol6954sfbcbop","0.0000"
"hun99813","0.0000"
"minf625lcl","0.0000"
"minf625lorb","0.0000"
"minf625lwhf","0.0000"
"minf644lwhf","0.0000"
"minf756lcl","0.0000"
"klc520541ol","0.0000"
"klc520555ol","0.0000"
"klc520561ol","0.0000"
"klc520255mw","0.0000"
"klc520256mw","0.0000"
"klc520321wvb","0.0000"
"klc520353wvb","0.0000"
"klc520355wvb","0.0000"
"klc520356wvb","0.0000"
"klc520361wvb","0.0000"
"klc519275wb","0.0000"
"klc519922stb","0.0000"
"klc518721wb","0.0000"
"klc518722wb","0.0000"
"klc518755wb","0.0000"
"klc518756wb","0.0000"
"klc518555ng","0.0000"
"klc519611stb","0.0000"
"klc519671stb","0.0000"
"far100032par","0.0000"
"far100106par","0.0000"
"far100118par","0.0000"
"far100127par","0.0000"
"far100148par","0.0000"
"far100346par","0.0000"
"far100478par","0.0000"
"far100484par","0.0000"
"far100488par","0.0000"
"far100516par","0.0000"
"far100560par","0.0000"
"far100583par","0.0000"
"far100765par","0.0000"
"far100766par","0.0000"
"far100858par","0.0000"
"far100935par","0.0000"
"far100970par","0.0000"
"far100971par","0.0000"
"far100972par","0.0000"
"far101131par","0.0000"
"far101136par","0.0000"
"far101179par","0.0000"
"far101182par","0.0000"
"far101184par","0.0000"
"far101190par","0.0000"
"far101205par","0.0000"
"far101208par","0.0000"
"far101229par","0.0000"
"far101243par","0.0000"
"far101245par","0.0000"
"far101264par","0.0000"
"far101316par","0.0000"
"far101317par","0.0000"
"far101386par","0.0000"
"far101388par","0.0000"
"far101390par","0.0000"
"far101415par","0.0000"
"far101418par","0.0000"
"far101442par","0.0000"
"far101623par","0.0000"
"far101630par","0.0000"
"far101636par","0.0000"
"far101706par","0.0000"
"far101726par","0.0000"
"far101772par","0.0000"
"far101939par","0.0000"
"far101950par","0.0000"
"far101952par","0.0000"
"far101956par","0.0000"
"far102021par","0.0000"
"far102050par","0.0000"
"far102076par","0.0000"
"far102106par","0.0000"
"far102149par","0.0000"
"far102169par","0.0000"
"far102179par","0.0000"
"far102224par","0.0000"
"far102227par","0.0000"
"far102256par","0.0000"
"far102275par","0.0000"
"far102278par","0.0000"
"far102296par","0.0000"
"far102327par","0.0000"
"far102357par","0.0000"
"far102358par","0.0000"
"far102364par","0.0000"
"far102481par","0.0000"
"far102531par","0.0000"
"far102534par","0.0000"
"far102538par","0.0000"
"far102595par","0.0000"
"far102602par","0.0000"
"far102604par","0.0000"
"far102709par","0.0000"
"far102729par","0.0000"
"far102759par","0.0000"
"far102775par","0.0000"
"far102822par","0.0000"
"far102823par","0.0000"
"far102827par","0.0000"
"far102833par","0.0000"
"far102848par","0.0000"
"far102851par","0.0000"
"far102852par","0.0000"
"far102855par","0.0000"
"far102856par","0.0000"
"far207001par","0.0000"
"far207002par","0.0000"
"far207004par","0.0000"
"far207006par","0.0000"
"far207008par","0.0000"
"far207015par","0.0000"
"far207017par","0.0000"
"far207019par","0.0000"
"far207021par","0.0000"
"far207028par","0.0000"
"far207033par","0.0000"
"far207037par","0.0000"
"far207041par","0.0000"
"far207044par","0.0000"
"far207070par","0.0000"
"far207082par","0.0000"
"far207109par","0.0000"
"far207113par","0.0000"
"far207119par","0.0000"
"far207121par","0.0000"
"far207123par","0.0000"
"far207147par","0.0000"
"far207158par","0.0000"
"far207162par","0.0000"
"far207165par","0.0000"
"far207167par","0.0000"
"far207171par","0.0000"
"far207174par","0.0000"
"far207176par","0.0000"
"far207179par","0.0000"
"far207185par","0.0000"
"far207197par","0.0000"
"far207199par","0.0000"
"far207204par","0.0000"
"far207207par","0.0000"
"far207209par","0.0000"
"far207213par","0.0000"
"far207224par","0.0000"
"far207226par","0.0000"
"far207231par","0.0000"
"far207236par","0.0000"
"far207247par","0.0000"
"far207251par","0.0000"
"far207258par","0.0000"
"far207262par","0.0000"
"far207289par","0.0000"
"far207292par","0.0000"
"far207297par","0.0000"
"far207306par","0.0000"
"far207317par","0.0000"
"far207322par","0.0000"
"far207332par","0.0000"
"far207334par","0.0000"
"far207337par","0.0000"
"far207341par","0.0000"
"far207344par","0.0000"
"far207351par","0.0000"
"far207353par","0.0000"
"far207360par","0.0000"
"far207371par","0.0000"
"far207377par","0.0000"
"far207385par","0.0000"
"far207387par","0.0000"
"far207392par","0.0000"
"far233952par","0.0000"
"far233953par","0.0000"
"far233956par","0.0000"
"far233960par","0.0000"
"far233963par","0.0000"
"far233969par","0.0000"
"far233971par","0.0000"
"far233975par","0.0000"
"far233977par","0.0000"
"far233980par","0.0000"
"far233983par","0.0000"
"far233987par","0.0000"
"far233989par","0.0000"
"far233993par","0.0000"
"far233995par","0.0000"
"far234009par","0.0000"
"far234013par","0.0000"
"far234015par","0.0000"
"far234055par","0.0000"
"far234056par","0.0000"
"far234058par","0.0000"
"far234060par","0.0000"
"far234062par","0.0000"
"far234063par","0.0000"
"far234071par","0.0000"
"far234075par","0.0000"
"far234106par","0.0000"
"far234112par","0.0000"
"far234118par","0.0000"
"far234122par","0.0000"
"far234128par","0.0000"
"far234134par","0.0000"
"far234154par","0.0000"
"far234156par","0.0000"
"far234160par","0.0000"
"far234167par","0.0000"
"far234175par","0.0000"
"far234177par","0.0000"
"far234183par","0.0000"
"far234187par","0.0000"
"far234197par","0.0000"
"far234202par","0.0000"
"far234204par","0.0000"
"far234207par","0.0000"
"far234222par","0.0000"
"far234223par","0.0000"
"far234225par","0.0000"
"far234229par","0.0000"
"far234230par","0.0000"
"far234233par","0.0000"
"far234238par","0.0000"
"far234240par","0.0000"
"far234242par","0.0000"
"far234247par","0.0000"
"far234304par","0.0000"
"far234307par","0.0000"
"far234320par","0.0000"
"far234332par","0.0000"
"far234334par","0.0000"
"far234346par","0.0000"
"far234348par","0.0000"
"far234349par","0.0000"
"far234371par","0.0000"
"far234377par","0.0000"
"far234381par","0.0000"
"far234389par","0.0000"
"far234404par","0.0000"
"far234406par","0.0000"
"far234407par","0.0000"
"far234409par","0.0000"
"far234411par","0.0000"
"far234416par","0.0000"
"far234420par","0.0000"
"far234423par","0.0000"
"far234435par","0.0000"
"far234438par","0.0000"
"far234441par","0.0000"
"far234444par","0.0000"
"far234446par","0.0000"
"far234449par","0.0000"
"far234452par","0.0000"
"far234458par","0.0000"
"far234461par","0.0000"
"far234463par","0.0000"
"far234473par","0.0000"
"far234475par","0.0000"
"far234480par","0.0000"
"far234487par","0.0000"
"far234492par","0.0000"
"far234510par","0.0000"
"far234528par","0.0000"
"far234532par","0.0000"
"far234548par","0.0000"
"far234554par","0.0000"
"far234556par","0.0000"
"far234562par","0.0000"
"far234568par","0.0000"
"far234570par","0.0000"
"far234574par","0.0000"
"far234578par","0.0000"
"far234605par","0.0000"
"far234609par","0.0000"
"far234623par","0.0000"
"far234635par","0.0000"
"far234639par","0.0000"
"far234645par","0.0000"
"far234652par","0.0000"
"far234654par","0.0000"
"far234667par","0.0000"
"far234669par","0.0000"
"far234673par","0.0000"
"far234677par","0.0000"
"far234683par","0.0000"
"far234689par","0.0000"
"far234695par","0.0000"
"far234722par","0.0000"
"far234730par","0.0000"
"far234750par","0.0000"
"far234754par","0.0000"
"far234766par","0.0000"
"far234773par","0.0000"
"far234781par","0.0000"
"far234785par","0.0000"
"far234789par","0.0000"
"far234794par","0.0000"
"far234799par","0.0000"
"far234806par","0.0000"
"far234810par","0.0000"
"far234812par","0.0000"
"far234813par","0.0000"
"far234820par","0.0000"
"far234822par","0.0000"
"far234824par","0.0000"
"far234828par","0.0000"
"far234836par","0.0000"
"far234840par","0.0000"
"far234844par","0.0000"
"far234852par","0.0000"
"far234856par","0.0000"
"far234867par","0.0000"
"far234872par","0.0000"
"far234873par","0.0000"
"far234878par","0.0000"
"far234883par","0.0000"
"far234888par","0.0000"
"far234891par","0.0000"
"far234894par","0.0000"
"far234898par","0.0000"
"far234900par","0.0000"
"far234905par","0.0000"
"far234909par","0.0000"
"far234913par","0.0000"
"far234915par","0.0000"
"far234917par","0.0000"
"far234921par","0.0000"
"far234925par","0.0000"
"far234935par","0.0000"
"far234939par","0.0000"
"far234941par","0.0000"
"far234943par","0.0000"
"far234949par","0.0000"
"far234953par","0.0000"
"far234959par","0.0000"
"far234971par","0.0000"
"far234975par","0.0000"
"far234979par","0.0000"
"far235003par","0.0000"
"far235007par","0.0000"
"far235014par","0.0000"
"far235036par","0.0000"
"far235043par","0.0000"
"far235047par","0.0000"
"far235049par","0.0000"
"far235052par","0.0000"
"far235054par","0.0000"
"far235063par","0.0000"
"far235070par","0.0000"
"far235072par","0.0000"
"far235076par","0.0000"
"far235082par","0.0000"
"far235092par","0.0000"
"far235095par","0.0000"
"far235098par","0.0000"
"far235100par","0.0000"
"far235108par","0.0000"
"far235115par","0.0000"
"far235127par","0.0000"
"far235159par","0.0000"
"far235162par","0.0000"
"far235166par","0.0000"
"far235178par","0.0000"
"far235180par","0.0000"
"far235196par","0.0000"
"far235198par","0.0000"
"far235199par","0.0000"
"far235252par","0.0000"
"far239665par","0.0000"
"far239666par","0.0000"
"far239680par","0.0000"
"far239698par","0.0000"
"far239864par","0.0000"
"far244881par","0.0000"
"far244909par","0.0000"
"far244913par","0.0000"
"far244927par","0.0000"
"far244935par","0.0000"
"far244941par","0.0000"
"far244944par","0.0000"
"far244960par","0.0000"
"far244966par","0.0000"
"far244970par","0.0000"
"far244982par","0.0000"
"far244990par","0.0000"
"far244994par","0.0000"
"far245022par","0.0000"
"far245028par","0.0000"
"far245032par","0.0000"
"far245038par","0.0000"
"far245042par","0.0000"
"far245050par","0.0000"
"far245054par","0.0000"
"far245076par","0.0000"
"far245093par","0.0000"
"far245099par","0.0000"
"far245127par","0.0000"
"far245133par","0.0000"
"far245143par","0.0000"
"far245146par","0.0000"
"far245148par","0.0000"
"far245157par","0.0000"
"far245160par","0.0000"
"far245164par","0.0000"
"far245166par","0.0000"
"far245172par","0.0000"
"far245176par","0.0000"
"far245197par","0.0000"
"far245203par","0.0000"
"far245206par","0.0000"
"far245210par","0.0000"
"far245214par","0.0000"
"far245218par","0.0000"
"far245220par","0.0000"
"far245223par","0.0000"
"far245228par","0.0000"
"far245230par","0.0000"
"far245235par","0.0000"
"far245244par","0.0000"
"far245250par","0.0000"
"far245253par","0.0000"
"far245255par","0.0000"
"far245260par","0.0000"
"far245263par","0.0000"
"far245270par","0.0000"
"far245274par","0.0000"
"far245278par","0.0000"
"far245280par","0.0000"
"far245283par","0.0000"
"far245289par","0.0000"
"far245292par","0.0000"
"far245294par","0.0000"
"far245296par","0.0000"
"far245321par","0.0000"
"far245326par","0.0000"
"far245331par","0.0000"
"far245354par","0.0000"
"far245356par","0.0000"
"far245358par","0.0000"
"far245366par","0.0000"
"far245369par","0.0000"
"far245377par","0.0000"
"far245387par","0.0000"
"far245390par","0.0000"
"far245397par","0.0000"
"far245403par","0.0000"
"far245405par","0.0000"
"far245419par","0.0000"
"far245425par","0.0000"
"far245430par","0.0000"
"far245435par","0.0000"
"far245437par","0.0000"
"far245439par","0.0000"
"far245443par","0.0000"
"far245447par","0.0000"
"far245451par","0.0000"
"far245453par","0.0000"
"far245472par","0.0000"
"far245563par","0.0000"
"far246913par","0.0000"
"far246916par","0.0000"
"far246921par","0.0000"
"far246932par","0.0000"
"far246935par","0.0000"
"far246940par","0.0000"
"far246944par","0.0000"
"far246963par","0.0000"
"far246973par","0.0000"
"far246977par","0.0000"
"far246988par","0.0000"
"far246992par","0.0000"
"far247000par","0.0000"
"far247008par","0.0000"
"far247020par","0.0000"
"far247023par","0.0000"
"far247027par","0.0000"
"far247029par","0.0000"
"farw207079par","0.0000"
"farw207085par","0.0000"
"farw207088par","0.0000"
"farw207097par","0.0000"
"farw207136par","0.0000"
"farw207221par","0.0000"
"farw207283par","0.0000"
"farw207285par","0.0000"
"farw234739par","0.0000"
"farw234742par","0.0000"
"farw234756par","0.0000"
"farw234762par","0.0000"
"farw234929par","0.0000"
"farw234931par","0.0000"
"farw235000par","0.0000"
"farw235085par","0.0000"
"farw235089par","0.0000"
"farw235109par","0.0000"
"farw235111par","0.0000"
"far252648","0.0000"
"far252650","0.0000"
"far252652","0.0000"
"far252653","0.0000"
"far252654","0.0000"
"far252655","0.0000"
"far252659","0.0000"
"far252660","0.0000"
"far252661","0.0000"
"far252662","-1.0000"
"far252663","-1.0000"
"far252664","0.0000"
"far252665","0.0000"
"far252666","0.0000"
"far252667","0.0000"
"far252669","0.0000"
"far252670","0.0000"
"far252671","0.0000"
"far252672","0.0000"
"far252673","0.0000"
"far252674","0.0000"
"far252675","0.0000"
"far252676","0.0000"
"far252677","0.0000"
"far252678","0.0000"
"far252679","0.0000"
"far252680","0.0000"
"far252681","0.0000"
"alg028095044fr001","0.0000"
"alg028395010fr001","0.0000"
"alg039556062fr001","0.0000"
"alg039561062fr001","0.0000"
"alg090121064fr001","0.0000"
"alg090122064fr001","0.0000"
"alg090321064fr001","0.0000"
"alg095522064fr001","0.0000"
"alg095523064fr001","0.0000"
"far240824par","0.0000"
"far240818par","0.0000"
"far240867par","0.0000"
"far240869par","0.0000"
"far240859par","0.0000"
"far240908par","0.0000"
"far240816par","0.0000"
"far240931par","0.0000"
"far240927par","0.0000"
"far240934par","0.0000"
"far239663par","0.0000"
"far240855par","0.0000"
"far240877par","0.0000"
"far251557par","0.0000"
"far240874par","0.0000"
"far240845par","0.0000"
"far201001par","0.0000"
"far240886par","0.0000"
"far240882par","0.0000"
"far240916par","0.0000"
"far201033par","0.0000"
"far240842par","0.0000"
"far222321par","0.0000"
"far237620par","0.0000"
"far237623par","0.0000"
"far237642par","0.0000"
"far237648par","0.0000"
"far237650par","0.0000"
"far237660par","0.0000"
"far245566par","0.0000"
"far245586par","0.0000"
"far247402par","0.0000"
"far247411par","0.0000"
"far247414par","0.0000"
"far247439par","0.0000"
"min1405758","0.0000"
"min620184","0.0000"
"liv4268404","0.0000"
"crystal9500","0.0000"
"crystal9503","0.0000"
"crystal9516","0.0000"
"crystal9518","0.0000"
"crystal9527","0.0000"
"crystal9528","0.0000"
"crystal9532","0.0000"
"crystal9539","0.0000"
"crystal9540","0.0000"
"far252691","0.0000"
"far252692","0.0000"
"far252693","0.0000"
"far252699","0.0000"
"far252700","0.0000"
"far252704","0.0000"
"far252706","0.0000"
"far252708","0.0000"
"far252710","0.0000"
"far252712","0.0000"
"far252716","0.0000"
"far252719","0.0000"
"far252725","0.0000"
"far252726","0.0000"
"far252727","0.0000"
"far252728","0.0000"
"far252734","0.0000"
"far252738","0.0000"
"far252740","0.0000"
"far252771","0.0000"
"kovp840647bl","0.0000"
"far116139par","0.0000"
"far116140par","0.0000"
"far116201par","0.0000"
"far116377par","0.0000"
"far116733par","0.0000"
"far116990par","0.0000"
"far222203par","0.0000"
"far222267par","0.0000"
"abbotswellchandelier","0.0000"
"abbotswelllinear","0.0000"
"adeenachandelier","0.0000"
"adeenalinear","0.0000"
"admiralscovesconce","0.0000"
"ahrendalefan","0.0000"
"albersflush","0.0000"
"alberspendant","0.0000"
"aldenlinear","0.0000"
"aldensconce","0.0000"
"aldergatechandelier","0.0000"
"alexiachandelier","0.0000"
"alibath","0.0000"
"alichandelier","0.0000"
"alilinear","0.0000"
"alisconce","0.0000"
"allenburypendant","0.0000"
"allenburysconce","0.0000"
"altonflush","0.0000"
"altonlinear","0.0000"
"ambervalleysconce","0.0000"
"ansoniabath","0.0000"
"arcuschandelier","0.0000"
"argyleoutdoorpost","0.0000"
"argylependant","0.0000"
"argylesconce","0.0000"
"arlosemiflush","0.0000"
"armidabath","0.0000"
"armidachandelier","0.0000"
"armidapendant","0.0000"
"armidasconce","0.0000"
"armstrongchandelier","0.0000"
"armstrongflush","0.0000"
"artemchandelier","0.0000"
"arvadafan","0.0000"
"ashlandbaysconce","0.0000"
"atwoodsconce","0.0000"
"aubreychandelier","0.0000"
"aubreypendant","0.0000"
"aubreysemiflush","0.0000"
"averybath","0.0000"
"averysemiflush","0.0000"
"avonflush","0.0000"
"barrassconce","0.0000"
"barrieoutdoorpost","0.0000"
"barriependant","0.0000"
"bayshoresconce","0.0000"
"beaconsquareflush","0.0000"
"beaconsquareoutdoorpost","0.0000"
"beaconsquarependant","0.0000"
"beaconsquaresconce","0.0000"
"beckettoutdoorpost","0.0000"
"bensimoneflush","0.0000"
"bowenfan","0.0000"
"bowensconce","0.0000"
"braelynbath","0.0000"
"braelynchandelier","0.0000"
"braelynlinear","0.0000"
"braelynpendant","0.0000"
"braelynsconce","0.0000"
"brahmfan","0.0000"
"brancheschandelier","0.0000"
"brettaflush","0.0000"
"bridgepointsconce","0.0000"
"brinleyflush","0.0000"
"brinleylinear","0.0000"
"brinleypendant","0.0000"
"brinleysconce","0.0000"
"brisbanechandelier","0.0000"
"britflush","0.0000"
"cameronsconce","0.0000"
"canfieldfan","0.0000"
"canfieldpatiofan","0.0000"
"caparrosbath","0.0000"
"cartonependant","0.0000"
"cassadeependant","0.0000"
"caterhamsconce","0.0000"
"cbrlandscape","0.0000"
"cecilflush","0.0000"
"ceilingspaceflush","0.0000"
"cesyasconce","0.0000"
"chesapeakeoutdoorpost","0.0000"
"chiarafan","0.0000"
"circolochandelier","0.0000"
"circololinear","0.0000"
"ciruspendant","0.0000"
"cobsonpendant","0.0000"
"colernefan","0.0000"
"colernelinear","0.0000"
"colernependant","0.0000"
"colernesconce","0.0000"
"courtyardflush","0.0000"
"courtyardoutdoorpost","0.0000"
"courtyardpendant","0.0000"
"courtyardsconce","0.0000"
"crosbybath","0.0000"
"crosbylinear","0.0000"
"crosbypendant","0.0000"
"cserieslandscape","0.0000"
"dahliasconce","0.0000"
"dalwoodbath","0.0000"
"danikapendant","0.0000"
"dartonpendant","0.0000"
"deelachandelier","0.0000"
"deelapendant","0.0000"
"derynbath","0.0000"
"derynchandelier","0.0000"
"doverchandelier","0.0000"
"eadsfan","0.0000"
"eileenchandelier","0.0000"
"eileenpendant","0.0000"
"eileensconce","0.0000"
"elatachandelier","0.0000"
"eliaspendant","0.0000"
"eliassconce","0.0000"
"eliassemiflush","0.0000"
"ellerbecksconce","0.0000"
"erischandelier","0.0000"
"erzochandelier","0.0000"
"estellasconce","0.0000"
"evanchandelier","0.0000"
"everlypendant","0.0000"
"farumbath","0.0000"
"farumsconce","0.0000"
"ferronfan","0.0000"
"florencelinear","0.0000"
"forestdalesconce","0.0000"
"franceasisconce","0.0000"
"fundamentalslandscape","0.0000"
"genofan","0.0000"
"gentryfan","0.0000"
"gentryxlfan","0.0000"
"grandbankchandelier","0.0000"
"grandbanklinear","0.0000"
"grandbankpendant","0.0000"
"grandbanksemiflush","0.0000"
"halleronsconce","0.0000"
"harborbaysconce","0.0000"
"harborrowsconce","0.0000"
"harvestridgesconce","0.0000"
"hatterasbayfan","0.0000"
"hatterasbaypendant","0.0000"
"hatterasbayrail","0.0000"
"hatterasbaysconce","0.0000"
"hattonchandelier","0.0000"
"hattonpendant","0.0000"
"hattonsconce","0.0000"
"hendrikbath","0.0000"
"hendrikchandelier","0.0000"
"hendrikpendant","0.0000"
"hendrikrail","0.0000"
"hendriksconce","0.0000"
"hendriksemiflush","0.0000"
"hexbath","0.0000"
"hexsconce","0.0000"
"holbrookpendant","0.0000"
"imarifan","0.0000"
"impellobath","0.0000"
"incusfan","0.0000"
"indecobath","0.0000"
"indecosconce","0.0000"
"jacefan","0.0000"
"jasperbath","0.0000"
"jaspersconce","0.0000"
"joelsonbath","0.0000"
"joelsonchandelier","0.0000"
"joelsonpendant","0.0000"
"joelsonsconce","0.0000"
"joelsonsemiflush","0.0000"
"joliebath","0.0000"
"joliependant","0.0000"
"joliesconce","0.0000"
"karmariebath","0.0000"
"kevlarfan","0.0000"
"kichleralkiresemiflush","0.0000"
"kichlerandoversconce","0.0000"
"kichlerarmstrongsconce","0.0000"
"kichleraubreybath","0.0000"
"kichleraubreysconce","0.0000"
"kichleraverypendant","0.0000"
"kichleraverysconce","0.0000"
"kichlerbeckettsconce","0.0000"
"kichlercamdensconce","0.0000"
"kichlercrosbychandelier","0.0000"
"kichlercrosbysconce","0.0000"
"kichlerdoverflush","0.0000"
"kichlerdoverpendant","0.0000"
"kichlerflorencechandelier","0.0000"
"kichlergalachandelier","0.0000"
"kichlerharmonybath","0.0000"
"kichlerjoliechandelier","0.0000"
"kichlerlyndonpendant","0.0000"
"kichlerlyndonsconce","0.0000"
"kichlermadisonsconce","0.0000"
"kichlermonroechandelier","0.0000"
"kichlernewportsconce","0.0000"
"kichlerolympiapendant","0.0000"
"kichlerrivieralinear","0.0000"
"kichlerrivierapendant","0.0000"
"kichlerroswellpendant","0.0000"
"kichlershailenesemiflush","0.0000"
"kichlersixgroovelandscape","0.0000"
"kichlersixgrooveoutdoor","0.0000"
"kichlerwakefieldsconce","0.0000"
"kichlerwesleysconce","0.0000"
"kirkwoodsconce","0.0000"
"kosmusfan","0.0000"
"krysiachandelier","0.0000"
"laceychandelier","0.0000"
"laceypendant","0.0000"
"laceysemiflush","0.0000"
"lahdensconce","0.0000"
"lakumpendant","0.0000"
"landscapeledlandscape","0.0000"
"landscapeledoutdoor","0.0000"
"landscapeledstep","0.0000"
"larkinchandelier","0.0000"
"larkinpendant","0.0000"
"layanpendant","0.0000"
"leedsfan","0.0000"
"lehrfan","0.0000"
"lehriifan","0.0000"
"linkfan","0.0000"
"lozanopendant","0.0000"
"lozanosconce","0.0000"
"lucianfan","0.0000"
"luellapendant","0.0000"
"lyndonpatiofan","0.0000"
"madisonoutdoorpost","0.0000"
"malenflush","0.0000"
"malensemiflush","0.0000"
"manhattansconce","0.0000"
"manninghamsconce","0.0000"
"mathiaschandelier","0.0000"
"mercelchandelier","0.0000"
"mercelpendant","0.0000"
"milllanesconce","0.0000"
"missoulapendant","0.0000"
"modernechandelier","0.0000"
"modernependant","0.0000"
"monarchfan","0.0000"
"monarchiipatiofan","0.0000"
"monarchiiselectfan","0.0000"
"montavellochandelier","0.0000"
"moorgatelinear","0.0000"
"moorgatependant","0.0000"
"morriganchandelier","0.0000"
"morriganlinear","0.0000"
"morriganpendant","0.0000"
"motufan","0.0000"
"mountvernonoutdoorpost","0.0000"
"mountvernonsconce","0.0000"
"nicholsonbath","0.0000"
"nilesbath","0.0000"
"nileschandelier","0.0000"
"nileslinear","0.0000"
"nivasconce","0.0000"
"northlandsconce","0.0000"
"ocalasemiflush","0.0000"
"odensachandelier","0.0000"
"odensasconce","0.0000"
"oharabath","0.0000"
"olympiasemiflush","0.0000"
"pacificedgesconce","0.0000"
"paisconce","0.0000"
"pallaschandelier","0.0000"
"pallaslinear","0.0000"
"pellinordsconce","0.0000"
"petalchandelier","0.0000"
"phixchandelier","0.0000"
"phixlinear","0.0000"
"phixsconce","0.0000"
"pierpendant","0.0000"
"piersconce","0.0000"
"pimchandelier","0.0000"
"piperchandelier","0.0000"
"piraflush","0.0000"
"polawall","0.0000"
"ranafan","0.0000"
"remysemiflush","0.0000"
"ridleyiifan","0.0000"
"riedfan","0.0000"
"ripleysconce","0.0000"
"riusemiflush","0.0000"
"riverpathsconce","0.0000"
"riverwoodsconce","0.0000"
"rockbridgesconce","0.0000"
"rosalindbath","0.0000"
"rosalindchandelier","0.0000"
"rosalindlinear","0.0000"
"rosalindsconce","0.0000"
"roswellchandelier","0.0000"
"royalmarinesconce","0.0000"
"rylerflush","0.0000"
"rylersconce","0.0000"
"sagosemiflush","0.0000"
"salisburyoutdoorpost","0.0000"
"salisburysconce","0.0000"
"seasideoutdoor","0.0000"
"sercaflush","0.0000"
"serenelinear","0.0000"
"serenesconce","0.0000"
"shailenependant","0.0000"
"silvercoralpendant","0.0000"
"sisusemiflush","0.0000"
"solafan","0.0000"
"soliabath","0.0000"
"soliasconce","0.0000"
"southhopesconce","0.0000"
"springfieldsconce","0.0000"
"spynfan","0.0000"
"spyrafan","0.0000"
"starkkfan","0.0000"
"stepandhall120vstep","0.0000"
"surisconce","0.0000"
"surreyfan","0.0000"
"sylviarail","0.0000"
"szeplopatiofan","0.0000"
"talliechandelier","0.0000"
"talliependant","0.0000"
"talliesemiflush","0.0000"
"tangiersconce","0.0000"
"tanispendant","0.0000"
"taulbeechandelier","0.0000"
"telanchandelier","0.0000"
"ternafan","0.0000"
"terrafan","0.0000"
"terraselectfan","0.0000"
"thisbechandelier","0.0000"
"thisbependant","0.0000"
"thoreausemiflush","0.0000"
"tibbiflush","0.0000"
"tituschandelier","0.0000"
"todofan","0.0000"
"tolerandsconce","0.0000"
"tomanoutdoorpost","0.0000"
"tomanpendant","0.0000"
"tomansconce","0.0000"
"torchebath","0.0000"
"torchesconce","0.0000"
"tournaioutdoorpost","0.0000"
"tournaipendant","0.0000"
"tournaisconce","0.0000"
"trabekrail","0.0000"
"tremillosconce","0.0000"
"trentinochandelier","0.0000"
"trentinosemiflush","0.0000"
"triadpendant","0.0000"
"tullybath","0.0000"
"valserranochandelier","0.0000"
"valserranolinear","0.0000"
"varachandelier","0.0000"
"varasconce","0.0000"
"vassarfan","0.0000"
"vathpendant","0.0000"
"vlolandscape","0.0000"
"voletachandelier","0.0000"
"voletapendant","0.0000"
"volosfan","0.0000"
"waldensconce","0.0000"
"winslowbath","0.0000"
"winslowchandelier","0.0000"
"winslowpendant","0.0000"
"winslowsemiflush","0.0000"
"wiscombeparkoutdoorpost","0.0000"
"wiscombeparkpendant","0.0000"
"wiscombeparksconce","0.0000"
"wynbergchandelier","0.0000"
"wynbergpendant","0.0000"
"zaileypendant","0.0000"
"zeusfan","0.0000"
"far239050par","0.0000"
"far239055par","0.0000"
"far239057par","0.0000"
"far239061par","0.0000"
"far239065par","0.0000"
"far239070par","0.0000"
"far239071par","0.0000"
"far239072par","0.0000"
"far239082par","0.0000"
"far239087par","0.0000"
"far239095par","0.0000"
"far239098par","0.0000"
"far239103par","0.0000"
"far239105par","0.0000"
"far239111par","0.0000"
"far239114par","0.0000"
"far239116par","0.0000"
"far239128par","0.0000"
"far239140par","0.0000"
"far239147par","0.0000"
"far239156par","0.0000"
"far239169par","0.0000"
"far239178par","0.0000"
"far239182par","0.0000"
"far239185par","0.0000"
"far239191par","0.0000"
"far239196par","0.0000"
"far239199par","0.0000"
"far239201par","0.0000"
"far239203par","0.0000"
"far239209par","0.0000"
"far239230par","0.0000"
"far239233par","0.0000"
"far239237par","0.0000"
"far239240par","0.0000"
"far239243par","0.0000"
"far239245par","0.0000"
"far239257par","0.0000"
"far239261par","0.0000"
"far239264par","0.0000"
"far239266par","0.0000"
"far239268par","0.0000"
"far239273par","0.0000"
"far239281par","0.0000"
"far239283par","0.0000"
"far239294par","0.0000"
"far239297par","0.0000"
"far239301par","0.0000"
"far239307par","0.0000"
"far239316par","0.0000"
"far239318par","0.0000"
"far239321par","0.0000"
"far239325par","0.0000"
"far239330par","0.0000"
"far239338par","0.0000"
"far239342par","0.0000"
"far239348par","0.0000"
"far239358par","0.0000"
"far239362par","0.0000"
"far239365par","0.0000"
"far239375par","0.0000"
"far239378par","0.0000"
"far239382par","0.0000"
"far239385par","0.0000"
"far239388par","0.0000"
"far239394par","0.0000"
"far239402par","0.0000"
"far239405par","0.0000"
"far239417par","0.0000"
"far239445par","0.0000"
"far239449par","0.0000"
"far239459par","0.0000"
"far239463par","0.0000"
"far239467par","0.0000"
"far239469par","0.0000"
"far239473par","0.0000"
"far239480par","0.0000"
"far239484par","0.0000"
"far239488par","0.0000"
"far239490par","0.0000"
"far239494par","0.0000"
"far239496par","0.0000"
"far239498par","0.0000"
"far239501par","0.0000"
"far239506par","0.0000"
"far239509par","0.0000"
"far239514par","0.0000"
"far239528par","0.0000"
"far239532par","0.0000"
"far239534par","0.0000"
"far239536par","0.0000"
"far239541par","0.0000"
"far239545par","0.0000"
"far239551par","0.0000"
"far239558far","0.0000"
"far239562par","0.0000"
"far239565par","0.0000"
"far239578par","0.0000"
"far239579par","0.0000"
"far239589par","0.0000"
"far239593par","0.0000"
"far239599par","0.0000"
"far239615par","0.0000"
"far239619par","0.0000"
"far239621par","0.0000"
"far239624par","0.0000"
"far239626par","0.0000"
"far239628par","0.0000"
"far239630par","0.0000"
"far239632par","0.0000"
"far239635par","0.0000"
"far239637par","0.0000"
"far239639par","0.0000"
"far239642par","0.0000"
"far239648par","0.0000"
"far239652par","0.0000"
"far247520par","0.0000"
"far247531par","0.0000"
"far247534par","0.0000"
"far247538par","0.0000"
"far247542par","0.0000"
"far247550par","0.0000"
"far247554par","0.0000"
"far247558par","0.0000"
"far247560par","0.0000"
"far247573par","0.0000"
"far247576par","0.0000"
"far247579par","0.0000"
"far247590par","0.0000"
"far247595par","0.0000"
"far247597par","0.0000"
"far247599par","0.0000"
"far247601par","0.0000"
"far247603par","0.0000"
"far247607par","0.0000"
"far247609par","0.0000"
"far247611par","0.0000"
"far247613par","0.0000"
"far247615par","0.0000"
"far247617par","0.0000"
"far247620par","0.0000"
"far247623par","0.0000"
"far247626par","0.0000"
"far113033par","0.0000"
"far113051par","0.0000"
"far113072par","0.0000"
"far113082par","0.0000"
"far113147par","0.0000"
"far113189par","0.0000"
"far113227par","0.0000"
"far113295par","0.0000"
"far113304par","0.0000"
"far113345par","0.0000"
"far113363par","0.0000"
"far113404par","0.0000"
"far113444par","0.0000"
"far113623par","0.0000"
"far113628par","0.0000"
"far113707par","0.0000"
"far113796par","0.0000"
"far113927par","0.0000"
"far113932par","0.0000"
"far113959par","0.0000"
"far113987par","0.0000"
"far113989par","0.0000"
"far113993par","0.0000"
"far114056par","0.0000"
"far114092par","0.0000"
"far114220par","0.0000"
"far114372par","0.0000"
"far114404par","0.0000"
"far114452par","0.0000"
"far114633par","0.0000"
"far114689par","0.0000"
"far114691par","0.0000"
"far114749par","0.0000"
"far114760par","0.0000"
"far114815par","0.0000"
"far114829par","0.0000"
"far114911par","0.0000"
"far114919par","0.0000"
"far116001par","0.0000"
"far116610par","0.0000"
"far116630par","0.0000"
"far221726par","0.0000"
"far221781par","0.0000"
"far221901par","0.0000"
"far221972par","0.0000"
"far221982par","0.0000"
"far222035par","0.0000"
"far222099par","0.0000"
"far222129par","0.0000"
"far222154par","0.0000"
"far222188par","0.0000"
"far222311par","0.0000"
"far248325par","0.0000"
"far248402par","0.0000"
"far248417par","0.0000"
"far248440par","0.0000"
"far248462par","0.0000"
"far248474par","0.0000"
"far248498par","0.0000"
"far248523par","0.0000"
"far248567par","0.0000"
"far248617par","0.0000"
"far248638par","0.0000"
"far248654par","0.0000"
"far248763par","0.0000"
"far248782par","0.0000"
"far248818par","0.0000"
"far248854par","0.0000"
"far248856par","0.0000"
"far248907par","0.0000"
"far249100par","0.0000"
"far249139par","0.0000"
"far249169par","0.0000"
"far249208par","0.0000"
"far249218par","0.0000"
"far249242par","0.0000"
"far249249par","0.0000"
"far249289par","0.0000"
"far249405par","0.0000"
"far249493par","0.0000"
"far249558par","0.0000"
"far249621par","0.0000"
"far249625par","0.0000"
"far249777par","0.0000"
"far249780par","0.0000"
"far249798par","0.0000"
"far249809par","0.0000"
"far214001par","0.0000"
"far214003par","0.0000"
"far222401par","0.0000"
"far222405par","0.0000"
"far222432par","0.0000"
"far222437par","0.0000"
"far222443par","0.0000"
"far222449par","0.0000"
"far222488par","0.0000"
"far222564par","0.0000"
"far222566par","0.0000"
"far222591par","0.0000"
"far222598par","0.0000"
"far222606par","0.0000"
"far222607par","0.0000"
"far237960par","0.0000"
"far237961par","0.0000"
"far237962par","0.0000"
"far238018par","0.0000"
"far238083par","0.0000"
"far238109par","0.0000"
"far238122par","0.0000"
"far238259par","0.0000"
"far238373par","0.0000"
"far238436par","0.0000"
"far238444par","0.0000"
"far238461par","0.0000"
"far238474par","0.0000"
"far238523par","0.0000"
"far242199par","0.0000"
"far242236par","0.0000"
"far242258par","0.0000"
"far242289par","0.0000"
"far242347par","0.0000"
"far242350par","0.0000"
"far242361par","0.0000"
"far242364par","0.0000"
"far242367par","0.0000"
"far242372par","0.0000"
"far242374par","0.0000"
"far242449par","0.0000"
"far242499par","0.0000"
"far242531par","0.0000"
"far242540par","0.0000"
"far242555par","0.0000"
"far242591par","0.0000"
"far242597par","0.0000"
"far242665par","0.0000"
"far242685par","0.0000"
"far242722par","0.0000"
"far242735par","0.0000"
"far242895par","0.0000"
"far243063par","0.0000"
"far243077par","0.0000"
"far243099par","0.0000"
"far243144par","0.0000"
"far243179par","0.0000"
"far243232par","0.0000"
"far243245par","0.0000"
"far243257par","0.0000"
"far243260par","0.0000"
"far243288par","0.0000"
"far243300par","0.0000"
"far243304par","0.0000"
"far243318par","0.0000"
"far243340par","0.0000"
"far243346par","0.0000"
"far243363par","0.0000"
"far243450par","0.0000"
"far243501par","0.0000"
"far243660par","0.0000"
"far243682par","0.0000"
"far243728par","0.0000"
"far243752par","0.0000"
"far243885par","0.0000"
"far245506par","0.0000"
"farw240806par","0.0000"
"farw240808par","0.0000"
"far253014","0.0000"
"uttw261181","0.0000"
"aloch352323aw","-1.0000"
"aloch352430aw","0.0000"
"alowv352206aw","0.0000"
"aloch328129aw","0.0000"
"alowv328209aw","0.0000"
"alowv328611aw","0.0000"
"aloch342545mbhl","0.0000"
"alopd342020mbhl","0.0000"
"alowv342105mbhl","0.0000"
"aloch343625mbcn","0.0000"
"alowv343104mbcn","0.0000"
"alopd331016mbvb","0.0000"
"alopd331024mbvb","0.0000"
"aloch340041mw","0.0000"
"aloch342545mwhl","0.0000"
"alopd342020mwhl","0.0000"
"alowv342105mwhl","-1.0000"
"aloch343625mwcn","0.0000"
"alowv343104mwcn","0.0000"
"alopd331016mwvb","0.0000"
"alopd331024mwvb","0.0000"
"alopd321712nb","0.0000"
"alopd321716nb","0.0000"
"alowv321628nb","0.0000"
"alopd321708nb","0.0000"
"aloch340041pb","0.0000"
"alopd344020pbgo","0.0000"
"alowv327010pnar","0.0000"
"alowv327015pnar","0.0000"
"alowv327019pnar","0.0000"
"alolp348241pnpg","0.0000"
"alopd348022pnpg","0.0000"
"alopd348114pnpg","0.0000"
"alowv348218pnpg","0.0000"
"alowv348224pnpg","0.0000"
"alopd344020pngo","0.0000"
"alolp348241pnop","0.0000"
"alopd348022pnop","0.0000"
"alopd348114pnop","0.0000"
"alowv348218pnop","0.0000"
"alowv348224pnop","0.0000"
"aloew332511bkcr","0.0000"
"aloew332705bkcr","0.0000"
"alowv320323ub","0.0000"
"aloch336830ub","0.0000"
"aloch320837ubar","0.0000"
"alowv327010ubar","0.0000"
"alowv327015ubar","0.0000"
"alowv327019ubar","-1.0000"
"alopd348114ubpg","0.0000"
"alowv348218ubpg","0.0000"
"alowv348224ubpg","0.0000"
"alofm332615ubcr","0.0000"
"alofm332919ubcr","0.0000"
"alopd332119ubcr","0.0000"
"alosf332919ubcr","0.0000"
"aloch332421ubcr","0.0000"
"aloch332830ubcr","0.0000"
"alopd350318ubgo","0.0000"
"alopd344014ubgo","0.0000"
"alopd344020ubgo","0.0000"
"alosf344012ubgo","0.0000"
"alolp355652ubgo","0.0000"
"alolp348241ubop","0.0000"
"alowv348218ubop","0.0000"
"alowv348224ubop","0.0000"
"alopd350318ubsm","0.0000"
"alopd350318ubwo","0.0000"
"alowv320323vb","0.0000"
"alowv320108vb","0.0000"
"aloch336830vb","0.0000"
"aloch320837vbar","0.0000"
"aloch346046vbar","0.0000"
"alowv327010vbar","0.0000"
"alowv327015vbar","0.0000"
"alowv327019vbar","0.0000"
"alolp348241vbpg","0.0000"
"alopd348114vbpg","0.0000"
"alowv348218vbpg","0.0000"
"alowv348224vbpg","0.0000"
"alofm332615vbcr","0.0000"
"alofm332919vbcr","0.0000"
"alopd332119vbcr","0.0000"
"alosf332919vbcr","0.0000"
"aloch332421vbcr","0.0000"
"aloch332830vbcr","0.0000"
"alopd350318vbgo","0.0000"
"alolp355652vbgo","0.0000"
"alopd348022vbop","0.0000"
"alopd348114vbop","0.0000"
"alowv348218vbop","0.0000"
"alowv348224vbop","0.0000"
"alopd350318vbsm","0.0000"
"alopd350318vbwo","0.0000"
"kuzew48003bk","0.0000"
"kuzew48006bk","0.0000"
"kuzat68010bg","0.0000"
"utt04343","0.0000"
"utt04352","0.0000"
"utt04353","0.0000"
"utt04354","0.0000"
"utt21372","0.0000"
"utt21587","0.0000"
"utt21589","0.0000"
"utt22571","0.0000"
"utt22902","0.0000"
"utt22906","0.0000"
"utt22910","0.0000"
"utt22911","0.0000"
"utt22914","0.0000"
"utt23770","0.0000"
"utt23771","0.0000"
"utt25734","0.0000"
"utt301991","0.0000"
"utt30230","0.0000"
"utt22901","0.0000"
"utt22918","0.0000"
"tol3911gp4811","0.0000"
"tol3912nab3001","0.0000"
"tol3913nab4102","0.0000"
"tol3936nab420","0.0000"
"tol3936nab4902","0.0000"
"tol3904gp4101","0.0000"
"tol3904nab4102","-1.0000"
"tol3905gp4811","0.0000"
"tol3906gp4102","0.0000"
"tol3906nab4812","0.0000"
"far217005par","0.0000"
"far217019par","0.0000"
"far217296par","0.0000"
"far217300par","0.0000"
"far217308par","0.0000"
"far217313par","0.0000"
"far217318par","0.0000"
"far217322par","0.0000"
"far217327par","0.0000"
"far217337par","0.0000"
"far217486par","0.0000"
"far217769par","0.0000"
"far218073par","0.0000"
"far218078par","0.0000"
"far218211par","0.0000"
"far218230par","0.0000"
"far218244par","0.0000"
"far218471par","0.0000"
"far218527par","0.0000"
"far218634par","0.0000"
"far218658par","0.0000"
"far218678par","0.0000"
"far218804par","0.0000"
"far218817par","0.0000"
"far218916par","0.0000"
"far219103par","0.0000"
"far219104par","0.0000"
"far219107par","0.0000"
"far219245par","0.0000"
"far219254par","0.0000"
"far219393par","0.0000"
"far219459par","0.0000"
"far219521par","0.0000"
"far233100par","0.0000"
"far233103par","0.0000"
"far233124par","0.0000"
"far233133par","0.0000"
"far233355par","0.0000"
"far233368par","0.0000"
"far233655par","0.0000"
"far233657par","0.0000"
"far233677par","0.0000"
"far233721par","0.0000"
"far233728par","0.0000"
"far233731par","0.0000"
"far233732par","0.0000"
"far233733par","0.0000"
"far233747par","0.0000"
"far233749par","0.0000"
"far233751par","0.0000"
"far233758par","0.0000"
"far233766par","0.0000"
"far233768par","0.0000"
"far233776par","0.0000"
"far233778par","0.0000"
"far233780par","0.0000"
"far233800par","0.0000"
"far233801par","0.0000"
"far233803par","0.0000"
"far233804par","0.0000"
"far233807par","0.0000"
"far233809par","0.0000"
"far233817par","0.0000"
"far233824par","0.0000"
"far233835par","0.0000"
"far233839par","0.0000"
"far233841par","0.0000"
"far233879par","0.0000"
"far233901par","0.0000"
"far239705par","0.0000"
"far239711par","0.0000"
"far239720par","0.0000"
"far239722par","0.0000"
"far239729par","0.0000"
"far245674par","0.0000"
"far245690par","0.0000"
"far245692par","0.0000"
"far245694par","0.0000"
"far245695par","0.0000"
"far245701par","0.0000"
"far245706par","0.0000"
"far245757par","0.0000"
"far249811par","0.0000"
"far249817par","0.0000"
"far249820par","0.0000"
"far249823par","0.0000"
"far249826par","0.0000"
"far249832par","0.0000"
"far249838par","0.0000"
"far249844par","0.0000"
"far249850par","0.0000"
"far249853par","0.0000"
"far249862par","0.0000"
"far249871par","0.0000"
"far249874par","0.0000"
"far249880par","0.0000"
"far249882par","0.0000"
"far249893par","0.0000"
"far249899par","0.0000"
"far250635par","0.0000"
"far251130par","0.0000"
"far251151par","0.0000"
"far251157par","0.0000"
"far251160par","0.0000"
"far251166par","0.0000"
"far251169par","0.0000"
"far251185par","0.0000"
"far251194par","0.0000"
"far251200par","0.0000"
"far251202par","0.0000"
"far251208par","0.0000"
"far251255par","0.0000"
"far251264par","0.0000"
"far251267par","0.0000"
"far251270par","0.0000"
"far251274par","0.0000"
"far251276par","0.0000"
"far251280par","0.0000"
"far251282par","0.0000"
"far251284par","0.0000"
"far251286par","0.0000"
"far251288par","0.0000"
"far251294par","0.0000"
"far251297par","0.0000"
"far251301par","0.0000"
"far251310par","0.0000"
"far251313par","0.0000"
"far251319par","0.0000"
"far251327par","0.0000"
"far251330par","0.0000"
"far251336par","0.0000"
"far252345par","0.0000"
"far252347par","0.0000"
"far252353par","0.0000"
"far252359par","0.0000"
"far252361par","0.0000"
"far252370par","0.0000"
"far252374par","0.0000"
"far252376par","0.0000"
"far252379par","0.0000"
"far252381par","0.0000"
"far252383par","0.0000"
"far252385par","0.0000"
"far252386par","0.0000"
"far252388par","0.0000"
"far252399par","0.0000"
"far252403par","0.0000"
"far252407par","0.0000"
"far252410par","0.0000"
"far252416par","0.0000"
"far252419par","0.0000"
"far252428par","0.0000"
"far252431par","0.0000"
"far252437par","0.0000"
"far252441par","0.0000"
"far252453par","0.0000"
"far252456par","0.0000"
"far252468par","0.0000"
"far252469par","0.0000"
"far252478par","0.0000"
"far252484par","0.0000"
"far252492par","0.0000"
"farw253049","0.0000"
"rambb260mb","0.0000"
"ramb78lthrblk","0.0000"
"rampr260mbst","0.0000"
"rampr260st","0.0000"
"rampr282st","0.0000"
"ramrp48golf","0.0000"
"rambrcb1cap","0.0000"
"rambrcb3cn","0.0000"
"ramdbar72blk","0.0000"
"ramdbar84blk","0.0000"
"ramdbar84cn","0.0000"
"ramdbar84aw","0.0000"
"ramoebrcb","0.0000"
"rambstlblk","0.0000"
"rambstlcap","0.0000"
"rambstlcn","0.0000"
"rambstlet","0.0000"
"ramdcab3blk","0.0000"
"ramdcab3cn","0.0000"
"ramdcab3aw","0.0000"
"ramgchr2blk","0.0000"
"ramgchr2cn","0.0000"
"ramgchr2sl","0.0000"
"ramspecblk","0.0000"
"ramgchr3blk","0.0000"
"ramgchr3cap","0.0000"
"ramgchr3cn","0.0000"
"ramgchr3et","0.0000"
"ramgchr3sl","0.0000"
"ramgchr3aw","0.0000"
"ramfldgtblblk","0.0000"
"ramfldgtblcap","0.0000"
"ramfldgtblet","0.0000"
"ramgtbl48blk","0.0000"
"ramgtbl48cap","0.0000"
"ramgtbl48cn","0.0000"
"ramgtbl48et","0.0000"
"ramgtbl60cn","0.0000"
"ramgtbl84blk","0.0000"
"ramgtbl84cap","0.0000"
"ramgtbl84cn","0.0000"
"ramgtbl84et","0.0000"
"ramgtbl84sl","0.0000"
"ramgtbl84aw","0.0000"
"rambmrcap","0.0000"
"ramfr84blk","0.0000"
"ramodr155","0.0000"
"ramodr211","0.0000"
"ramodr214","0.0000"
"ramodr220","0.0000"
"ramodr267","0.0000"
"ramodr361","0.0000"
"ramodr819","0.0000"
"ramodr903","0.0000"
"ramodr952","0.0000"
"ramr155b","0.0000"
"ramr267","0.0000"
"ramr285","0.0000"
"ramr361","0.0000"
"ramr451","0.0000"
"ramr877","0.0000"
"ramr938","0.0000"
"ramr952","0.0000"
"ramr303","0.0000"
"ramr450","0.0000"
"ramr453","0.0000"
"ramr470","0.0000"
"berlinerpendant","0.0000"
"burstpendant","0.0000"
"continuumlinear","0.0000"
"cortexpendant","0.0000"
"cortexsconce","0.0000"
"cubedsconce","0.0000"
"diaphanesconce","0.0000"
"dramsconce","0.0000"
"embossebath","0.0000"
"embossesconce","0.0000"
"et2latitudebath","0.0000"
"et2phoenixpendant","0.0000"
"pearlchandelier","0.0000"
"pitchpendant","0.0000"
"souffleflush","0.0000"
"ayachandelier","0.0000"
"dragonswatchchandelier","0.0000"
"ivyflush","0.0000"
"junochandelier","0.0000"
"malibuwall","0.0000"
"rochesterwall","0.0000"
"windsorwall","0.0000"
"cavellabath","0.0000"
"cavellachandelier","0.0000"
"cavellalinear","0.0000"
"cavellapendant","0.0000"
"cavellasconce","0.0000"
"cavellatable","0.0000"
"montereybath","0.0000"
"montereychandelier","0.0000"
"montereylinear","0.0000"
"montereysconce","0.0000"
"odysseychandelier","0.0000"
"oxbridgebath","0.0000"
"oxbridgesconce","0.0000"
"toltecmontereypendant","0.0000"
"alonsobath","0.0000"
"alonsochandelier","0.0000"
"alonsopendant","0.0000"
"alonsosconce","0.0000"
"aloralightingabbottsconce","0.0000"
"aloralightinganderschandelier","0.0000"
"aloralightinganderspendant","0.0000"
"aloralightingcadencesconce","0.0000"
"aloralightingclairechandelier","0.0000"
"aloralightingdahliasconce","0.0000"
"aloralightinglancasterlinear","0.0000"
"aloralightinglancasterpendant","0.0000"
"aloralightinglylaflush","0.0000"
"aloralightingpalmettopendant","0.0000"
"aloralightingremyflush","0.0000"
"ameliaoutdoorwalllight","0.0000"
"anderssconce","0.0000"
"bettypendant","0.0000"
"bettysconce","0.0000"
"bettySemiFlush","0.0000"
"brickellchandelier","0.0000"
"brickellpendant","0.0000"
"brickellsconce","0.0000"
"cairochandelier","0.0000"
"cairoflush","0.0000"
"cairooutdoorwalllight","0.0000"
"cairopendant","0.0000"
"cairosconce","0.0000"
"cairoSemiFlush","0.0000"
"celiabath","0.0000"
"celiachandelier","0.0000"
"celiapendant","0.0000"
"celiasconce","0.0000"
"celiaSemiFlush","0.0000"
"clairesconce","0.0000"
"claireSemiFlush","0.0000"
"dahliachandelier","0.0000"
"dahliaSemiFlush","0.0000"
"doralpendant","0.0000"
"edwinchandelier","0.0000"
"edwinlinear","0.0000"
"edwinsconce","0.0000"
"emersonpendant","0.0000"
"emersonsconce","0.0000"
"emersonSemiFlush","0.0000"
"emikofan","0.0000"
"emikoflushfan","0.0000"
"harbourpendant","0.0000"
"harmonypendant","0.0000"
"heraflush","0.0000"
"herapendant","0.0000"
"herasconce","0.0000"
"issabath","0.0000"
"issalamp","0.0000"
"issapendant","0.0000"
"issasconce","0.0000"
"issaSemiFlush","0.0000"
"lancasterflush","0.0000"
"lancasteroutdoorwalllight","0.0000"
"lancastersconce","0.0000"
"lancasterSemiFlush","0.0000"
"lucianlinear","0.0000"
"marcelflush","0.0000"
"marceloutdoorwalllight","0.0000"
"marcelpendant","0.0000"
"marcelsconce","0.0000"
"marcelSemiFlush","0.0000"
"martinechandelier","0.0000"
"mauerpendant","0.0000"
"mauersconce","0.0000"
"mauerSemiFlush","0.0000"
"nadinechandelier","0.0000"
"nadinesconce","0.0000"
"onyxpendant","0.0000"
"osoriochandelier","0.0000"
"osoriosconce","0.0000"
"palmettoSemiFlush","0.0000"
"plumechandelier","0.0000"
"remybath","0.0000"
"remychandelier","0.0000"
"remylamp","0.0000"
"remypendant","0.0000"
"remysconce","0.0000"
"rubiofan","0.0000"
"ruebath","0.0000"
"ruechandelier","0.0000"
"rueflush","0.0000"
"ruesconce","0.0000"
"senochandelier","0.0000"
"senosconce","0.0000"
"tagliatopendant","0.0000"
"tetsuchandelier","0.0000"
"tetsupendant","0.0000"
"tetsusconce","0.0000"
"waldopendant","0.0000"
"waldosconce","0.0000"
"waldoSemiFlush","0.0000"
"willardflush","0.0000"
"willardlinear","0.0000"
"willardpendant","0.0000"
"willardsconce","0.0000"
"wynwoodbath","0.0000"
"wynwoodchandelier","0.0000"
"wynwoodflush","0.0000"
"wynwoodlamp","0.0000"
"wynwoodlinear","0.0000"
"wynwoodpendant","0.0000"
"wynwoodpicture","0.0000"
"wynwoodsconce","0.0000"
"yukarichandelier","0.0000"
"ele1201d20sgrc","0.0000"
"ele1201d26sgrc","0.0000"
"ele1201d32sgrc","0.0000"
"ele1201d44sgrc","0.0000"
"ele1201f20sgrc","0.0000"
"ele1201f32sgrc","0.0000"
"ele1201s22mbrc","0.0000"
"ele1201s22pnrc","0.0000"
"ele1201s22sgrc","0.0000"
"ele1201s34mbrc","0.0000"
"ele1201s34pnrc","0.0000"
"ele1201s34sgrc","0.0000"
"ele1201sr30mbrc","0.0000"
"ele1201sr30pnrc","0.0000"
"ele1201sr30sgrc","0.0000"
"ele1201sr36mbrc","0.0000"
"ele1201sr36pnrc","0.0000"
"ele1201sr36sgrc","0.0000"
"ele1201sr48mbrc","0.0000"
"ele1201sr48pnrc","0.0000"
"ele1201sr48sgrc","0.0000"
"ele1202d40sgrc","0.0000"
"ele1202d50sgrc","0.0000"
"ele1202d60sgrc","0.0000"
"ele1208d12sgrc","0.0000"
"ele1208d16sgrc","0.0000"
"ele1208d20sgrc","0.0000"
"ele1208d26sgrc","0.0000"
"ele1208d31sgrc","0.0000"
"ele1208g43sgrc","0.0000"
"ele1208w8sgrc","0.0000"
"ele2500g44l3bk","0.0000"
"ele2500g44l3c","0.0000"
"ele2500g44l3sg","0.0000"
"ele2500g48l3bk","0.0000"
"ele2500g48l3c","0.0000"
"ele2500g48l3sg","0.0000"
"ele2500g50l3bk","0.0000"
"ele2500g50l3c","0.0000"
"ele2500g50l3sg","0.0000"
"ele2502g46l3bk","0.0000"
"ele2502g46l3c","0.0000"
"ele2502g46l3sg","0.0000"
"ele3803d12sg","0.0000"
"ele3803d24sg","0.0000"
"ele3805d14sg","0.0000"
"ele3805d33sg","0.0000"
"ele3809d24sg","0.0000"
"ele3813d30sg","0.0000"
"ele6200g36l3c","0.0000"
"ele6200g36l3bk","0.0000"
"ele6200g36l3sg","0.0000"
"crystal9550","0.0000"
"crystal9551","0.0000"
"crystal9553","0.0000"
"crystal9555","0.0000"
"crystal9558","0.0000"
"crystal9567","0.0000"
"crystal9570","0.0000"
"crystal9573","0.0000"
"crystal9583","0.0000"
"crystal9600","0.0000"
"qur145259","0.0000"
"qur2065659","0.0000"
"qur381380","0.0000"
"qur4011559","0.0000"
"qur45252480","0.0000"
"qur523459","0.0000"
"qur574360","0.0000"
"qur6005959","0.0000"
"qur6021659","0.0000"
"qur7362269","0.0000"
"qur8235980","0.0000"
"qur874660","0.0000"
"qur9401859","0.0000"
"qur9402380","0.0000"
"adamswall","0.0000"
"bainbridgewall","0.0000"
"bellinghampendant","0.0000"
"bellinghamsemi","0.0000"
"bellinghamwall","0.0000"
"blanchardchandelier","0.0000"
"blanchardsemi","0.0000"
"blanchardwall","0.0000"
"brusselspendant","0.0000"
"carringtonpendant","0.0000"
"cataniabath","0.0000"
"chandlerchandelier","0.0000"
"copenhagensemi","0.0000"
"covingtonwall","0.0000"
"endicottsemi","0.0000"
"estatesemi","0.0000"
"forsythwall","0.0000"
"gaffneypost","0.0000"
"gaffneywall","0.0000"
"gladstonependant","0.0000"
"livexcopenhagenwall","0.0000"
"livexendicottpendant","0.0000"
"livexquincypendant","0.0000"
"monacolinear","0.0000"
"monacosemi","0.0000"
"quincybath","0.0000"
"quincywall","0.0000"
"rotterdampendant","0.0000"
"sentosasemi","0.0000"
"sentosawall","0.0000"
"venturasemi","0.0000"
"waldorfsemi","0.0000"
"warrenvillependant","0.0000"
"whittierbath","0.0000"
"whittierwall","0.0000"
"wingatemedallions","0.0000"
"far253112","0.0000"
"far253139","0.0000"
"far253143","0.0000"
"far253154","0.0000"
"far253159","0.0000"
"alcottchandelier","0.0000"
"crawfordflush","0.0000"
"landonchandelier","0.0000"
"lilliannechandelier","0.0000"
"maddoxbath","0.0000"
"reevachandelier","0.0000"
"liv1781108","0.0000"
"liv4007712","0.0000"
"liv4707008","0.0000"
"liv4887708","0.0000"
"liv4887791","0.0000"
"liv5283368","0.0000"
"liv5645108","0.0000"
"liv5645408","0.0000"
"liv5645508","0.0000"
"far253290","0.0000"
"far253319","0.0000"
"far253323","0.0000"
"far253325","0.0000"
"far253326","0.0000"
"far253336","0.0000"
"far253358","0.0000"
"far253360","0.0000"
"far253362","0.0000"
"zlt651p27rbn","0.0000"
"zlt651p27rmb","0.0000"
"zlt651p27rrb","0.0000"
"zlt651p5lrb","0.0000"
"zlt651p7lrb","0.0000"
"zlt740p27rbn","0.0000"
"zlt740p27rmb","0.0000"
"zlt740p27rrb","0.0000"
"zlt740p5lrb","0.0000"
"zlt740p7lrb","0.0000"
"amherstlinear","0.0000"
"amherstpendant","0.0000"
"grahamflush","0.0000"
"grahampendant","0.0000"
"grahamwallsconces","0.0000"
"siennachandelier","0.0000"
"verachandelier","0.0000"
"zayneflush","0.0000"
"zaynependant","0.0000"
"zaynewallsconces","0.0000"
"far253389","0.0000"
"far253407","0.0000"
"far219709","0.0000"
"far253425","0.0000"
"far253441","0.0000"
"far253520","0.0000"
"far253564","0.0000"
"far253589","0.0000"
"far253590","0.0000"
"far253691","0.0000"
"far253708","0.0000"
"far253715","0.0000"
"far253718","0.0000"
"far253721","0.0000"
"tol3905gp202","0.0000"
"tol3911gp202","0.0000"
"anistenfan","0.0000"
"arwenfan","0.0000"
"astwoodbath","0.0000"
"bardotfan","0.0000"
"beardenchandelier","0.0000"
"brunnerfan","0.0000"
"burtonfan","0.0000"
"capshawpendant","0.0000"
"chevronsconce","0.0000"
"chevronsemi","0.0000"
"cottagehilllinear","0.0000"
"crystalpeakfan","0.0000"
"devonparkbath","0.0000"
"devonparksconce","0.0000"
"donatellafan","0.0000"
"dondrafan","0.0000"
"donelsonsconce","0.0000"
"erlingfan","0.0000"
"gatlinburgfan","0.0000"
"gatzchandelier","0.0000"
"gatzflush","0.0000"
"gatzpendant","0.0000"
"gatzsconce","0.0000"
"gilrockfan","0.0000"
"gravityfan","0.0000"
"hartlandbath","0.0000"
"hartlandsconce","0.0000"
"hepburnchandelier","0.0000"
"hepburnlinear","0.0000"
"hollygrovebath","0.0000"
"karloffpendant","0.0000"
"karloffsconce","0.0000"
"karloffsemi","0.0000"
"kerrisonbath","0.0000"
"kerrisonchandelier","0.0000"
"kerrisonlinear","0.0000"
"kerrisonpendant","0.0000"
"kerrisonsemi","0.0000"
"lenlocksconce","0.0000"
"margofan","0.0000"
"mosleyfan","0.0000"
"rafnerpendant","0.0000"
"reveillefan","0.0000"
"rivermilllinear","0.0000"
"rosnerfan","0.0000"
"shadygrovefan","0.0000"
"skysailfan","0.0000"
"southcrestchandelier","0.0000"
"southcrestlinear","0.0000"
"southcrestsconce","0.0000"
"southcrestsemi","0.0000"
"stationpendant","0.0000"
"sunjailinear","0.0000"
"technefan","0.0000"
"vannuysbath","0.0000"
"woodburnflush","0.0000"
"woodburnsconce","0.0000"
"zoannesconce","0.0000"
"oxy31081515","0.0000"
"oxy311824","0.0000"
"oxy340315","0.0000"
"oxy340340","0.0000"
"oxy340415","0.0000"
"oxy340440","0.0000"
"oxy360240","0.0000"
"oxy367915","0.0000"
"oxy367940","0.0000"
"oxy36796","0.0000"
"oxy368815","0.0000"
"oxy380315","0.0000"
"oxy380340","0.0000"
"oxy380415","0.0000"
"oxy380440","0.0000"
"oxy380515","0.0000"
"oxy380540","0.0000"
"oxy380615","0.0000"
"oxy380715","0.0000"
"oxy380740","0.0000"
"oxy380815","0.0000"
"oxy380840","0.0000"
"oxy380915","0.0000"
"oxy380940","0.0000"
"oxy381015","0.0000"
"oxy381040","0.0000"
"adamspendant","0.0000"
"adamspost","0.0000"
"atlanticpost","0.0000"
"atlanticwall","0.0000"
"benningtonbath","0.0000"
"benningtonflush","0.0000"
"benningtonpendant","0.0000"
"brusselssemi","0.0000"
"brusselswall","0.0000"
"endicottwall","0.0000"
"everettpendant","0.0000"
"everettsemi","0.0000"
"glendonlinear","0.0000"
"glendonpendant","0.0000"
"glendonsemi","0.0000"
"rotterdamsemi","0.0000"
"rotterdamwall","0.0000"
"far253757","0.0000"
"far253768","0.0000"
"far253786","0.0000"
"far253787","0.0000"
"far253788","0.0000"
"far253789","0.0000"
"far253831","0.0000"
"far253841","0.0000"
"far253842","0.0000"
"far253843","0.0000"
"far253844","0.0000"
"far253847","0.0000"
"far253848","0.0000"
"far253849","0.0000"
"far253850","0.0000"
"far253851","0.0000"
"far253852","0.0000"
"far253853","0.0000"
"far253855","0.0000"
"far253856","0.0000"
"far253857","0.0000"
"far253858","0.0000"
"far253859","0.0000"
"far253860","0.0000"
"far253861","0.0000"
"far253862","0.0000"
"kic45971bk","0.0000"
"kic45972bk","0.0000"
"farw253906","0.0000"
"farw253747","0.0000"
"uttw23023","0.0000"
"far253958","0.0000"
"utt23772","0.0000"
"utt22921","0.0000"
"utt60206","0.0000"
"utt60207","0.0000"
"utt302341","0.0000"
"utt23820","0.0000"
"utt18081","0.0000"
"utt22950","0.0000"
"utt60204","0.0000"
"utt18087","0.0000"
"utt22917","0.0000"
"utt22940","0.0000"
"utt302031","0.0000"
"utt302211","0.0000"
"utt30226","0.0000"
"utt30227","0.0000"
"utt30235","0.0000"
"utt302361","0.0000"
"utt30237","0.0000"
"utt18082","0.0000"
"utt18083","0.0000"
"utt18096","0.0000"
"artam335","-1.0000"
"artam340","0.0000"
"artam328","0.0000"
"artam331","0.0000"
"artac8820bk","0.0000"
"artac8821bk","0.0000"
"artac6783bk","0.0000"
"artac6786bk","0.0000"
"artmu1012","0.0000"
"artac6740pn","0.0000"
"artac6741pn","0.0000"
"artac6742pn","0.0000"
"artac6742bb","0.0000"
"artac6746bb","0.0000"
"artac6746pn","0.0000"
"artac6781bk","-1.0000"
"artac6745pn","0.0000"
"crystal9628","0.0000"
"crystal9630","0.0000"
"crystal9633","0.0000"
"crystal9639","0.0000"
"crystal9644","0.0000"
"crystal9646","0.0000"
"crystal9649","0.0000"
"crystal9650","0.0000"
"crystal9652","0.0000"
"crystal9667","0.0000"
"crystal9668","0.0000"
"crystal9670","0.0000"
"crystal9672","0.0000"
"crystal9673","0.0000"
"crystal9674","0.0000"
"crystal9675","0.0000"
"crystal9676","0.0000"
"crystal9677","0.0000"
"crystal9678","0.0000"
"crystal9680","0.0000"
"crystal9687","0.0000"
"crystal9688","0.0000"
"crystal9689","0.0000"
"crystal9690","0.0000"
"crystal9691","0.0000"
"crystal9692","0.0000"
"crystal9698","0.0000"
"crystal9699","0.0000"
"crystal9701","0.0000"
"crystal9704","0.0000"
"crystal9705","0.0000"
"crystal9706","0.0000"
"crystal9720","0.0000"
"crystal9721","0.0000"
"crystal9722","0.0000"
"crystal9727","0.0000"
"crystal9728","0.0000"
"crystal9732","0.0000"
"crystal9733","0.0000"
"crystal9739","0.0000"
"crystal9743","0.0000"
"crystal9750","0.0000"
"hua16dsjtdd","0.0000"
"hua20tjsxc","0.0000"
"hua6sss","0.0000"
"huahq234ss","0.0000"
"huahq246wj","0.0000"
"huahq3028h","0.0000"
"huahq345b","0.0000"
"huahq345h","0.0000"
"huahq35h","0.0000"
"huahq3thxh","0.0000"
"huahq3thxwj","0.0000"
"huahq3yzq","0.0000"
"huahq4tfkbb","0.0000"
"huahq4tfkbh","0.0000"
"huahq4tfkbwj","0.0000"
"huahq4tyb","0.0000"
"huahq4tyh","0.0000"
"huahq4tywj","0.0000"
"huahq4y30","0.0000"
"huahq5028h","0.0000"
"huahq5tsyb","0.0000"
"huahq5tsyh","0.0000"
"huahq6hyb","0.0000"
"huahq6hyh","0.0000"
"huahq6tfkbb","0.0000"
"huahq6tfkbh","0.0000"
"huahqc250h","0.0000"
"huahqd234b","0.0000"
"huahqdqysj","0.0000"
"huahqdyfbb","0.0000"
"huahqdyfbh","0.0000"
"huahqdyfbwj","0.0000"
"huahqmyzd","0.0000"
"huahqsdtj","0.0000"
"huahqsdtjh","0.0000"
"huahqt25b","0.0000"
"huahqt25h","0.0000"
"huahqwjxy4b","0.0000"
"huahqwjxy4h","0.0000"
"huahqy8tpgyyss","0.0000"
"huam8818","0.0000"
"huas38ss","0.0000"
"afxanf1214mbjt","0.0000"
"afxanf1214mblw","0.0000"
"afxanf1524lajudjt","0.0000"
"afxanf1524mbjt","0.0000"
"afxanf3044l5ajudjt","0.0000"
"afxanf3044l5ajudlw","0.0000"
"afxanf3044mbjt","0.0000"
"afxanp1214mbsnjt","0.0000"
"afxanp1214mbsnlw","0.0000"
"afxanp1524mbsnjt","0.0000"
"afxanp3044l5ajudsnjt","0.0000"
"afxanp3044l5ajudsnlw","0.0000"
"afxanp3044mbsnjt","0.0000"
"afxanp3044mbsnlw","0.0000"
"afxapf1214mbesjt","0.0000"
"afxapf1214mbeslw","0.0000"
"afxapf1214mbwgjt","0.0000"
"afxapf1214mbwglw","0.0000"
"afxapf1524lajudwgjt","0.0000"
"afxapf1524lajudwglw","0.0000"
"afxapf1524mbeslw","0.0000"
"afxapf3044l5ajudesjt","0.0000"
"afxapf3044l5ajudeslw","0.0000"
"afxapf3044l5ajudwgjt","0.0000"
"afxapf3044l5ajudwglw","0.0000"
"afxapf3044mbesjt","0.0000"
"afxapf3044mbeslw","0.0000"
"afxapf3044mbwgjt","0.0000"
"afxapf3044mbwglw","0.0000"
"afxapp1214mbesjt","0.0000"
"afxapp1214mbeslw","0.0000"
"afxapp1214mbwgjt","0.0000"
"afxapp1214mbwglw","0.0000"
"afxapp1524mbeslw","0.0000"
"afxapp3044l5ajudesjt","0.0000"
"afxapp3044l5ajudeslw","0.0000"
"afxapp3044l5ajudwgjt","0.0000"
"afxapp3044l5ajudwglw","0.0000"
"afxapp3044mbesjt","0.0000"
"afxapp3044mbeslw","0.0000"
"afxapp3044mbwgjt","0.0000"
"afxapp3044mbwglw","0.0000"
"afxatv240520l30d1snwh","0.0000"
"afxaxlv2404lajudsb","0.0000"
"afxbknp16qb","0.0000"
"afxbmw5212800l30mvtg","0.0000"
"afxbmw5212800l30mvtgpc","0.0000"
"afxcac121200l5ajd1","0.0000"
"afxcac243100lajd1","0.0000"
"afxcadp24l30udsn","0.0000"
"afxcadp48l30udbk","0.0000"
"afxcaf121200l5ajd1","0.0000"
"afxcaf141200l30mv","0.0000"
"afxcaf243100lajd1","0.0000"
"afxces111214lajudpc","0.0000"
"afxchrf4450l30sn","0.0000"
"afxchv290520lajd2sn","0.0000"
"afxcrrf4450l30sn","0.0000"
"afxcsss0416l30d1bk","0.0000"
"afxdaxv2705l30d1bk","0.0000"
"afxdexw060612l30mvbk","0.0000"
"afxecps090909l30d2wh","0.0000"
"afxegrf12lajd1wh","0.0000"
"afxegrp24lajd1bk","0.0000"
"afxegrp24lajd1wh","0.0000"
"afxegrp24lajd2bk","0.0000"
"afxegrp24lajd2wh","0.0000"
"afxgats0610l30d1bk","0.0000"
"afxgatv2406l30d1bk","0.0000"
"afxharw0512l30d1bk","0.0000"
"afxharw0518l30d1bk","0.0000"
"afxhlwv240417l30ensn","0.0000"
"afxhrp06mbsncl","0.0000"
"afxhrp06mbsncllnr3","0.0000"
"afxhrp06mbsnclrnd3","0.0000"
"afxhrp1000l30d1sncl","0.0000"
"afxhrp1000l30d2sncl","0.0000"
"afxhrp1000l40d1sncl","0.0000"
"afxhrp1000l40d2sncl","0.0000"
"afxhvnf13mbbk","0.0000"
"afxhvnf13mbsn","0.0000"
"afxhvnp13mbbk","0.0000"
"afxhvnp13mbsn","0.0000"
"afxidrv2405lajudsb","0.0000"
"afxidrv3605lajudbk","0.0000"
"afxkylw0305lajenbk","0.0000"
"afxlckp09l30d1bklnr3","0.0000"
"afxlckp09l30d1bkrnd3","0.0000"
"afxleop04mbsn","0.0000"
"afxleop04mbsnlnr3","0.0000"
"afxleop04mbsnlnr4","0.0000"
"afxleop04mbsnrnd3","0.0000"
"afxleop04mbsnrnd6","0.0000"
"afxlnap08l30d1bk","0.0000"
"afxlnap99l30d1bklnr4","0.0000"
"afxlnap99l30d1bkrnd6","0.0000"
"afxlnap99l30d1bkrnd9","0.0000"
"afxlrtp07mbbk","0.0000"
"afxlrtp07mbbklnr3","0.0000"
"afxlrtp07mbbkrnd3","0.0000"
"afxlrtp11mbbk","0.0000"
"afxlrtp99mbbkrnd6","0.0000"
"afxmcf1214mbbk","0.0000"
"afxmcf1214mbbksf","0.0000"
"afxmcf1214mbgy","0.0000"
"afxmcf1214mbgysf","0.0000"
"afxmcf1524lajudgysf","0.0000"
"afxmcf1524mbbk","-1.0000"
"afxmcf1524mbbksf","0.0000"
"afxmcf1932mbbk","-5.0000"
"afxmcf1932mbbksf","0.0000"
"afxmcf3044l5ajudbk","0.0000"
"afxmcf3044l5ajudbksf","0.0000"
"afxmcf3044l5ajudgy","0.0000"
"afxmcf3044l5ajudgysf","0.0000"
"afxmcf3044mbbk","0.0000"
"afxmcf3044mbbksf","0.0000"
"afxmcf3044mbgy","0.0000"
"afxmcf3044mbgysf","0.0000"
"afxmcp1214mbbkbk","0.0000"
"afxmcp1214mbsnbk","0.0000"
"afxmcp1214mbsngy","0.0000"
"afxmcp1524mbbkbk","0.0000"
"afxmcp1524mbsnbk","0.0000"
"afxmcp1932mbbkbk","0.0000"
"afxmcp1932mbsnbk","0.0000"
"afxmcp3044l5ajudbkbk","0.0000"
"afxmcp3044l5ajudsnbk","0.0000"
"afxmcp3044l5ajudsngy","0.0000"
"afxmcp3044mbbkbk","0.0000"
"afxmcp3044mbsnbk","0.0000"
"afxmcp3044mbsngy","0.0000"
"afxmetp27l30d1bk","0.0000"
"afxmetv3008l30d1bk","0.0000"
"afxmggf16l30d1sn","0.0000"
"afxmns131810lajd1rb","0.0000"
"afxnvs5131200l30d1sn","0.0000"
"afxoscf14lajd1sn","0.0000"
"afxplzs11mbbn","0.0000"
"afxprls0409l30d1bk","0.0000"
"afxprls0409l30d1sb","0.0000"
"afxprls0418l30d1bk","0.0000"
"afxprls0418l30d1sb","0.0000"
"afxsadw0512l30d1bk","0.0000"
"afxsadw0518l30d1bk","0.0000"
"afxsaf1614mbjt","0.0000"
"afxsaf1614mblw","0.0000"
"afxsaf1824lajudjt","0.0000"
"afxsaf1824lajudlw","0.0000"
"afxsaf1824mblw","0.0000"
"afxsaf3244l5ajudjt","0.0000"
"afxsaf3244l5ajudlw","0.0000"
"afxsaf3244mbjt","0.0000"
"afxsaf3244mblw","0.0000"
"afxsap1614mbsnjt","0.0000"
"afxsap1614mbsnlw","0.0000"
"afxsap1824mbsnlw","0.0000"
"afxsap3244l5ajudsnjt","0.0000"
"afxsap3244l5ajudsnlw","0.0000"
"afxsap3244mbsnjt","0.0000"
"afxsap3244mbsnlw","0.0000"
"afxt5l209rwh","0.0000"
"afxtwtp48l30d1bk","0.0000"
"afxvip05mbsncllnr3","0.0000"
"afxvip05mbsnclrnd3","0.0000"
"afxvip05mbsnwhlnr3","0.0000"
"afxvip05mbsnwhrnd3","0.0000"
"hin905852fhblddk","0.0000"
"vcsaec1104mbkbbs","0.0000"
"vcsaep1061bbs","0.0000"
"vcsaet1051bbs1","0.0000"
"vcsaet1131bcl1","0.0000"
"vcsaet1131nwh1","0.0000"
"vcsaew1032mbk","0.0000"
"vcsaew1032mwt","0.0000"
"vcsaew1041mwtbbs","0.0000"
"vcsaew1051mbkbbs","0.0000"
"vcsaf1173adb","0.0000"
"vcsaf1173txw","0.0000"
"vcsap1193adb","0.0000"
"vcsap1241adb","0.0000"
"vcsap1241sms","0.0000"
"vcsap1253adb","0.0000"
"vcsaw1142pn","0.0000"
"vcsaw1152pn","0.0000"
"vcsbt1061bac1","0.0000"
"vcsbt1061ol1","0.0000"
"vcsbt1071bac1","0.0000"
"vcsbt1071shg1","0.0000"
"vcscc1378ai","0.0000"
"vcscc13810ai","0.0000"
"vcscc16512bbs","0.0000"
"vcscc16612bbs","0.0000"
"vcscf1052ai","0.0000"
"vcscf1102adb","0.0000"
"vcscf1113ai","0.0000"
"vcscf1113bbs","0.0000"
"vcscf1122bbs","0.0000"
"vcsco1434txb","0.0000"
"vcsco1451txb","0.0000"
"vcsco1491txb","0.0000"
"vcscp1161ai","0.0000"
"vcscp1171ai","0.0000"
"vcscp1411bbsmwt","0.0000"
"vcscv1021ai","0.0000"
"vcscv1022ai","0.0000"
"vcscv1023ai","0.0000"
"vcscv1024ai","0.0000"
"vcscv1031pn","0.0000"
"vcscv1032bbs","0.0000"
"vcscv1052ai","0.0000"
"vcscv1052bbs","0.0000"
"vcscv1052pn","0.0000"
"vcscv1053ai","0.0000"
"vcscv1053bbs","0.0000"
"vcscv1053pn","0.0000"
"vcscv1054ai","0.0000"
"vcscv1054bbs","0.0000"
"vcscv1054pn","0.0000"
"vcsdjc1104mbk","0.0000"
"vcsdjc1114mbk","0.0000"
"vcsdjc1126sb","0.0000"
"vcsdjf1002sb","0.0000"
"vcsdjf1011mbk","0.0000"
"vcsdjf1011mwt","0.0000"
"vcsdjf1011nvy","0.0000"
"vcsdjp1011sb","0.0000"
"vcsdjp1052sb","0.0000"
"vcsdjp1063sb","0.0000"
"vcsdjp1074sb","0.0000"
"vcsdjp1091sb","0.0000"
"vcsdjp1101bs","0.0000"
"vcsdjp1101mbk","0.0000"
"vcsdjp1101sb","0.0000"
"vcsdjt1011sb1","0.0000"
"vcsdjt1081sb1","0.0000"
"vcsdjv1002ch","0.0000"
"vcsdjv1002mbk","0.0000"
"vcsdjv1002sb","0.0000"
"vcsdjv1003ch","0.0000"
"vcsdjv1003mbk","0.0000"
"vcsdjv1003sb","0.0000"
"vcsdjv1012bs","0.0000"
"vcsdjv1012mbk","0.0000"
"vcsdjv1012sb","0.0000"
"vcsdjv1032ch","0.0000"
"vcsdjv1034bs","0.0000"
"vcsdjw1051sb","0.0000"
"vcsep1221mbkbbs","0.0000"
"vcsep1341ai","0.0000"
"vcset1461ai2","0.0000"
"vcset1481ai1","0.0000"
"vcset1501ai1","0.0000"
"vcsev1011ai","0.0000"
"vcsev1012ai","0.0000"
"vcsew1161ai","0.0000"
"vcsew1161bbs","0.0000"
"vcskc1091mbk","0.0000"
"vcsksf1051bbsblh","0.0000"
"vcsksf1091bbs","0.0000"
"vcsksp1101bbs","0.0000"
"vcskst1141bbs1","0.0000"
"vcsksw1081bbsgbk","0.0000"
"vcsksw1111bbs","0.0000"
"vcskw1141mwtbbsl1","0.0000"
"vcskwl1081mbk","0.0000"
"vcskwl1091bbs","0.0000"
"vcskwl1101bbs","0.0000"
"vcskwl1101mbk","0.0000"
"vcskwl1111mbk","0.0000"
"vcslo1001txb","0.0000"
"vcslo1011txb","0.0000"
"vcslv1002ai","0.0000"
"vcslxt1001cpst1","0.0000"
"vcslxw1011cpst","0.0000"
"vcslxw1021cpst","0.0000"
"vcslxw1031bbs","0.0000"
"vcslxw1041cpst","0.0000"
"vcslxw1052cpst","0.0000"
"vcsol13200txb","0.0000"
"vcsol13202txb","0.0000"
"vcsol13209txb","0.0000"
"vcsol14400txb","0.0000"
"vcsol14401txb","0.0000"
"vcsol14405txb","0.0000"
"vcsol14409txb","0.0000"
"vcstc11712adb","0.0000"
"vcstc1186adb","0.0000"
"vcstfw1021ai","0.0000"
"vcstfw1021cgd","0.0000"
"vcstfw1021mwt","0.0000"
"vcstp1101bbs","0.0000"
"vcstp1201ai","0.0000"
"vcstw1042ai","0.0000"
"vcstw1132pn","0.0000"
"prop540103031","0.0000"
"prop560296031","0.0000"
"prop40034031m","0.0000"
"sea771650205","0.0000"
"sea7569093s848","0.0000"
"sea7505401115","0.0000"
"sea7605401115","0.0000"
"sea7605401145","0.0000"
"sea7705401112","0.0000"
"sea7532003112","0.0000"
"sea7532003848","0.0000"
"sea7532003962","0.0000"
"sea3100506848","0.0000"
"sea3164205112","0.0000"
"sea3167105848","0.0000"
"sea3167109112","0.0000"
"sea3167109962","0.0000"
"sea3190305848","0.0000"
"sea622670112","0.0000"
"sea852670112","0.0000"
"sea862670112","0.0000"
"sea872670112","0.0000"
"sea882670112","0.0000"
"sea8563393s12","0.0000"
"sea8663393s12","0.0000"
"sea8557793s12","0.0000"
"sea8657793s12","0.0000"
"sea853110171","0.0000"
"sea863110112","0.0000"
"sea863110171","0.0000"
"sea873110112","0.0000"
"sea883110112","0.0000"
"sea6507401112","0.0000"
"sea6507401848","0.0000"
"sea6544701112","0.0000"
"sea6544701962","0.0000"
"sea6155701848","0.0000"
"sea6545301127","0.0000"
"sea6645301112","0.0000"
"sea6590301112","0.0000"
"sea4168101848","0.0000"
"sea4468102848","0.0000"
"sea4468104112","0.0000"
"sea416160105","0.0000"
"sea4154301962","0.0000"
"sea445430205","0.0000"
"sea4454302112","0.0000"
"sea4554302112","0.0000"
"sea4554302848","0.0000"
"sea4654303848","0.0000"
"sea4109301962","0.0000"
"sea446500205","0.0000"
"sea4465002962","0.0000"
"sea4565002112","0.0000"
"sea4565002848","0.0000"
"sea4665002112","0.0000"
"sea4665002848","0.0000"
"sea4404093s05","0.0000"
"sea4504093s05","0.0000"
"sea4504093s848","0.0000"
"sea4604093s05","0.0000"
"sea4604093s848","0.0000"
"sea4604093s962","0.0000"
"sea4157101848","0.0000"
"sea4457102962","0.0000"
"sea4459293s112","0.0000"
"sea4459293s962","0.0000"
"sea4559293s112","0.0000"
"sea4559293s848","0.0000"
"sea4559293s962","0.0000"
"sea4659293s112","0.0000"
"sea4659293s848","0.0000"
"sea4190301112","0.0000"
"prop300431191","0.0000"
"prop30043231m","0.0000"
"prop30040531mcs","0.0000"
"prop30040631mcs","0.0000"
"prop30041131mcs","0.0000"
"prop40031531m","0.0000"
"prop350238015","0.0000"
"prop35025331m","0.0000"
"prop35025431m","0.0000"
"prop81002903130","0.0000"
"prop560286031","0.0000"
"prop560287031","0.0000"
"prop560004169","0.0000"
"prop560005169","0.0000"
"prop500404009","0.0000"
"prop50040331m","0.0000"
"prop710116163","0.0000"
"prop71011631m","0.0000"
"max39561swbknab","0.0000"
"max39562swbknab","0.0000"
"max39563swbknab","0.0000"
"max39564swbknab","0.0000"
"max39561swpc","0.0000"
"max39562swpc","0.0000"
"max39563swpc","0.0000"
"max39564swpc","0.0000"
"max59000clftbk","0.0000"
"max59004clftpc","0.0000"
"max59000clftsn","0.0000"
"max59000clftpc","0.0000"
"max59002clftbk","0.0000"
"max59002clftsn","0.0000"
"max59002clftpc","0.0000"
"max59004clftbk","0.0000"
"max59004clftsn","0.0000"
"max12332wtpc","0.0000"
"max12332wtbksbr","0.0000"
"max12333wtpc","0.0000"
"max12333wtbksbr","0.0000"
"max12334wtpc","0.0000"
"max12334wtbksbr","0.0000"
"max32652swbkab","0.0000"
"max52500wtpc","0.0000"
"max52500wtbk","0.0000"
"max52500wtsn","0.0000"
"max52500wtnab","0.0000"
"max52502wtbk","0.0000"
"max52502wtsn","0.0000"
"max52502wtnab","0.0000"
"max52502wtpc","0.0000"
"max52504wtbk","0.0000"
"max52504wtsn","0.0000"
"max52504wtnab","0.0000"
"max52504wtpc","0.0000"
"max88803bk","0.0000"
"max88803mw","0.0000"
"max88803sn","0.0000"
"max38407clpn","0.0000"
"max38408clhr","0.0000"
"max38407clhr","-1.0000"
"max38408clpn","0.0000"
"max12329tcar","0.0000"
"max21866bcgs","0.0000"
"max21869bcgs","0.0000"
"max21866bcbk","0.0000"
"max21869bcbk","0.0000"
"max61022wtbknab","0.0000"
"max61016bzgt","0.0000"
"max59762clftbk","0.0000"
"max59762clftsn","-2.0000"
"max59764clftbk","0.0000"
"max59764clftsn","0.0000"
"max30560clbk","0.0000"
"max18202wadbz","0.0000"
"max86213bk","0.0000"
"max86212bk","0.0000"
"max86212wt","0.0000"
"max88826wtnab","0.0000"
"max88808mw","0.0000"
"max89906ftbkwn","0.0000"
"max89906ftsnbk","0.0000"
"max35139bk","0.0000"
"max30621cdbkab","0.0000"
"max30623cdbkab","0.0000"
"max35131wtbk","0.0000"
"max35019eb","0.0000"
"max35019wz","0.0000"
"max35019bk","0.0000"
"max30569clbk","0.0000"
"max30629cdbkab","0.0000"
"max35010bk","0.0000"
"max35010ebbk","0.0000"
"max35010wzbk","0.0000"
"max30568clbk","0.0000"
"max51117bk","0.0000"
"max51117bkphc","0.0000"
"max86172bk","0.0000"
"max86172abz","0.0000"
"max86174bk","0.0000"
"max86174abz","0.0000"
"max86176bk","0.0000"
"max86176abz","0.0000"
"max30620cdbkab","0.0000"
"max30622cdbkab","0.0000"
"max30624cdbkab","0.0000"
"max30055clbkgld","0.0000"
"max30055clwtgld","0.0000"
"max35134wtbk","0.0000"
"max35136wtbk","0.0000"
"max35132wtbk","0.0000"
"max35018eb","0.0000"
"max35018wz","0.0000"
"max35018bk","0.0000"
"max30562clbk","0.0000"
"max30564clbk","0.0000"
"max30566clbk","0.0000"
"max14471nabk","0.0000"
"max12804cznab","0.0000"
"max14461brnab","0.0000"
"max14482gcnab","0.0000"
"max14411nabk","0.0000"
"max12331wtpc","0.0000"
"max12331wtbksbr","0.0000"
"max14480gcnab","0.0000"
"hin52292bx","0.0000"
"hin52292hb","0.0000"
"hin52293bx","0.0000"
"hin52293hb","0.0000"
"hin52962lcbll","0.0000"
"hin57863lcb","0.0000"
"hin38465bk","0.0000"
"hin38465txp","0.0000"
"hin40386blk","0.0000"
"hin40386blkcml","0.0000"
"hin40388blk","0.0000"
"hin40388blkcml","0.0000"
"hin43224bk","0.0000"
"hin43224bng","0.0000"
"hin43224txp","0.0000"
"frefr33326bx","0.0000"
"frefr33326hb","0.0000"
"frefr33328bx","0.0000"
"frefr33328hb","0.0000"
"frefr41905lcb","0.0000"
"frefr41908lcb","0.0000"
"frefr47751bng","0.0000"
"frefr47754bng","0.0000"
"frefr47758bng","0.0000"
"hin57861lcb","0.0000"
"frefr41906lcb","0.0000"
"frefr47756bng","0.0000"
"hin38464bk","0.0000"
"hin38464txp","0.0000"
"frefr47757bng","0.0000"
"hin30010bng","0.0000"
"hin30010txp","0.0000"
"hin52960lcbll","0.0000"
"hin57860lcb","0.0000"
"frefr41900lcb","0.0000"
"mfcaktbmwh42","0.0000"
"mfcaktbmwh56","0.0000"
"mfcaktbmwh72","0.0000"
"mfcaktbbk42","0.0000"
"mfcaktbbk56","0.0000"
"mfcaktbbk72","0.0000"
"mfcaktbbn42","0.0000"
"mfcaktbbn56","0.0000"
"mfcaktbbn72","0.0000"
"mfcaktbwn42","0.0000"
"mfcaktbwn56","0.0000"
"mfcaktbwn72","0.0000"
"mfcaktbga42","0.0000"
"mfcaktbga56","0.0000"
"mfcaktbga72","0.0000"
"mfcaktbbw42","0.0000"
"mfcaktbbw56","0.0000"
"mfcaktbbw72","0.0000"
"mfcakbnmwh42","0.0000"
"mfcakbnmwh56","0.0000"
"mfcakbnmwh72","0.0000"
"mfcakbnbk42","0.0000"
"mfcakbnbk56","0.0000"
"mfcakbnbk72","0.0000"
"mfcakbnbn42","0.0000"
"mfcakbnbn56","0.0000"
"mfcakbnbn72","0.0000"
"mfcakbnwn42","0.0000"
"mfcakbnwn56","0.0000"
"mfcakbnwn72","0.0000"
"mfcakbnga42","0.0000"
"mfcakbnga56","0.0000"
"mfcakbnga72","0.0000"
"mfcakbnbw42","0.0000"
"mfcakbnbw56","0.0000"
"mfcakbnbw72","0.0000"
"mfcakbkbn42","0.0000"
"mfcakbkbn56","0.0000"
"mfcakbkbn72","0.0000"
"mfcakbkmwh42","0.0000"
"mfcakbkmwh56","0.0000"
"mfcakbkmwh72","0.0000"
"mfcakbkbk42","0.0000"
"mfcakbkbk56","0.0000"
"mfcakbkbk72","-1.0000"
"mfcakbkwn42","0.0000"
"mfcakbkwn56","0.0000"
"mfcakbkwn72","0.0000"
"mfcakbkga42","0.0000"
"mfcakbkga56","0.0000"
"mfcakbkga72","0.0000"
"mfcakbkbw42","0.0000"
"mfcakbkbw56","0.0000"
"mfcakbkbw72","0.0000"
"mfcakmwhmwh42","0.0000"
"mfcakmwhmwh56","0.0000"
"mfcakmwhmwh72","0.0000"
"mfcakmwhbk42","0.0000"
"mfcakmwhbk56","0.0000"
"mfcakmwhbk72","0.0000"
"mfcakmwhbn42","0.0000"
"mfcakmwhbn56","0.0000"
"mfcakmwhbn72","0.0000"
"mfcakmwhwn42","0.0000"
"mfcakmwhwn56","0.0000"
"mfcakmwhwn72","0.0000"
"mfcakmwhga42","0.0000"
"mfcakmwhga56","0.0000"
"mfcakmwhga72","0.0000"
"mfcakmwhbw42","0.0000"
"mfcakmwhbw56","0.0000"
"mfcakmwhbw72","0.0000"
"mfcakbrbrmwh42","0.0000"
"mfcakbrbrmwh56","0.0000"
"mfcakbrbrmwh72","0.0000"
"mfcakbrbrbk42","0.0000"
"mfcakbrbrbk56","0.0000"
"mfcakbrbrbk72","0.0000"
"mfcakbrbrbn42","0.0000"
"mfcakbrbrbn56","0.0000"
"mfcakbrbrbn72","0.0000"
"mfcakbrbrwn42","0.0000"
"mfcakbrbrwn56","0.0000"
"mfcakbrbrwn72","0.0000"
"mfcakbrbrga42","0.0000"
"mfcakbrbrga56","0.0000"
"mfcakbrbrga72","0.0000"
"mfcakbrbrbw42","0.0000"
"mfcakbrbrbw56","0.0000"
"mfcakbrbrbw72","0.0000"
"mfcaklktbmwh42","0.0000"
"mfcaklktbmwh56","0.0000"
"mfcaklktbmwh72","0.0000"
"mfcaklktbbk42","0.0000"
"mfcaklktbbk56","0.0000"
"mfcaklktbbk72","0.0000"
"mfcaklktbbn42","0.0000"
"mfcaklktbbn56","0.0000"
"mfcaklktbbn72","0.0000"
"mfcaklktbwn42","0.0000"
"mfcaklktbwn56","0.0000"
"mfcaklktbwn72","0.0000"
"mfcaklktbga42","0.0000"
"mfcaklktbga56","0.0000"
"mfcaklktbga72","0.0000"
"mfcaklktbbw42","0.0000"
"mfcaklktbbw56","0.0000"
"mfcaklktbbw72","0.0000"
"mfcaklkbnmwh42","0.0000"
"mfcaklkbnmwh56","0.0000"
"mfcaklkbnmwh72","0.0000"
"mfcaklkbnbk42","0.0000"
"mfcaklkbnbk56","0.0000"
"mfcaklkbnbk72","0.0000"
"mfcaklkbnbn42","0.0000"
"mfcaklkbnbn56","0.0000"
"mfcaklkbnbn72","0.0000"
"mfcaklkbnwn42","0.0000"
"mfcaklkbnwn56","0.0000"
"mfcaklkbnwn72","-5.0000"
"mfcaklkbnga42","0.0000"
"mfcaklkbnga56","0.0000"
"mfcaklkbnga72","0.0000"
"mfcaklkbnbw42","0.0000"
"mfcaklkbnbw56","0.0000"
"mfcaklkbnbw72","0.0000"
"mfcaklkbkbn42","0.0000"
"mfcaklkbkbn56","0.0000"
"mfcaklkbkbn72","0.0000"
"mfcaklkbkmwh42","0.0000"
"mfcaklkbkmwh56","0.0000"
"mfcaklkbkmwh72","0.0000"
"mfcaklkbkbk42","0.0000"
"mfcaklkbkbk56","0.0000"
"mfcaklkbkbk72","0.0000"
"mfcaklkbkwn42","0.0000"
"mfcaklkbkwn56","0.0000"
"mfcaklkbkwn72","0.0000"
"mfcaklkbkga42","0.0000"
"mfcaklkbkga56","0.0000"
"mfcaklkbkga72","0.0000"
"mfcaklkbkbw42","0.0000"
"mfcaklkbkbw56","0.0000"
"mfcaklkbkbw72","0.0000"
"mfcaklkmwhmwh42","0.0000"
"mfcaklkmwhmwh56","0.0000"
"mfcaklkmwhmwh72","0.0000"
"mfcaklkmwhbk42","0.0000"
"mfcaklkmwhbk56","0.0000"
"mfcaklkmwhbk72","0.0000"
"mfcaklkmwhbn42","0.0000"
"mfcaklkmwhbn56","0.0000"
"mfcaklkmwhbn72","0.0000"
"mfcaklkmwhwn42","0.0000"
"mfcaklkmwhwn56","0.0000"
"mfcaklkmwhwn72","0.0000"
"mfcaklkmwhga42","0.0000"
"mfcaklkmwhga56","0.0000"
"mfcaklkmwhga72","0.0000"
"mfcaklkmwhbw42","0.0000"
"mfcaklkmwhbw56","0.0000"
"mfcaklkmwhbw72","0.0000"
"mfcaklkbrbrmwh42","0.0000"
"mfcaklkbrbrmwh56","0.0000"
"mfcaklkbrbrmwh72","0.0000"
"mfcaklkbrbrbk42","0.0000"
"mfcaklkbrbrbk56","0.0000"
"mfcaklkbrbrbk72","0.0000"
"mfcaklkbrbrbn42","0.0000"
"mfcaklkbrbrbn56","0.0000"
"mfcaklkbrbrbn72","0.0000"
"mfcaklkbrbrwn42","0.0000"
"mfcaklkbrbrwn56","0.0000"
"mfcaklkbrbrwn72","0.0000"
"mfcaklkbrbrga42","0.0000"
"mfcaklkbrbrga56","0.0000"
"mfcaklkbrbrga72","0.0000"
"mfcaklkbrbrbw42","0.0000"
"mfcaklkbrbrbw56","0.0000"
"mfcaklkbrbrbw72","0.0000"
"mfcb2kcrmtl","0.0000"
"mfcir3hlkbpbw52","0.0000"
"mfcir3hlkbpwa52","0.0000"
"mfcir3hlklmbw52","0.0000"
"mfcir3hlklmwa52","0.0000"
"mfcir5hlmwa60","0.0000"
"mfcir5hbblm42","0.0000"
"mfcir5hbblm52","0.0000"
"mfcir5hbblm60","0.0000"
"mfcir5hbplm42","0.0000"
"mfcir5hbplm52","0.0000"
"mfcir5hbplm60","0.0000"
"mfcir5hbklm42","0.0000"
"mfcir5hbklm52","0.0000"
"mfcir5hbklm60","0.0000"
"mfcir5hbnlm42","0.0000"
"mfcir5hbnlm52","0.0000"
"mfcir5hbnlm60","0.0000"
"mfcir5hbrbrlm42","0.0000"
"mfcir5hbrbrlm52","0.0000"
"mfcir5hbrbrlm60","0.0000"
"mfcir5hcrlm42","0.0000"
"mfcir5hcrlm52","0.0000"
"mfcir5hcrlm60","0.0000"
"mfcir5htblm42","0.0000"
"mfcir5htblm52","0.0000"
"mfcir5htblm60","0.0000"
"mfcir5hwhlm42","0.0000"
"mfcir5hwhlm52","0.0000"
"mfcir5hwhlm60","0.0000"
"mfcir5hwnlm42","0.0000"
"mfcir5hwnlm52","0.0000"
"mfcir5hwnlm60","0.0000"
"mfcir5hbwlm42","0.0000"
"mfcir5hbwlm52","0.0000"
"mfcir5hbwlm60","0.0000"
"mfcir5hbbga42","0.0000"
"mfcir5hbbga52","0.0000"
"mfcir5hbbga60","0.0000"
"mfcir5hbpga42","0.0000"
"mfcir5hbpga52","0.0000"
"mfcir5hbpga60","0.0000"
"mfcir5hbkga42","0.0000"
"mfcir5hbkga52","0.0000"
"mfcir5hbkga60","0.0000"
"mfcir5hbnga42","0.0000"
"mfcir5hbnga52","0.0000"
"mfcir5hbnga60","0.0000"
"mfcir5hbrbrga42","0.0000"
"mfcir5hbrbrga52","0.0000"
"mfcir5hbrbrga60","0.0000"
"mfcir5hcrga42","0.0000"
"mfcir5hcrga52","0.0000"
"mfcir5hcrga60","0.0000"
"mfcir5htbga42","0.0000"
"mfcir5htbga52","0.0000"
"mfcir5htbga60","0.0000"
"mfcir5hwhga42","0.0000"
"mfcir5hwhga52","0.0000"
"mfcir5hwhga60","0.0000"
"mfcir5hwnga42","0.0000"
"mfcir5hwnga52","0.0000"
"mfcir5hwnga60","0.0000"
"mfcir5hbwga42","0.0000"
"mfcir5hbwga52","0.0000"
"mfcir5hbwga60","0.0000"
"mfcir5hlkbpbw60","0.0000"
"mfcir5hlkbpmwh60","0.0000"
"mfcir5hlkbpwa42","0.0000"
"mfcir5hlkbpwa52","0.0000"
"mfcir5hlkbpwa60","0.0000"
"mfcir5hlklmbw60","0.0000"
"mfcir5hlklmmwh60","0.0000"
"mfcir5hlklmwa42","0.0000"
"mfcir5hlklmwa52","0.0000"
"mfcir5hlklmwa60","0.0000"
"et2e23482144bk","0.0000"
"et2e23482144pc","0.0000"
"et2e23482144nab","0.0000"
"et2e23484144bk","0.0000"
"et2e23484144pc","0.0000"
"et2e23484144nab","0.0000"
"et2e2344210nab","0.0000"
"et2e2344210bk","0.0000"
"et2e2344310bk","0.0000"
"et2e24185148gld","0.0000"
"et2e24188148gld","0.0000"
"et2e2138918bk","0.0000"
"et2e5102110wt","0.0000"
"et2e5102210wt","0.0000"
"et2e51032wtgld","0.0000"
"et2e51034wtgld","0.0000"
"et2e24779133bk","0.0000"
"et2e2138018bk","0.0000"
"et2e51042wt","0.0000"
"et2e51044wt","0.0000"
"et2e36104bk","0.0000"
"et2e36106bk","0.0000"
"et2e24775133bk","0.0000"
"et2e24882133bgm","0.0000"
"et2e24882133fg","0.0000"
"et2e24883133bgm","0.0000"
"et2e24883133fg","0.0000"
"et2e24714144gld","0.0000"
"et2e30230122bk","0.0000"
"et2e30230122nab","0.0000"
"et2e30232122bk","0.0000"
"et2e30232122nab","0.0000"
"et2e30234122bk","0.0000"
"et2e30234122nab","0.0000"
"et2e23212nab","0.0000"
"et2e23214nab","0.0000"
"et2e23215bk","0.0000"
"et2e23215nab","0.0000"
"et2e23215wt","0.0000"
"et2e30151bkgld","0.0000"
"et2e30151sawt","0.0000"
"et2e30152bkgld","0.0000"
"et2e30152sawt","0.0000"
"et2e30156bkgld","0.0000"
"et2e30156sawt","0.0000"
"et2e30214bk","0.0000"
"et2e30214abz","0.0000"
"et2e30218bk","0.0000"
"et2e30218abz","0.0000"
"et2e34752bkgld","0.0000"
"et2e34754bkgld","0.0000"
"et2e34756bkgld","0.0000"
"et2e26142142bk","0.0000"
"et2e26144142bk","0.0000"
"et2e26146142bk","0.0000"
"et2e20254142bk","0.0000"
"et2e20255142bk","0.0000"
"et2e20256142bk","0.0000"
"et2e24864bk","0.0000"
"et2e11061144pc","0.0000"
"et2e11062144pc","0.0000"
"et2e11063144pc","0.0000"
"et2e2408890nab","0.0000"
"et2e2408990nab","0.0000"
"et2e3460454gybk","0.0000"
"et2e3460654bkgld","0.0000"
"et2e3460454bkgld","0.0000"
"et2e3460654gybk","0.0000"
"et2e3460454wtgld","0.0000"
"et2e3460654wtgld","0.0000"
"et2e2468126fg","0.0000"
"et2e2468128pc","0.0000"
"et2e11395bkgld","0.0000"
"et2e11395brkbk","0.0000"
"et2e11395gybk","0.0000"
"et2e34506ab","0.0000"
"et2e34506bk","0.0000"
"et2e34508bk","0.0000"
"et2e2469175pc","0.0000"
"et2e24881133pc","0.0000"
"et2e24881133bgm","0.0000"
"et2e24881133fg","0.0000"
"et2e25052chk","0.0000"
"et2e25052gy","0.0000"
"et2e25052trc","0.0000"
"et2e25088148bk","0.0000"
"et2e2468326fg","0.0000"
"et2e2468328pc","0.0000"
"et2e2468926fg","0.0000"
"et2e2468928pc","0.0000"
"et2e2469375pc","0.0000"
"et2e2469575pc","0.0000"
"et2e2138418bk","0.0000"
"et2e2138218bk","0.0000"
"et2e3460254bkgld","0.0000"
"et2e3460254wtgld","0.0000"
"et2e3460254gybk","0.0000"
"et2etl29222wt","0.0000"
"et2etl25212bk","0.0000"
"et2etl26212bk","0.0000"
"et2etl26212wt","0.0000"
"et2etl26216bk","0.0000"
"et2etl26216wt","0.0000"
"et2etl26218bk","0.0000"
"et2etl26218wt","0.0000"
"et2etl24212bk","0.0000"
"et2etl24212wt","0.0000"
"et2etl24216bk","0.0000"
"et2etl24216wt","0.0000"
"et2etl28212bk","0.0000"
"et2etl28212wt","0.0000"
"et2etl28216bk","0.0000"
"et2etl28216wt","0.0000"
"et2etl29212bk","0.0000"
"et2etl29212wt","0.0000"
"et2etl29222bk","0.0000"
"et2etl25212wt","0.0000"
"et2etl25216bk","0.0000"
"et2etl25216wt","0.0000"
"et2etl23212bk","0.0000"
"et2etl23212wt","0.0000"
"et2etl23216bk","0.0000"
"et2etl23216wt","0.0000"
"et2etl21210bk","0.0000"
"et2etl21210wtbk","0.0000"
"et2etl21211bk","0.0000"
"et2etl21212bk","0.0000"
"et2etl21214bk","0.0000"
"et2etl21214114bk","0.0000"
"et2etl21216bkgld","0.0000"
"et2etl21216bk","0.0000"
"et2etl29224bk","0.0000"
"et2etl29223bk","0.0000"
"et2etl21232bk","0.0000"
"et2etl21232wt","0.0000"
"et2e11060144pc","0.0000"
"et2e23480144bk","0.0000"
"et2e23480144pc","0.0000"
"et2e23480144nab","0.0000"
"et2e24711144gld","0.0000"
"et2e24182148gld","0.0000"
"vcsco1444ncp","0.0000"
"testingpravin2","0.0000"
"testingpravin3-cas5914-1","0.0000"
